hour,day_of_week,month,is_weekend,is_holiday,has_event,location_type,location,weather,temperature,humidity,crowd_score,crowd_level
3,1,10,0,0,0,tourist_spot,Istanbul,clouds,4.0998070468603,75.55008085007569,5.09,low
2,3,7,0,1,0,beach,Paris,clouds,24.080749161999215,62.09337972039597,34.59,low
22,5,10,1,0,0,beach,London,rain,0.2599503871224407,80.4364438874606,28.58,low
13,5,12,1,0,0,transport_hub,Rome,rain,15.197092025493495,46.92345353634713,75.18,high
19,0,12,0,0,0,park,Paris,fog,36.89181488112639,25.910014855884363,17.03,low
20,4,10,0,0,1,transport_hub,Sydney,clear,11.575518544084286,25.984398269272063,47.08,medium
3,5,8,1,0,0,beach,Rome,rain,14.21082800910086,70.263138078327,36.57,medium
21,2,12,0,0,0,museum,Sydney,fog,6.536099750477136,48.459158131823585,25.94,low
22,2,10,0,0,0,restaurant,Amsterdam,clear,1.2840097561615105,43.65897860443114,4.24,low
2,6,10,1,0,0,restaurant,Sydney,rain,19.969250379691093,86.35123654150269,28.98,low
14,5,10,1,0,0,market,Rome,fog,29.880552466090315,52.13253704709348,46.29,medium
12,0,8,0,0,0,transport_hub,London,clouds,3.6363764869517556,23.53372815685509,52.13,medium
4,5,4,1,0,0,market,Amsterdam,clear,23.835537134445126,55.1037415838508,16.81,low
17,3,9,0,0,0,tourist_spot,Amsterdam,fog,30.743949306297836,45.51316047732839,40.13,medium
13,4,10,0,1,0,market,Singapore,rain,30.478487962082585,58.07612559532439,36.2,medium
20,1,4,0,0,0,park,Amsterdam,clouds,30.50043200300605,60.45342725897193,9.53,low
0,2,6,0,1,0,transport_hub,Singapore,rain,33.26662117444718,43.06355940519961,19.9,low
7,1,3,0,0,0,museum,Tokyo,clear,21.308246781180628,29.432038364033097,19.01,low
15,1,11,0,0,0,market,Rome,fog,8.471928217683281,60.44720665845937,24.24,low
6,4,12,0,0,0,park,Bangkok,rain,20.703033641423623,29.075314690119928,0.0,low
2,4,8,0,0,0,transport_hub,Paris,clouds,0.2876335594037416,73.08807099113406,12.9,low
7,2,3,0,0,0,museum,Paris,clear,11.139090558581879,56.4060874362868,14.69,low
4,4,7,0,0,0,shopping_mall,London,snow,3.877232569152933,52.32883868047831,3.04,low
13,4,3,0,1,0,shopping_mall,Istanbul,clear,29.128543537647307,80.04443831462741,61.1,medium
7,4,4,0,0,0,restaurant,London,clouds,11.141805786677619,38.73548359115753,9.24,low
14,5,3,1,0,0,museum,Paris,fog,38.75985029139005,89.47752372560957,58.82,medium
5,2,8,0,0,0,beach,Singapore,snow,6.585484856061075,20.16165337635698,0.0,low
8,5,2,1,0,0,shopping_mall,Rome,fog,19.46685646617318,34.24234004507279,40.38,medium
1,3,8,0,0,0,tourist_spot,Istanbul,clear,20.11401531678054,83.9539919036214,0.0,low
1,5,6,1,1,0,museum,New York,clear,9.408155800037248,28.991496046034314,54.32,medium
7,0,8,0,0,0,tourist_spot,Sydney,fog,12.654793839069086,39.55742717027246,22.63,low
22,4,11,0,0,0,transport_hub,London,clouds,11.999883191950488,43.71328972038906,32.32,low
0,2,3,0,0,0,shopping_mall,Sydney,clear,8.526172490681617,39.890031106280105,1.77,low
2,5,12,1,0,0,restaurant,Barcelona,snow,28.141597003494837,65.87583242944626,19.26,low
16,2,11,0,0,0,tourist_spot,Amsterdam,rain,4.14346007672846,85.8595223730194,31.57,low
3,2,9,0,0,0,museum,Istanbul,rain,8.425186192277723,45.7160215844944,0.0,low
20,1,12,0,0,0,park,Dubai,clear,16.943030902549054,40.75101679791888,19.49,low
10,1,1,0,0,0,market,Amsterdam,clouds,22.06721684505565,52.07651892355095,9.82,low
3,0,1,0,0,1,museum,Istanbul,fog,22.101003869799904,52.23400346605788,7.42,low
9,5,2,1,0,0,transport_hub,Paris,clouds,26.67733642542172,46.52589759609637,35.37,medium
13,4,7,0,0,0,market,London,clouds,0.991454475927549,75.24233538163116,55.91,medium
13,2,12,0,0,0,restaurant,Rome,clear,1.548984306631458,55.301751581449274,37.37,medium
14,6,7,1,0,0,transport_hub,Rome,clouds,26.40132730994516,49.884948392358766,66.07,high
2,3,10,0,0,0,park,Barcelona,snow,33.74644653088323,44.83624011608053,0.0,low
3,5,1,1,0,1,park,New York,rain,13.827484467192011,78.98211336527615,22.92,low
19,3,3,0,0,0,museum,Bangkok,clouds,28.351411353366824,20.12684586639721,23.12,low
21,3,7,0,0,0,restaurant,Barcelona,rain,26.535499050621773,29.346898674827578,12.31,low
16,4,11,0,0,0,park,Amsterdam,snow,22.17649910667175,34.38800697426106,23.37,low
12,6,11,1,0,0,market,Sydney,snow,0.016237587891501093,41.518528765169535,46.5,medium
18,4,3,0,0,0,transport_hub,Singapore,clouds,31.74941596424008,91.98740027622772,29.4,low
21,3,6,0,0,0,museum,Rome,fog,32.73693858146657,76.33536031555491,24.59,low
9,0,11,0,0,0,restaurant,London,clear,19.005453768752204,83.7303270968549,16.52,low
14,2,3,0,0,0,beach,Amsterdam,snow,9.759377583137553,69.20435083338381,9.55,low
3,3,1,0,0,0,beach,London,fog,22.29623176133581,88.81025108415801,5.31,low
14,3,5,0,0,0,market,Singapore,fog,38.001584337726236,86.85694443578278,53.37,medium
23,2,9,0,0,0,beach,Dubai,clouds,18.986977472922135,39.43936613487645,11.15,low
20,6,9,1,0,0,park,Dubai,clouds,3.0993341545894326,41.429611314736434,38.61,medium
10,3,10,0,0,0,transport_hub,Dubai,clouds,27.757992491962092,72.98143562709141,38.33,medium
13,0,3,0,0,0,beach,Barcelona,snow,33.315646773619505,49.21076095002059,18.4,low
22,1,8,0,0,0,tourist_spot,Sydney,clear,11.944506094895338,49.24899860477892,24.95,low
17,0,3,0,0,0,restaurant,Singapore,snow,15.554288129845123,70.1655215467188,23.17,low
23,6,2,1,0,0,market,Singapore,fog,36.27715450347073,64.39195817209333,12.16,low
0,4,11,0,0,0,museum,Amsterdam,snow,10.406252556772188,44.55145002063007,0.0,low
10,1,4,0,0,0,transport_hub,Bangkok,snow,3.276249310465702,21.453746528750802,33.78,low
1,4,7,0,0,0,transport_hub,London,clear,37.984469308639554,34.95205117718997,8.3,low
19,4,1,0,0,0,market,London,clear,8.718581636260145,72.45987284346131,37.85,medium
5,4,1,0,0,0,museum,New York,clear,37.155486736284864,63.18475463093106,2.72,low
12,4,1,0,0,0,restaurant,Tokyo,clouds,30.899235398048962,83.77199293165972,30.83,low
3,3,9,0,0,0,tourist_spot,Barcelona,rain,25.901730162272205,20.94891126243898,3.63,low
15,1,3,0,0,0,museum,Bangkok,snow,17.419485800307083,75.03464780100438,31.96,low
8,6,10,1,0,0,shopping_mall,Singapore,fog,34.06852640077327,82.30482641679527,48.89,medium
8,2,3,0,0,0,shopping_mall,London,fog,15.159572165130562,22.152499832756718,32.93,low
5,1,11,0,0,0,shopping_mall,London,rain,35.212799190329015,72.58878127491512,3.21,low
17,0,10,0,0,0,tourist_spot,Dubai,clear,16.25712498682077,61.63821586863956,62.92,medium
22,6,9,1,0,0,shopping_mall,Amsterdam,snow,3.722134022186867,36.61973003543976,16.44,low
7,6,12,1,0,0,park,Amsterdam,snow,13.7502957658481,94.7473597969499,31.96,low
10,1,7,0,0,0,transport_hub,Istanbul,rain,4.826235390092233,34.443822008863805,51.7,medium
23,1,5,0,0,0,market,London,snow,23.583476238431636,77.0155921529812,3.31,low
9,0,9,0,0,0,museum,London,rain,0.5659346902425533,60.060131695074745,34.61,low
1,5,10,1,0,0,tourist_spot,Dubai,clouds,30.111687031650153,27.69407350908205,1.78,low
18,3,1,0,0,0,park,Singapore,rain,2.0550686873431134,90.57976975760775,6.88,low
3,4,5,0,0,0,museum,Bangkok,fog,2.1443629717013257,31.189818835524136,3.9,low
9,0,7,0,0,0,museum,London,snow,31.629633193736776,36.9265352798776,50.32,medium
12,1,6,0,0,0,shopping_mall,Singapore,fog,12.215209772774415,66.57704908041114,43.35,medium
23,6,9,1,0,0,museum,London,rain,6.282283735235086,33.036016124482586,21.34,low
5,4,3,0,0,0,tourist_spot,Bangkok,fog,1.3055942152369715,41.6078667195267,1.24,low
22,0,10,0,0,0,shopping_mall,Tokyo,rain,25.002320286568875,69.58872821400259,17.32,low
13,4,7,0,0,0,museum,Dubai,clouds,33.065246386002386,25.35573776418606,57.63,medium
9,6,6,1,0,0,park,Singapore,rain,37.70704962976163,57.53541328384442,29.36,low
14,6,5,1,1,0,museum,Sydney,snow,24.148545637836424,21.93986692912516,100.0,high
21,1,8,0,0,1,tourist_spot,Amsterdam,fog,18.82003293006534,68.86321170752647,53.34,medium
5,2,10,0,0,0,beach,Amsterdam,clear,16.333923737200614,44.07936919674287,11.11,low
5,0,4,0,0,0,transport_hub,Bangkok,rain,16.018090192546257,77.03748290432426,0.0,low
14,0,2,0,0,0,museum,Barcelona,clear,16.167002280029827,58.59471892468288,31.34,low
21,6,1,1,1,0,shopping_mall,Bangkok,fog,30.257726162222948,66.90565566087568,61.86,medium
6,1,2,0,0,0,park,Dubai,rain,27.93000116488689,29.10695625219649,0.0,low
19,6,10,1,0,1,restaurant,Istanbul,fog,8.988026378231385,83.10542612127767,66.93,high
14,2,4,0,0,0,museum,Amsterdam,snow,11.67446241047144,72.90587224443902,46.5,medium
15,3,3,0,0,0,shopping_mall,London,clouds,36.87472599726247,58.11806686946705,33.79,low
2,4,5,0,0,0,park,Bangkok,fog,0.1026103743430884,74.45382369601494,0.0,low
18,4,8,0,0,0,shopping_mall,New York,snow,22.07669668283244,60.75725472190047,37.68,medium
10,2,4,0,0,0,restaurant,Istanbul,snow,31.02177900397035,23.273547432297644,25.53,low
22,6,4,1,0,0,beach,Bangkok,clouds,1.4807844538230475,57.671836259972444,38.7,medium
10,0,8,0,0,1,museum,Singapore,snow,34.837318853968775,92.74675955308297,52.28,medium
15,4,3,0,0,0,park,Barcelona,snow,34.070611694027654,83.92560024244199,10.86,low
12,5,7,1,0,0,transport_hub,Amsterdam,snow,1.435963993507463,25.13155603861636,70.23,high
21,0,10,0,0,0,park,London,snow,30.414787719770615,72.79181219967785,20.85,low
14,2,4,0,0,1,market,Istanbul,clear,11.734711038608353,48.11308173314861,67.69,high
7,0,5,0,0,0,beach,Sydney,clouds,3.1587340263997854,85.31296989836412,15.36,low
21,2,9,0,0,0,restaurant,Singapore,clouds,25.51618524014274,54.467787438254824,13.48,low
0,1,11,0,0,0,shopping_mall,Rome,clouds,37.80942539738584,94.07387714138535,0.0,low
20,3,11,0,0,0,beach,Istanbul,rain,15.387729958693818,56.24060457944121,7.87,low
12,2,8,0,0,1,transport_hub,Sydney,rain,15.832229636454693,20.60734743211177,82.94,high
23,0,12,0,0,0,tourist_spot,Sydney,rain,9.204735638816652,80.14489681589657,24.24,low
20,5,8,1,0,0,restaurant,Sydney,clouds,36.136148162918715,68.4755456667892,49.42,medium
14,6,11,1,0,0,tourist_spot,Sydney,clouds,11.80441806516621,76.06106487037786,62.96,medium
6,2,6,0,0,0,market,Dubai,rain,36.53947897926788,82.2854464675548,9.72,low
15,2,9,0,0,0,park,Istanbul,clear,3.0119744362702994,76.56136197960015,19.16,low
21,5,8,1,0,1,beach,Dubai,snow,18.191441109354987,70.46212864053152,61.63,medium
8,0,11,0,0,0,beach,Amsterdam,clear,18.859074719257546,66.46601502833971,22.19,low
10,5,7,1,1,0,restaurant,Amsterdam,snow,12.087606981170008,50.62218918465595,90.33,high
1,1,5,0,0,0,tourist_spot,Rome,clear,35.490372341140095,30.17480365297524,0.0,low
11,0,4,0,0,0,beach,Sydney,clouds,26.196875899738558,82.52698124722411,38.0,medium
13,5,9,1,0,0,park,Paris,clouds,38.02220679405708,84.15876449794659,45.99,medium
21,1,4,0,0,0,transport_hub,Dubai,rain,11.035257634463473,92.615515695229,25.09,low
2,1,4,0,0,0,restaurant,Amsterdam,clear,13.34036625730064,94.16156779560663,18.2,low
6,2,8,0,0,0,museum,Dubai,clouds,9.319947161841258,78.0776433353615,2.86,low
0,6,9,1,0,0,park,New York,fog,6.979884836055739,69.57932319479876,27.59,low
4,3,1,0,0,0,tourist_spot,Barcelona,clouds,0.6312433404464102,39.902563124373,2.9,low
23,1,5,0,0,0,beach,Dubai,clear,31.12068157256811,58.49284682068937,0.76,low
14,4,4,0,1,0,restaurant,Sydney,fog,25.73362736821955,22.336297963275793,39.89,medium
12,5,5,1,0,0,beach,Amsterdam,snow,3.231619096431677,65.622306772508,42.3,medium
4,2,3,0,0,0,park,Sydney,fog,15.236175952740831,64.80438913994851,0.0,low
14,5,10,1,0,0,beach,Tokyo,clear,26.036666595252214,77.6722047578554,74.11,high
13,1,8,0,0,0,shopping_mall,London,snow,29.184500305380176,43.44112624978497,41.64,medium
21,3,11,0,0,0,park,Barcelona,snow,33.27087553899418,26.992257627775807,17.44,low
23,5,4,1,0,0,transport_hub,New York,fog,22.467335262789124,70.2509948549222,8.35,low
11,5,2,1,1,0,beach,Istanbul,rain,14.06584742772596,63.34388887923912,46.31,medium
4,5,8,1,0,0,shopping_mall,London,rain,14.702442024614006,77.19542239526373,38.36,medium
7,4,8,0,0,0,beach,Dubai,fog,25.707966553193256,21.969037359018756,3.87,low
22,6,11,1,0,0,park,Paris,rain,14.040936829479271,33.60541686594265,19.67,low
18,4,5,0,0,0,beach,Tokyo,clear,21.21930754635718,48.214580427761646,53.78,medium
10,0,4,0,0,0,market,Barcelona,rain,22.70374226457589,26.371777998288447,23.27,low
4,2,2,0,1,0,market,Sydney,clear,26.47754771233045,56.42462786682472,13.1,low
13,2,3,0,0,0,park,London,clear,4.435590888037222,70.86634197001507,29.08,low
15,3,8,0,0,0,park,Paris,fog,8.176924974149271,90.8993065419983,32.71,low
8,5,5,1,0,0,park,Barcelona,snow,7.027792075033692,48.51555842864272,19.46,low
7,4,12,0,0,0,transport_hub,Tokyo,clear,18.390170014251,25.83969589068182,11.04,low
18,3,11,0,0,0,beach,Sydney,snow,16.20129228259818,92.46497682748446,15.94,low
19,5,6,1,0,0,shopping_mall,Istanbul,clear,4.234525335823438,52.67573952053,67.38,high
16,2,2,0,0,0,museum,Bangkok,rain,31.164714744130585,25.728453310476585,32.39,low
3,2,10,0,0,0,restaurant,Barcelona,clouds,5.857768731107775,34.795385211798745,3.41,low
4,5,9,1,0,0,museum,New York,snow,22.549419331513985,63.460106727986734,18.98,low
18,2,11,0,0,0,transport_hub,Amsterdam,snow,17.688322553451393,42.71153263542597,35.46,medium
18,6,10,1,0,0,tourist_spot,Barcelona,rain,1.504289822843683,47.655319961735955,38.82,medium
2,4,10,0,0,0,museum,Sydney,snow,22.17265485353216,79.38633479490188,0.0,low
14,5,2,1,0,0,restaurant,Barcelona,fog,2.4749480040440286,27.76264079527937,59.13,medium
22,6,12,1,0,0,museum,Dubai,clear,17.510330972369317,52.956634382196825,38.67,medium
19,1,6,0,0,0,market,Barcelona,rain,30.978591542949417,70.91732904196857,25.47,low
20,2,2,0,0,0,transport_hub,Tokyo,fog,11.365878955124549,74.28002412518464,26.7,low
19,5,11,1,0,0,market,Barcelona,clouds,12.409269502072483,69.20410385270414,27.2,low
12,4,11,0,0,0,market,Sydney,clear,15.067172242252006,79.37464683976577,39.55,medium
21,2,5,0,0,0,museum,Amsterdam,fog,14.503906759281776,33.519719215763345,30.17,low
10,0,8,0,0,0,shopping_mall,London,clouds,11.83168406618487,79.10901302535501,35.08,medium
17,6,6,1,0,0,tourist_spot,Amsterdam,fog,15.068794832900988,32.16854090663379,90.71,high
19,0,12,0,0,0,market,Istanbul,snow,28.783426951625998,92.71914525564688,34.8,low
9,0,9,0,0,0,shopping_mall,London,rain,31.374809583728194,87.79807536030937,37.38,medium
11,0,7,0,0,0,shopping_mall,Singapore,snow,16.746433069189834,32.15436299344035,60.17,medium
19,6,7,1,1,0,market,Rome,snow,22.18162981697725,27.694229881130703,58.04,medium
3,1,6,0,0,0,park,Tokyo,rain,20.534109517141772,82.32850389786392,0.0,low
7,0,4,0,0,0,shopping_mall,Barcelona,snow,20.080284587729416,37.68335553975744,9.88,low
11,4,3,0,0,0,restaurant,Paris,clear,25.998427371767264,79.3535478111632,20.47,low
1,5,5,1,0,0,park,Singapore,clouds,18.76440508621975,66.15111928726613,33.49,low
0,2,3,0,0,0,park,London,fog,24.355203964642136,51.74410692109923,3.85,low
7,6,10,1,1,0,park,Tokyo,snow,24.912422733638767,24.710536325829786,36.77,medium
19,5,5,1,0,0,tourist_spot,Amsterdam,clouds,11.650879511010315,20.117325195004923,72.17,high
7,2,12,0,0,0,beach,New York,clear,14.424150308275019,91.50527584891363,15.22,low
16,2,7,0,0,0,tourist_spot,Bangkok,clear,39.24157690206241,39.02376958019096,71.13,high
11,0,1,0,0,0,museum,Barcelona,clear,29.40747939249245,44.938895627898866,27.58,low
11,1,2,0,0,0,transport_hub,Amsterdam,snow,19.141246864716962,33.670849881040496,56.86,medium
2,3,5,0,0,0,shopping_mall,Paris,clear,35.4316154247242,43.669686503729395,5.96,low
16,0,11,0,0,0,beach,Dubai,clear,7.644137229356436,46.77306320265225,18.13,low
20,4,2,0,0,0,transport_hub,Rome,rain,16.00087098577848,52.98024752808966,19.38,low
10,1,1,0,0,0,market,Singapore,rain,20.771034141397678,80.08610655513303,29.36,low
2,5,3,1,0,0,beach,Sydney,clouds,12.84845712858376,26.00516833062464,28.74,low
9,2,11,0,0,0,park,Singapore,snow,17.75633524404376,53.53472447526929,14.53,low
19,2,12,0,0,0,beach,Rome,clear,25.500501515331933,47.24833479882368,30.25,low
5,0,11,0,0,1,tourist_spot,New York,snow,31.140614940274617,47.47463548303614,13.7,low
18,5,1,1,0,0,tourist_spot,Sydney,snow,14.880535138827348,77.23133538489347,20.59,low
4,4,8,0,0,0,transport_hub,Bangkok,rain,4.5379445034007215,75.17561446095708,0.0,low
16,5,5,1,0,0,beach,Dubai,rain,8.58281701694879,65.8907887072732,36.19,medium
15,1,12,0,0,0,restaurant,Tokyo,clear,35.947161231449215,53.38333945568413,39.25,medium
21,3,3,0,0,0,transport_hub,Amsterdam,clear,11.614491311112545,42.49675086775537,19.71,low
22,5,6,1,0,0,market,Barcelona,clear,31.68262694444563,37.755213821515284,17.53,low
0,6,5,1,0,0,transport_hub,Dubai,snow,22.0658773570571,65.89612719653907,13.74,low
2,2,3,0,0,0,park,Bangkok,snow,30.766582014987918,81.7504549631293,3.35,low
4,3,3,0,1,0,transport_hub,Amsterdam,snow,13.780591228107987,85.84701137378089,20.18,low
20,2,7,0,0,0,market,New York,clear,20.724085316960654,42.809340710560086,28.73,low
10,2,6,0,0,0,restaurant,Barcelona,fog,33.837348246234626,38.79539817364993,34.47,low
17,4,10,0,0,0,park,New York,fog,20.102925789650506,32.647692631078016,20.46,low
4,4,8,0,0,0,market,Amsterdam,fog,36.95718901265205,23.08957276413381,5.31,low
2,6,1,1,0,0,tourist_spot,Amsterdam,rain,30.678360036652442,51.24400877474346,12.19,low
0,1,10,0,0,0,shopping_mall,Amsterdam,rain,32.18752616862932,71.37431308967575,10.66,low
14,1,11,0,1,0,museum,Istanbul,snow,18.5776863110134,45.5144426263833,75.01,high
10,5,5,1,0,0,transport_hub,Istanbul,rain,5.230646062095459,47.790514853771846,46.93,medium
3,6,7,1,0,0,transport_hub,London,rain,5.63510540032734,23.79539688502177,3.7,low
19,6,1,1,0,0,beach,London,clouds,37.35006140997619,74.08463216165914,42.82,medium
5,3,7,0,0,0,shopping_mall,Dubai,rain,3.6019638017513733,49.49316380849729,9.11,low
7,4,4,0,0,0,restaurant,Sydney,clear,23.90075084040745,83.21372351847218,17.72,low
15,0,11,0,1,0,park,Dubai,clear,35.298229236743715,74.5631047519544,77.5,high
11,4,2,0,1,0,tourist_spot,Bangkok,fog,22.128917064846068,25.514881230713137,70.52,high
14,3,6,0,0,0,park,Sydney,clear,3.8672594409894057,47.9898752243615,43.28,medium
17,2,12,0,0,0,transport_hub,New York,fog,1.6101962462971642,22.918547468466517,56.23,medium
10,0,1,0,0,0,shopping_mall,Dubai,fog,5.591239430894208,89.85265516474924,30.71,low
5,2,11,0,0,0,beach,Sydney,rain,20.292599448051863,58.22855755631243,0.0,low
22,2,5,0,0,0,park,Singapore,rain,4.384183579652912,51.24052020741746,10.35,low
23,5,11,1,0,0,tourist_spot,Sydney,fog,28.856004491852268,63.764245778573,13.7,low
16,4,6,0,0,1,beach,New York,clouds,4.395820853347874,21.420302562995943,66.82,high
13,4,11,0,0,0,market,Bangkok,snow,24.459122395670697,55.37040979013836,31.12,low
22,5,3,1,0,0,market,Dubai,rain,19.134839333736046,48.261858213927184,21.28,low
14,0,6,0,0,0,transport_hub,Dubai,rain,7.690566765468536,38.48893516455203,75.52,high
9,2,7,0,0,0,restaurant,Rome,clouds,19.56012318046115,55.985256740154604,13.06,low
23,4,7,0,0,0,park,Rome,fog,39.20642149285449,81.37830950979217,19.09,low
9,0,5,0,0,0,tourist_spot,Rome,clear,17.695044474593416,39.233298160511154,33.65,low
6,5,5,1,0,0,restaurant,Dubai,fog,5.490918192036918,66.17577758108692,32.32,low
7,3,8,0,0,0,restaurant,Paris,fog,9.31346239223811,27.51484692839982,24.39,low
22,0,12,0,0,1,shopping_mall,Tokyo,clouds,37.16398720679911,50.51805886601626,32.77,low
15,2,5,0,0,0,restaurant,Rome,clear,3.578428820460653,63.060001488153,25.58,low
23,6,7,1,0,0,tourist_spot,New York,clouds,1.4535939685022203,82.71523985843803,22.68,low
5,1,5,0,1,0,park,Paris,fog,37.138193840680685,45.12815852718147,28.29,low
20,1,4,0,0,0,shopping_mall,New York,snow,32.3525551297208,44.801307262383915,17.53,low
20,5,4,1,0,0,park,Istanbul,rain,22.711248896837574,76.79620626931708,28.0,low
19,2,6,0,0,0,beach,Bangkok,clear,3.815404231781123,93.6263894330404,29.76,low
10,3,5,0,0,0,restaurant,Paris,clouds,10.679773078571206,44.721897748454936,27.09,low
23,6,8,1,0,0,tourist_spot,Rome,clouds,4.728993912158903,43.01047565027149,44.98,medium
21,0,2,0,0,0,park,Istanbul,rain,8.833969598748862,91.802040264142,9.75,low
4,4,5,0,0,0,shopping_mall,Istanbul,rain,21.96938035273459,55.31210576594836,0.0,low
21,2,7,0,0,0,restaurant,London,fog,3.2748122589309947,53.50609831223625,17.49,low
11,4,12,0,0,0,museum,Sydney,fog,8.086271158665914,60.24951186954177,39.26,medium
10,5,6,1,0,0,shopping_mall,Tokyo,fog,35.95557406853895,53.411201914041534,79.32,high
14,5,2,1,0,0,market,Dubai,fog,18.495132229556948,80.51865144157944,34.28,low
12,6,1,1,0,0,park,Paris,fog,16.947895391145007,72.5288658572882,37.18,medium
1,6,7,1,1,0,museum,Singapore,snow,5.41715465957751,68.11437501292673,60.69,medium
13,1,10,0,0,0,transport_hub,Bangkok,snow,27.309214164061654,69.6344403594101,54.93,medium
4,4,7,0,0,0,transport_hub,Tokyo,fog,5.093883492904343,93.40432827697519,0.0,low
0,1,1,0,0,0,park,Singapore,fog,15.171058721351752,37.22480500909241,0.0,low
11,0,4,0,0,1,market,Rome,clear,24.596928288356498,90.21784477890839,57.65,medium
7,0,1,0,0,0,restaurant,Tokyo,clear,26.88094547488876,85.41593133397939,4.37,low
23,3,9,0,0,0,tourist_spot,Bangkok,fog,34.54920970680226,24.233302626834572,21.52,low
9,2,5,0,0,0,restaurant,Istanbul,fog,26.901276057476547,44.04988365447373,29.84,low
4,6,11,1,0,0,restaurant,Bangkok,clear,23.666684889708126,75.14090819931272,12.31,low
20,2,6,0,0,0,beach,Dubai,rain,26.853700989828894,78.93534469853884,18.89,low
22,2,11,0,0,0,beach,Bangkok,snow,21.5171305756327,38.07261417583055,20.65,low
9,4,8,0,0,0,market,Singapore,fog,16.660314666416273,59.74938605023143,42.56,medium
7,3,2,0,0,0,park,London,clear,33.88533543678447,26.934799739514773,0.0,low
1,4,7,0,0,1,park,Bangkok,fog,32.186024714021805,64.06877666207322,8.48,low
17,6,11,1,0,0,restaurant,Singapore,rain,36.35976642827204,35.8855829036756,56.34,medium
23,3,7,0,0,0,museum,Istanbul,snow,27.82505142819927,72.7826437006778,0.94,low
7,5,2,1,0,0,transport_hub,Rome,fog,12.336891371477133,46.97334634856313,25.65,low
14,3,5,0,0,0,museum,Istanbul,rain,14.828196857250337,51.04476279339684,55.83,medium
7,0,7,0,0,0,market,Paris,fog,16.703122942206946,31.430855763810747,12.58,low
7,6,12,1,0,0,beach,Sydney,snow,37.73858180190522,45.31732130273809,28.68,low
23,1,5,0,0,0,shopping_mall,Singapore,rain,28.81254123048375,56.62372409405993,0.0,low
20,0,7,0,1,0,tourist_spot,Dubai,clear,26.72862173572611,77.32541326790144,55.3,medium
4,0,2,0,0,0,restaurant,Tokyo,clear,18.240386358857357,24.533758918476416,0.0,low
21,0,10,0,0,0,shopping_mall,Amsterdam,clear,16.453540328696658,21.254461070197245,6.02,low
17,6,10,1,0,0,park,Paris,snow,36.39093463995064,28.02623215208697,42.82,medium
16,5,4,1,0,0,market,London,fog,14.177644034422855,79.62022490626,37.43,medium
11,1,3,0,0,0,beach,Singapore,clouds,33.122483148535224,26.046268895493288,20.1,low
1,5,10,1,0,0,museum,Bangkok,fog,25.46992302222555,72.71338625143295,22.37,low
15,5,3,1,0,0,beach,Amsterdam,fog,38.95358982544,87.10934091070249,65.16,high
7,6,2,1,0,0,restaurant,Istanbul,snow,36.966370664342655,71.33215575977312,18.41,low
17,5,10,1,0,1,tourist_spot,New York,rain,5.767662451343076,81.55180561135228,63.29,medium
2,6,2,1,0,0,park,New York,fog,15.566264294694353,87.23943252520398,23.22,low
12,1,12,0,0,0,market,Istanbul,fog,13.83437992742551,27.32643405185356,34.9,low
2,4,8,0,0,0,transport_hub,Sydney,fog,30.9421966452529,22.221924420887383,4.87,low
14,4,10,0,0,0,shopping_mall,London,snow,27.187794323526354,69.55039306361566,39.59,medium
19,1,3,0,0,0,park,London,clear,15.19999972333823,78.7917711402667,14.1,low
23,1,6,0,0,1,beach,Barcelona,clear,14.396699893875864,40.23248324295399,21.76,low
2,0,5,0,0,0,market,Bangkok,fog,4.131717093664973,26.72141314702906,0.0,low
2,5,7,1,1,0,transport_hub,Bangkok,snow,3.3879806771409005,87.58520336423248,37.11,medium
18,1,9,0,0,0,market,Amsterdam,clouds,10.736271885968428,30.945111548491088,40.5,medium
13,1,6,0,0,0,park,Bangkok,clear,37.76889182525577,74.06745893416945,48.69,medium
19,1,5,0,0,1,restaurant,Singapore,rain,33.664535468874035,48.49174671102862,34.61,low
14,6,12,1,0,0,transport_hub,Bangkok,fog,12.826606215003507,91.04591915120871,77.36,high
15,0,7,0,0,0,transport_hub,New York,rain,27.7983107068844,56.82554846690768,38.38,medium
7,6,8,1,0,0,transport_hub,Bangkok,snow,37.28268610353783,34.985003653295536,32.11,low
5,3,7,0,0,0,tourist_spot,Istanbul,clouds,11.653248319411812,71.9626459493257,11.71,low
21,3,2,0,0,0,shopping_mall,New York,clouds,6.1657293782342615,51.734596633767765,15.25,low
2,6,1,1,0,0,shopping_mall,Sydney,snow,36.93983016025787,85.22252933590237,13.62,low
17,6,3,1,0,0,tourist_spot,Barcelona,fog,36.57604994922338,28.20270689332152,60.59,medium
21,0,9,0,0,0,transport_hub,New York,clear,25.801248156270947,68.50577045210696,17.18,low
13,1,12,0,0,0,museum,Paris,clouds,20.75191067397398,63.53887216430031,44.79,medium
7,6,8,1,0,0,shopping_mall,Barcelona,fog,6.029797299196535,94.827704406099,55.8,medium
3,2,5,0,0,0,park,Bangkok,clear,37.62704632584772,30.625638262366124,3.54,low
10,2,11,0,0,0,shopping_mall,London,rain,17.526637530921082,72.25724491427496,24.21,low
2,2,11,0,0,1,park,Paris,clear,4.374507271390953,80.0037594312918,24.56,low
16,2,9,0,0,0,market,Dubai,fog,18.482166299776893,79.83168412281988,39.86,medium
5,5,10,1,0,1,market,Amsterdam,snow,7.892977431289854,64.41523687702762,44.79,medium
0,4,2,0,0,0,restaurant,London,clear,31.98009427546839,60.26667579279831,6.34,low
10,1,1,0,0,0,restaurant,Singapore,snow,25.564343426646023,64.77281219622452,13.77,low
12,0,9,0,0,0,museum,Barcelona,snow,32.54953017043735,72.9491270709485,41.5,medium
19,1,11,0,0,0,museum,Amsterdam,clear,4.677956158830079,47.99795532232329,32.93,low
16,2,5,0,0,0,beach,Bangkok,fog,7.430147971710626,67.66262315439764,33.15,low
20,1,12,0,0,0,market,Dubai,rain,12.583200586433772,53.825072805998836,24.58,low
11,3,2,0,0,0,tourist_spot,Singapore,snow,20.217520789226814,57.12273858998027,25.51,low
15,6,12,1,0,0,beach,Istanbul,snow,22.615911969799008,79.69106672018205,48.83,medium
9,6,8,1,0,0,tourist_spot,Rome,rain,18.292855490937963,75.68886889473403,35.84,medium
17,1,5,0,0,0,museum,Sydney,fog,14.674470884216838,81.6958195847196,51.4,medium
23,5,2,1,0,0,shopping_mall,Dubai,snow,33.20282866170159,76.35091210577542,21.78,low
1,1,11,0,0,0,shopping_mall,Rome,clear,39.75830737274468,78.17237374105801,0.0,low
6,2,8,0,0,0,transport_hub,Istanbul,snow,5.5693986370710435,35.496474214008,20.55,low
1,6,7,1,0,0,transport_hub,Dubai,fog,39.16000625611954,41.94760234430427,18.4,low
8,3,8,0,0,0,museum,New York,snow,39.699449025786976,85.02856928253338,36.15,medium
22,1,5,0,0,0,market,London,rain,30.458943499194277,70.71759152749596,22.32,low
4,2,5,0,0,0,park,Amsterdam,snow,31.783945226706585,77.66631761179946,1.02,low
16,4,2,0,0,0,park,Istanbul,rain,19.521779217508218,63.646665850173534,19.3,low
23,2,4,0,0,0,shopping_mall,Amsterdam,rain,31.82711706591381,49.82869011414978,2.62,low
6,3,3,0,0,0,shopping_mall,Rome,rain,23.11734561043806,62.46065831878552,10.09,low
10,4,5,0,0,1,tourist_spot,Paris,snow,6.319340598966461,54.23886019774298,61.46,medium
6,2,3,0,0,0,market,Amsterdam,rain,14.417415335890436,26.181539802910997,8.28,low
20,6,11,1,0,0,market,Paris,rain,30.209286282701445,52.192320556651,34.51,low
22,0,4,0,0,0,museum,Paris,clear,9.04763445837624,70.99870438411844,5.14,low
0,0,1,0,0,0,transport_hub,Tokyo,snow,19.10800965751061,37.17101505942824,18.54,low
23,5,4,1,0,0,museum,Tokyo,rain,30.938419346024965,76.4868350743301,18.81,low
20,1,5,0,0,0,market,Tokyo,clear,6.564661991625851,46.33907891200782,16.41,low
20,6,8,1,0,0,market,Bangkok,snow,3.467521338639541,27.53488343582291,50.91,medium
18,5,5,1,0,0,beach,Barcelona,rain,9.911454998543157,68.34654261409233,45.09,medium
17,0,9,0,1,0,park,Istanbul,rain,24.277074786878394,34.14848924493993,31.25,low
9,0,2,0,0,0,tourist_spot,London,clear,25.52329319534593,25.325900127153744,36.88,medium
11,3,1,0,0,0,transport_hub,New York,fog,21.854248846454038,32.95777341130707,32.3,low
2,4,4,0,1,0,tourist_spot,Sydney,rain,36.90317155732777,91.15099977103435,8.54,low
16,6,2,1,0,0,park,Amsterdam,snow,16.091096425779998,68.04029662342639,24.2,low
19,2,7,0,0,0,market,Rome,clear,8.127899758313113,80.604506072799,29.58,low
10,1,7,0,0,0,beach,Sydney,clear,17.499441722023,91.50709825370541,43.5,medium
1,4,9,0,0,0,restaurant,Tokyo,clear,24.353296177097743,43.19675479051446,0.0,low
23,6,11,1,1,0,market,Tokyo,clouds,6.5533052374163026,91.47621513160232,18.1,low
16,1,6,0,0,0,park,New York,rain,4.722268811294521,87.49230699391453,12.73,low
13,5,12,1,1,0,park,Dubai,fog,19.845902757405568,58.30864095694789,81.8,high
15,5,2,1,0,0,market,Barcelona,clear,26.96481726252388,28.65002026506015,34.49,low
0,1,6,0,0,0,tourist_spot,Paris,snow,36.80906181039949,33.422070032633876,0.0,low
17,6,2,1,0,0,beach,London,snow,12.797405502575025,81.94977466643996,29.83,low
11,2,8,0,0,0,museum,Dubai,clear,32.173520778350266,93.60603979561212,50.47,medium
2,2,2,0,0,0,shopping_mall,Rome,rain,22.123655812962703,20.597688016809165,0.0,low
9,0,7,0,0,0,park,Istanbul,snow,38.87430980603715,94.83403371979291,8.83,low
23,2,7,0,1,1,restaurant,New York,snow,25.437673580519554,72.00956047169785,47.49,medium
10,0,1,0,0,0,tourist_spot,Amsterdam,rain,21.1925795624005,37.862569589064925,9.84,low
1,4,5,0,0,0,market,Istanbul,clear,35.89149887725837,58.981941386902776,0.0,low
11,1,12,0,0,0,shopping_mall,Istanbul,clear,25.48862720130768,49.57634669253443,34.75,low
18,2,8,0,0,0,tourist_spot,Bangkok,clouds,10.439637556944401,43.62566865573187,53.17,medium
22,1,2,0,0,0,transport_hub,Barcelona,clouds,8.108505051169349,78.49527368516472,12.24,low
3,1,8,0,0,0,market,Tokyo,snow,4.829469482876223,46.87155844530168,12.78,low
14,0,8,0,0,0,park,Singapore,clear,32.30387618722166,42.81612371637672,40.38,medium
22,5,12,1,0,0,tourist_spot,London,rain,28.446295931404464,92.63000031322767,18.97,low
16,4,2,0,0,1,tourist_spot,Amsterdam,clouds,18.088046776042507,76.1058835406532,63.11,medium
3,1,9,0,0,0,shopping_mall,Tokyo,clouds,2.4667673797524925,78.57199951032209,0.0,low
4,1,8,0,0,0,restaurant,Bangkok,clear,10.352826093861033,80.95603187102108,1.81,low
2,6,1,1,0,0,restaurant,Amsterdam,clouds,33.89101738612538,80.66654063661576,16.17,low
1,4,5,0,0,0,shopping_mall,Paris,fog,28.97723388522824,57.20947934099415,4.01,low
21,4,1,0,0,0,beach,New York,clouds,17.840457225866256,31.147355680158043,7.78,low
19,3,9,0,0,0,restaurant,Amsterdam,snow,19.16123719840618,26.57911632942556,28.79,low
4,5,1,1,0,0,beach,London,fog,39.763491094758535,60.77425121973059,37.31,medium
12,3,1,0,0,0,transport_hub,Singapore,snow,22.626044601915254,44.12033140010085,33.33,low
5,1,10,0,0,0,tourist_spot,Barcelona,clear,31.14153125313898,24.39434227085889,8.81,low
16,5,4,1,0,0,transport_hub,Sydney,clouds,26.274576855049368,39.989525079926224,57.37,medium
7,6,2,1,0,0,beach,Barcelona,clouds,23.70078036725651,80.46576690195413,31.89,low
11,5,12,1,0,0,tourist_spot,Istanbul,fog,22.524355634560735,34.11752486789422,76.49,high
17,5,5,1,0,0,park,New York,clear,24.06651145780353,21.494599241641446,70.78,high
0,4,5,0,0,0,transport_hub,Sydney,clouds,7.098394906157486,80.18183334411162,3.63,low
1,0,11,0,0,0,tourist_spot,New York,clouds,33.85923550316539,84.55020999436631,0.0,low
11,2,3,0,0,0,beach,Sydney,rain,39.03442685529705,74.92640190684807,14.37,low
20,4,3,0,0,0,shopping_mall,Amsterdam,fog,37.15380835941701,79.02438444466827,32.11,low
21,2,8,0,0,0,market,Bangkok,rain,29.15323823743996,91.15910781659657,31.21,low
12,3,8,0,0,0,tourist_spot,New York,fog,22.62200984481282,90.25158451656907,72.84,high
10,2,5,0,0,0,museum,London,rain,35.41281013580549,26.654450942759475,61.64,medium
21,2,12,0,1,0,transport_hub,Singapore,clouds,2.7117912025693514,39.24934561570361,40.46,medium
23,3,4,0,0,0,tourist_spot,Paris,snow,35.3820799034891,56.98114951053857,11.26,low
11,0,1,0,0,0,beach,Tokyo,fog,27.486416168684578,32.19923838113663,20.37,low
1,3,3,0,0,0,park,Paris,clear,6.804208126047628,48.15934130599973,18.33,low
17,4,3,0,0,0,museum,Barcelona,fog,28.18018586367166,52.34925006093956,38.16,medium
5,2,11,0,1,0,beach,New York,rain,7.599370303535418,72.28975278555178,15.75,low
8,5,7,1,0,0,park,Rome,clear,21.98650534148648,56.82112069069777,57.0,medium
11,4,2,0,0,0,tourist_spot,Bangkok,fog,3.879475899259952,35.52147371927212,23.96,low
9,0,10,0,0,0,museum,Singapore,rain,18.837778117983582,87.11581125541035,26.59,low
2,3,9,0,0,0,beach,New York,snow,17.831010831778325,39.74719750121632,0.0,low
8,5,4,1,0,0,restaurant,Rome,clouds,26.698738365382738,26.428048387993783,45.4,medium
17,0,12,0,0,0,beach,Sydney,clear,32.73620859461494,51.39740562008379,36.75,medium
21,0,7,0,0,0,shopping_mall,Sydney,snow,15.792174608343004,84.04548662582731,35.01,medium
16,5,2,1,0,0,market,Tokyo,snow,39.37471960996532,92.91236587533177,44.98,medium
4,6,7,1,1,0,tourist_spot,Bangkok,snow,32.90256131506747,31.090868805036756,24.48,low
8,5,9,1,0,0,transport_hub,Istanbul,clear,22.254568158791955,61.40406436815493,30.65,low
16,0,10,0,0,0,shopping_mall,Paris,fog,31.26742643701846,28.438913196945037,37.94,medium
4,4,6,0,0,0,museum,Tokyo,clear,34.69901071060701,86.01018384687742,0.0,low
8,5,2,1,0,0,beach,Amsterdam,fog,6.887989126269263,50.22304688236825,53.16,medium
19,1,9,0,0,0,beach,Paris,rain,1.9716390209644485,55.64136433648037,22.37,low
11,0,10,0,0,0,tourist_spot,Barcelona,rain,33.71386274445629,84.36760874251807,26.49,low
3,6,12,1,0,0,restaurant,New York,snow,12.834732612794628,74.65995599521662,14.01,low
20,1,9,0,0,0,museum,London,snow,30.379731809050266,85.03917279126692,37.45,medium
16,6,2,1,0,0,market,Tokyo,fog,31.22065718510608,59.321466281637136,36.46,medium
0,6,8,1,0,0,market,London,clouds,9.979610452971173,54.23365003460605,27.05,low
22,3,1,0,0,0,restaurant,Rome,snow,25.416392363033758,29.2904644168025,0.0,low
7,1,2,0,0,0,transport_hub,Singapore,clouds,18.983291562461922,61.350029045581756,10.8,low
5,0,12,0,0,0,park,Istanbul,clear,15.462626829639387,32.21805541989654,3.28,low
6,2,8,0,0,0,restaurant,Amsterdam,clouds,16.380287859821685,21.50392681246433,8.22,low
0,3,11,0,0,0,shopping_mall,New York,fog,8.950801268932352,65.62579121724826,0.0,low
22,2,11,0,0,0,park,Bangkok,rain,8.728362162917257,42.6608818455764,8.13,low
19,6,6,1,0,0,beach,Sydney,fog,38.659418178583365,82.95338144948506,55.96,medium
20,5,7,1,0,0,park,Rome,snow,39.53443863287069,68.04460592109919,29.76,low
8,1,10,0,0,0,park,London,clouds,32.21719290534119,80.17728083396086,14.16,low
12,3,9,0,0,0,transport_hub,Amsterdam,clear,39.898763983131836,39.456970453399165,54.28,medium
12,6,3,1,1,0,beach,Istanbul,fog,13.726681985422928,73.50269669053881,95.63,high
17,0,12,0,0,0,shopping_mall,Amsterdam,rain,33.625547783856,85.73710882565828,31.5,low
9,1,7,0,0,0,museum,Singapore,rain,22.36126624432749,88.44685721196328,26.23,low
10,1,11,0,0,0,museum,London,rain,35.47374198774014,47.876182232364584,42.95,medium
9,2,8,0,0,0,shopping_mall,Tokyo,fog,24.8261878106641,55.416476180456236,36.96,medium
16,1,7,0,0,0,museum,Amsterdam,rain,34.83396585412018,31.308383832144692,40.76,medium
10,0,7,0,0,0,beach,Sydney,snow,34.495757733484645,33.52675768301329,30.26,low
15,3,3,0,0,0,transport_hub,Amsterdam,rain,0.18854005695975395,40.51458966511247,41.43,medium
18,2,6,0,0,0,market,Singapore,clear,17.348456571545462,52.20572922568404,49.43,medium
15,3,3,0,1,0,beach,Paris,clouds,38.00274461927328,86.90047941480566,59.17,medium
6,2,6,0,1,0,tourist_spot,Amsterdam,clouds,35.079405410394,43.40691953651465,55.49,medium
12,5,4,1,1,0,park,New York,clear,11.633111672379464,74.58739335851095,100.0,high
16,6,9,1,0,0,transport_hub,Bangkok,clouds,36.05535104578098,46.94381647749743,51.69,medium
5,1,7,0,0,0,beach,Paris,clouds,0.8765308826246354,57.84751659388733,11.27,low
11,5,5,1,0,0,tourist_spot,Bangkok,rain,24.92539109247534,64.54430509061379,52.47,medium
21,5,2,1,0,0,museum,Amsterdam,clear,16.671022607181754,48.519032219571095,41.5,medium
8,5,7,1,0,0,shopping_mall,Istanbul,clear,26.46658304362888,69.68622244166725,49.78,medium
19,1,10,0,0,0,market,Bangkok,clear,24.707918202201892,41.20300761275694,33.49,low
15,1,4,0,0,0,restaurant,Sydney,rain,38.92478889276778,46.84413774131057,39.07,medium
9,4,2,0,0,0,market,Paris,clouds,19.226557710946683,37.58789494786672,8.68,low
21,4,1,0,0,0,museum,Tokyo,snow,3.603306943036979,58.37790102234941,9.73,low
8,3,4,0,0,0,restaurant,Singapore,rain,2.0032078325178926,80.9883810438412,2.39,low
9,3,2,0,0,0,transport_hub,Amsterdam,clear,30.32816019364953,23.441681532006143,25.14,low
21,6,5,1,0,0,market,Barcelona,snow,10.73237594320641,74.98009590038171,38.99,medium
10,1,1,0,0,0,market,Tokyo,snow,15.42861959037257,83.8003683527438,37.52,medium
20,2,3,0,0,0,market,Tokyo,clear,33.77399389725787,27.77848293037771,21.22,low
15,0,8,0,0,0,shopping_mall,New York,rain,34.50303098096374,85.99626848764893,57.13,medium
15,5,5,1,0,1,shopping_mall,Tokyo,snow,12.569517794954837,72.84261323604673,75.44,high
16,6,11,1,0,0,restaurant,Amsterdam,fog,28.023207371902174,27.143160383877103,31.17,low
23,3,11,0,0,0,restaurant,Singapore,snow,33.05751280735261,86.90464112225452,2.92,low
1,2,9,0,0,0,tourist_spot,Amsterdam,fog,34.07484605784265,85.2061725959576,4.92,low
15,4,3,0,0,0,transport_hub,London,rain,8.90826092675196,68.2487986117439,40.24,medium
7,4,2,0,0,0,museum,Singapore,fog,34.26356896712069,53.53010899353485,0.0,low
15,0,5,0,0,0,tourist_spot,Tokyo,clear,0.00678861913345763,26.817166018364915,59.14,medium
19,0,9,0,0,0,park,Dubai,snow,14.53369910279244,24.070640997917586,0.65,low
14,2,8,0,0,0,transport_hub,Dubai,fog,26.286688257245583,73.69351252123664,61.22,medium
3,2,4,0,0,0,restaurant,Paris,rain,14.955614418416037,27.974167193720916,3.61,low
15,5,6,1,0,0,market,Istanbul,snow,24.43407064554735,34.065755039870254,52.48,medium
6,1,2,0,0,0,shopping_mall,London,clear,1.8600144763667936,67.49303506918227,2.39,low
18,0,11,0,0,0,museum,Singapore,fog,5.385440577225311,57.412148157695846,22.33,low
23,2,6,0,0,0,tourist_spot,Dubai,fog,20.333315962875332,89.08717355328508,7.9,low
22,4,7,0,0,0,market,Istanbul,clear,24.02184087221645,86.20218976690086,30.14,low
12,3,6,0,0,0,beach,Sydney,clouds,38.543741507190106,92.78687374340754,25.36,low
4,6,4,1,0,0,market,Bangkok,fog,28.0597724162954,84.55306595968685,18.91,low
23,5,12,1,0,0,restaurant,London,rain,36.8476705766838,29.95037964433552,27.08,low
20,4,12,0,0,0,market,Dubai,rain,30.43100099332267,62.17101585885691,27.41,low
18,6,8,1,0,0,beach,Amsterdam,fog,33.892043656821954,80.62285844950219,65.78,high
3,1,6,0,0,0,tourist_spot,Bangkok,clear,30.007400746802148,32.07015457574225,0.0,low
21,4,10,0,0,0,park,New York,rain,21.646883497329465,46.90118280091856,6.13,low
3,6,4,1,0,0,restaurant,Istanbul,snow,31.372286914835463,79.91163143671778,16.6,low
22,5,10,1,0,0,tourist_spot,Bangkok,rain,2.152087692309985,75.77524746843117,33.72,low
19,2,7,0,0,0,shopping_mall,London,rain,21.864605468049653,65.25402329664811,35.28,medium
9,0,7,0,0,0,shopping_mall,New York,clear,6.951805274212206,58.53851395809304,29.4,low
1,6,1,1,0,0,beach,Rome,clouds,33.84056784362082,20.423385201336508,26.34,low
22,6,4,1,0,0,market,Paris,rain,30.946437994355517,66.90249969192334,22.48,low
9,3,11,0,0,0,shopping_mall,Sydney,clear,12.714360214887579,36.49715115706681,22.73,low
16,4,7,0,0,0,museum,Dubai,fog,3.677822157562658,36.58985608260896,61.66,medium
21,6,8,1,0,0,transport_hub,Barcelona,clouds,24.731224039345648,55.61428915521004,39.38,medium
20,5,7,1,0,0,tourist_spot,Tokyo,snow,25.690574232846824,88.89554743904529,30.86,low
1,2,9,0,0,0,transport_hub,Bangkok,clear,21.60949251770246,41.21217457095481,0.0,low
11,2,6,0,1,0,shopping_mall,Singapore,clouds,3.2938179219400343,27.1967323314742,77.8,high
17,2,7,0,1,0,tourist_spot,Amsterdam,clouds,16.968378077645625,27.794510688025262,69.58,high
22,2,7,0,0,0,beach,Amsterdam,clear,6.150183088705821,54.44189264450313,0.0,low
1,1,12,0,1,0,museum,Tokyo,rain,22.998491770511663,37.07342262062425,42.42,medium
13,3,9,0,0,0,beach,Singapore,snow,15.580074689775326,28.872932121996413,31.64,low
20,4,1,0,0,0,museum,Istanbul,clear,20.113478036563258,41.737744912631,22.16,low
9,0,12,0,0,0,museum,Rome,snow,32.88489480636214,22.31143635175433,39.26,medium
17,4,6,0,0,0,restaurant,New York,fog,25.3618267607914,42.35423774120717,48.49,medium
11,3,10,0,0,0,tourist_spot,Dubai,clouds,0.20119356296020463,64.74911655899977,75.03,high
17,2,7,0,0,0,museum,Rome,rain,36.22512121377334,83.8594138506163,58.46,medium
5,3,5,0,0,0,market,London,rain,7.254319390946002,79.97450402041486,3.73,low
17,4,2,0,0,0,shopping_mall,Amsterdam,rain,10.027504592598198,34.8063194335937,28.11,low
15,4,8,0,0,0,transport_hub,Barcelona,clouds,24.780631086173315,87.50889431321913,40.07,medium
15,1,11,0,0,0,shopping_mall,Barcelona,rain,6.0957984821653355,62.514641972906944,33.13,low
13,6,11,1,0,0,market,Paris,clouds,25.633541773594636,40.75098762667368,39.45,medium
4,2,1,0,0,0,transport_hub,Singapore,rain,19.478855297467653,28.162447722127744,0.0,low
19,1,10,0,0,0,museum,Rome,clouds,7.857277173767878,75.01584627833356,25.63,low
2,2,10,0,0,0,museum,Paris,clear,23.15603149090244,77.69001911768856,0.0,low
1,5,8,1,0,0,park,Dubai,fog,31.00788955349713,47.436397257725716,48.68,medium
18,2,8,0,0,0,park,New York,fog,14.554622322966836,20.79437624440257,30.57,low
19,4,9,0,0,0,market,Dubai,clouds,37.94847326451914,69.45599802147325,39.54,medium
23,0,5,0,1,0,shopping_mall,Barcelona,snow,10.57428460402345,37.55140016384894,52.54,medium
6,3,11,0,0,0,transport_hub,Bangkok,snow,1.5961879433959059,68.63935615349808,9.02,low
22,5,4,1,0,0,park,Istanbul,fog,15.066382781766446,48.38888877926213,29.23,low
20,4,8,0,0,0,museum,Dubai,clouds,14.115920310389027,85.07895664034355,51.63,medium
15,6,5,1,0,0,tourist_spot,Dubai,snow,3.083529029649874,68.26077517912323,51.62,medium
4,4,8,0,0,0,market,New York,clear,16.584547403804248,44.76685739322882,0.0,low
15,2,4,0,0,0,shopping_mall,Singapore,clouds,16.435968286528002,38.27527305659521,36.73,medium
18,2,5,0,0,0,market,New York,clear,5.874604003403188,32.47560247309113,31.0,low
16,0,7,0,0,0,beach,Sydney,clear,29.11897261790784,81.59774825915021,24.64,low
6,1,3,0,0,0,shopping_mall,Sydney,snow,33.21454298817123,65.06290358084001,14.91,low
5,6,8,1,0,0,park,New York,rain,23.861334499894376,25.163217278093352,37.62,medium
12,0,1,0,1,0,market,Tokyo,fog,20.174381042828507,51.48462595037046,27.31,low
19,4,6,0,0,0,museum,New York,fog,35.11010550971872,59.857246262950376,53.0,medium
2,6,5,1,0,0,shopping_mall,Amsterdam,fog,0.04800823240546759,90.33011304673016,24.24,low
20,6,11,1,0,0,beach,Dubai,clear,17.158250579084825,90.38162209222104,45.87,medium
12,1,5,0,0,0,transport_hub,Sydney,fog,5.355324224984055,55.785592775340504,49.41,medium
2,5,8,1,0,0,park,Sydney,snow,0.21877816592121846,75.77342610215162,14.02,low
18,5,1,1,1,0,museum,Dubai,clouds,12.636068585170825,47.170234233094305,71.79,high
13,2,6,0,0,0,park,Rome,snow,24.475227080452598,94.38490056280365,11.35,low
6,5,2,1,0,0,beach,Dubai,snow,22.363753186139867,56.28201182211431,20.49,low
18,4,11,0,0,0,transport_hub,Istanbul,clouds,26.371313965048124,76.08606463099157,40.2,medium
22,0,4,0,0,0,market,Tokyo,snow,32.03414933400637,66.05190252720791,8.71,low
22,5,12,1,0,0,tourist_spot,New York,clear,32.930218620696195,55.37514950662578,26.49,low
13,3,9,0,0,0,museum,Tokyo,rain,1.5102135314031573,48.824450781951654,43.79,medium
19,2,2,0,0,0,park,Istanbul,clear,32.80914937712882,68.02184858976028,22.42,low
0,6,3,1,0,0,restaurant,Amsterdam,fog,1.344374055850337,64.96361846693671,28.01,low
22,1,6,0,0,0,restaurant,Sydney,clear,26.200764775361797,93.17344257092742,2.18,low
8,2,3,0,0,0,beach,Barcelona,snow,20.709708039571794,75.26941551097963,9.46,low
2,5,3,1,0,0,park,Istanbul,fog,38.53150660261955,40.73808865228416,32.71,low
6,2,9,0,0,0,shopping_mall,Bangkok,rain,20.24952385022192,61.89730346522441,0.0,low
9,2,5,0,0,0,transport_hub,Tokyo,rain,32.52589398425497,63.11704090804317,44.25,medium
14,1,12,0,0,0,beach,Sydney,clouds,38.44954901206457,54.4136322000593,24.62,low
18,0,4,0,0,0,tourist_spot,Singapore,clear,31.54624074524582,36.52867422080392,52.16,medium
7,2,12,0,0,0,transport_hub,Bangkok,fog,28.03274209266217,39.751226854468285,15.49,low
2,5,10,1,0,0,beach,Amsterdam,rain,37.255849593426504,55.741659056696726,5.1,low
6,3,12,0,0,0,park,New York,clouds,7.986661563772368,75.1571798932123,0.0,low
6,3,9,0,0,0,restaurant,London,fog,31.157539220657732,28.990886949107868,7.42,low
21,1,3,0,1,0,shopping_mall,Sydney,fog,33.920423830238605,47.83974015377507,52.08,medium
15,5,11,1,0,0,park,Singapore,fog,8.883711323192532,63.24988897605573,36.17,medium
16,4,2,0,0,0,beach,Singapore,clear,15.748676914095917,71.47539848977921,36.11,medium
14,1,6,0,0,0,museum,Istanbul,rain,0.4727991444179569,35.80642892760858,38.96,medium
3,4,8,0,0,0,transport_hub,Barcelona,rain,10.513961385828004,40.205617214373504,0.65,low
10,2,9,0,0,0,transport_hub,New York,clouds,30.08783053526569,47.38084896709365,35.19,medium
8,2,2,0,0,0,shopping_mall,New York,fog,32.567626565655985,74.0611594561203,12.66,low
17,1,8,0,0,0,beach,Bangkok,clouds,0.3896916438958842,51.6140501757699,31.25,low
20,2,5,0,0,0,transport_hub,Singapore,fog,1.9083721632963124,27.42310994707598,24.47,low
1,4,6,0,0,0,restaurant,Rome,clear,13.386261540582511,47.072151579134115,0.0,low
17,4,7,0,1,0,park,Barcelona,clear,27.183434058164522,65.41820242942764,76.45,high
18,0,8,0,0,0,market,Rome,fog,29.461046590486202,86.72243368536654,34.58,low
19,3,1,0,0,0,park,Singapore,clouds,25.623226108466724,89.6425000228295,19.29,low
20,2,3,0,1,0,beach,Tokyo,rain,12.67512966782245,41.851726459581485,20.62,low
19,5,10,1,0,0,beach,Rome,rain,20.837427665449987,53.77164923436328,35.2,medium
5,1,6,0,0,0,tourist_spot,New York,rain,28.02787713698737,26.004855340666033,15.73,low
12,0,6,0,1,0,museum,Tokyo,snow,1.054596534649641,49.77593905701271,62.48,medium
3,6,3,1,0,0,park,Sydney,snow,9.89586077260769,41.313146004356675,9.64,low
4,2,10,0,0,1,market,Dubai,clear,36.61089549219647,84.818085623619,23.75,low
17,0,4,0,0,0,park,Dubai,fog,23.90336795346243,67.32856419807948,21.33,low
18,5,10,1,0,0,beach,Dubai,fog,13.886732006565236,60.475109160204475,57.37,medium
14,5,4,1,0,0,park,Barcelona,clouds,0.0036938557971222252,81.15348418706661,49.14,medium
11,4,5,0,0,0,park,Singapore,snow,19.082682818058284,20.684944968224986,16.08,low
9,4,3,0,0,0,restaurant,Paris,clouds,22.42217434558462,49.60640597151375,19.75,low
22,4,6,0,0,0,beach,Bangkok,clear,9.582472597542422,77.34037205574609,31.84,low
22,2,9,0,0,0,park,Rome,fog,16.516155060529893,84.0111517543703,8.64,low
4,2,7,0,0,0,park,Tokyo,fog,28.01890391789489,56.89970105204141,4.2,low
0,4,11,0,0,0,market,Paris,clear,4.090939546261589,40.189634966685915,0.0,low
23,5,3,1,0,0,tourist_spot,London,clear,13.67651415474505,43.36825139022916,17.4,low
11,4,5,0,0,0,shopping_mall,Istanbul,rain,30.022783265007746,30.95658692868706,39.29,medium
12,4,9,0,0,0,museum,Dubai,clouds,10.003178661242341,48.61830563931841,49.14,medium
3,3,1,0,0,0,restaurant,Bangkok,snow,39.78141636655041,34.93849072279481,0.0,low
16,3,4,0,0,0,restaurant,Singapore,rain,6.3444574562204625,74.61778084310846,31.22,low
16,0,7,0,0,0,museum,Rome,rain,35.5007830417417,84.77432493122002,63.35,medium
3,4,8,0,0,0,restaurant,Amsterdam,clear,11.044001753537911,28.9737194008054,7.75,low
0,1,9,0,0,0,tourist_spot,Sydney,snow,6.199677697240906,77.80977500014745,0.0,low
5,0,9,0,0,0,shopping_mall,Tokyo,rain,39.87892411934142,66.8849247657055,14.01,low
11,3,3,0,0,0,market,Istanbul,clear,9.306985234242543,93.62567832228751,30.49,low
11,0,10,0,0,0,shopping_mall,Istanbul,snow,5.38928695043809,87.3997283202532,19.7,low
22,4,5,0,0,0,shopping_mall,Dubai,snow,7.465069157964153,46.07485092636991,13.31,low
8,1,4,0,0,0,market,Tokyo,snow,10.533970755817279,47.533453025340464,8.41,low
20,5,1,1,0,0,beach,Istanbul,clear,14.56300788403051,66.51479846171283,39.85,medium
23,4,11,0,0,0,museum,Amsterdam,snow,27.328967302307234,77.43005716323916,11.77,low
19,1,6,0,0,0,park,Barcelona,rain,20.92802156772942,25.00098823221992,26.01,low
5,4,5,0,0,0,tourist_spot,London,clouds,22.84048725418796,82.72246449548685,9.27,low
15,6,11,1,0,0,park,Paris,fog,0.5234443933400579,89.07764070224283,41.65,medium
15,4,11,0,0,0,museum,Singapore,clear,29.739097636414723,86.78229575005538,41.29,medium
22,4,1,0,0,0,tourist_spot,Sydney,clear,33.37825992819803,25.845153114536856,0.0,low
16,2,8,0,0,0,museum,Tokyo,fog,7.7247779149389295,69.26573852939327,47.7,medium
20,0,8,0,0,0,market,Dubai,snow,30.651336800642103,63.24227442478576,33.12,low
14,2,11,0,0,0,beach,Tokyo,clouds,20.187711220238466,69.31489107655908,11.45,low
19,5,7,1,0,0,shopping_mall,Barcelona,fog,12.986164344803694,47.878963432652846,74.15,high
13,2,10,0,0,0,transport_hub,Sydney,fog,30.628328785371394,89.4610191944493,50.71,medium
11,6,9,1,0,0,shopping_mall,Singapore,clear,39.31825884714191,64.68221199678393,62.68,medium
4,3,6,0,0,0,park,Paris,clouds,12.596187001973798,77.8642303991727,6.56,low
8,4,12,0,1,0,market,Tokyo,rain,10.599527170384789,86.72190143660961,52.92,medium
7,1,9,0,0,0,park,Rome,snow,8.697491208990202,25.790117414806332,7.79,low
15,1,11,0,0,0,market,Singapore,fog,3.814562140474078,68.16909672714394,33.49,low
23,1,2,0,0,0,beach,Tokyo,rain,32.685668001861686,51.239128446343955,0.0,low
7,2,5,0,0,0,tourist_spot,Amsterdam,snow,20.975334060544448,43.94874051581866,9.16,low
4,2,8,0,0,0,transport_hub,Dubai,clouds,29.263142942597653,49.46620283892764,9.58,low
19,6,4,1,0,0,museum,London,snow,13.446727121634812,55.68909907980296,47.13,medium
17,6,2,1,0,0,beach,Rome,fog,27.914820650331723,77.1524689727672,47.05,medium
17,0,5,0,0,0,restaurant,Singapore,fog,24.639873503768076,75.1750815608992,30.38,low
7,5,9,1,0,0,museum,Rome,rain,23.04072948980172,28.439740355171757,45.19,medium
13,1,2,0,0,0,transport_hub,Barcelona,rain,0.9682732134107619,42.86141356597948,41.67,medium
19,6,12,1,0,0,shopping_mall,Sydney,clear,9.339583873654963,71.40194205967008,66.8,high
23,3,6,0,0,0,museum,Tokyo,clouds,37.06918780436428,85.15642637337264,2.52,low
0,5,10,1,0,0,transport_hub,Istanbul,rain,0.9099246060480803,35.67571558431516,8.24,low
6,2,7,0,0,0,restaurant,Dubai,rain,24.921679714299316,94.42265961767029,0.17,low
22,2,12,0,0,1,tourist_spot,Bangkok,fog,11.360541641919628,79.18913708805667,25.6,low
8,0,9,0,0,0,tourist_spot,Singapore,clear,26.41491301992845,69.72362267901167,36.9,medium
11,1,11,0,0,0,museum,Paris,snow,15.228048118513918,93.24589549173906,40.71,medium
10,1,4,0,0,0,shopping_mall,Sydney,clouds,38.6716548973281,62.05156560597008,28.75,low
0,6,12,1,0,0,tourist_spot,London,rain,15.73599271309099,31.775393794312453,19.65,low
21,3,12,0,0,0,transport_hub,Barcelona,clouds,39.14351299442394,40.69087092497918,32.45,low
20,5,3,1,0,0,park,Bangkok,clear,37.96465673452432,36.91870232208157,49.66,medium
12,4,12,0,0,0,market,Tokyo,fog,24.49793573400422,66.91434503711199,57.76,medium
13,6,8,1,0,0,restaurant,Sydney,rain,13.17138953482186,60.667531340441926,62.41,medium
20,6,7,1,0,0,market,Sydney,clouds,12.359935846487309,72.88522908388255,32.54,low
4,2,6,0,0,0,beach,New York,fog,12.699848433677566,61.800522357017655,0.0,low
5,0,5,0,0,0,transport_hub,New York,rain,16.561606216787155,50.8438822459512,17.67,low
23,3,3,0,0,0,park,New York,clear,1.0479288585327495,93.94666948093935,8.47,low
8,6,9,1,0,0,restaurant,Sydney,clear,27.525651389308642,55.745166503313904,45.32,medium
19,1,5,0,0,0,shopping_mall,Istanbul,clouds,19.65782388265339,30.313454175621104,35.49,medium
7,6,7,1,0,0,tourist_spot,Bangkok,clear,38.00792169959665,36.69156592844054,39.0,medium
6,6,11,1,0,0,restaurant,Tokyo,snow,19.597715940434544,44.36717201030342,46.17,medium
7,4,4,0,0,0,beach,Bangkok,fog,15.214966750204834,43.467311855862306,12.93,low
23,1,9,0,0,0,tourist_spot,Dubai,snow,1.696636640363911,94.68772786430361,5.31,low
17,4,6,0,1,0,beach,Istanbul,snow,25.225942123708816,23.697158688595703,51.71,medium
14,2,10,0,0,0,beach,Rome,rain,16.898487298017656,65.98507094329193,19.81,low
22,4,2,0,0,0,market,Singapore,snow,20.026311610094183,33.482854391670486,16.42,low
22,2,8,0,0,1,market,Bangkok,snow,35.86470029134583,87.18461804199889,25.0,low
2,1,4,0,0,0,park,Barcelona,clouds,4.941768673417339,28.56237041180583,4.28,low
20,3,4,0,0,0,transport_hub,Tokyo,snow,39.007657024760974,65.90544008636132,43.11,medium
12,0,6,0,0,0,beach,Paris,rain,26.381213624081752,31.256730088288386,30.71,low
5,6,5,1,0,0,tourist_spot,Bangkok,snow,7.2278410546642435,87.39064350625743,28.14,low
0,2,7,0,0,0,park,Paris,snow,0.23002195596215635,86.2027190402896,0.0,low
6,3,9,0,0,0,shopping_mall,Singapore,clear,0.2629209294060342,86.16258987077042,0.88,low
19,2,10,0,0,0,restaurant,Paris,clear,1.4688420728964813,84.03719654256408,21.39,low
18,2,11,0,0,0,park,Barcelona,clear,39.74940722532522,32.10014205729057,20.61,low
19,2,10,0,0,0,market,Singapore,rain,3.725051512870783,42.4470861197385,36.75,medium
12,4,1,0,0,0,museum,Bangkok,clear,5.3818315631220415,72.09645788711008,17.81,low
10,6,10,1,0,0,beach,Dubai,clouds,4.37208937745305,74.72963898220095,68.04,high
16,5,10,1,0,0,museum,Singapore,fog,39.45113769376446,41.53904778531954,56.14,medium
10,5,9,1,0,0,park,Dubai,fog,5.188525502172103,62.19757532499558,49.82,medium
23,5,6,1,0,0,shopping_mall,Singapore,fog,11.61952256538202,34.51665777801401,27.9,low
0,0,5,0,0,0,shopping_mall,Amsterdam,clouds,39.95948029000523,51.053085464327886,0.0,low
11,3,12,0,0,0,restaurant,Paris,rain,2.7134425365246972,42.52129959316345,38.99,medium
10,1,7,0,0,0,tourist_spot,Tokyo,rain,22.756861631868283,92.00846189397427,36.29,medium
6,2,6,0,0,0,transport_hub,Barcelona,snow,31.890175353156994,68.42391654984311,1.68,low
4,1,5,0,0,0,shopping_mall,Dubai,snow,16.55812261336743,75.69384846241527,0.0,low
9,6,6,1,0,0,transport_hub,Dubai,clouds,13.268771707873142,88.71398383082605,49.31,medium
2,3,12,0,0,0,market,Rome,rain,25.060433904610026,83.18043312018895,14.25,low
19,1,8,0,0,0,beach,New York,rain,12.579975935769085,22.372116188424126,12.33,low
2,1,2,0,0,0,shopping_mall,London,rain,12.092731945220452,28.417345420019146,0.0,low
6,1,2,0,0,0,museum,Singapore,snow,6.163111087742945,45.50869281793205,5.18,low
23,3,5,0,0,0,park,Barcelona,clear,37.52095386867124,70.75379665534217,1.92,low
6,0,5,0,0,0,tourist_spot,Singapore,fog,12.439252714019222,23.30224727488253,0.0,low
2,4,9,0,0,0,transport_hub,Singapore,clear,26.359371467099997,43.43606000159695,0.62,low
9,1,8,0,0,0,restaurant,Barcelona,rain,12.765991620059935,53.08367170642542,25.59,low
8,6,5,1,0,0,market,New York,clear,22.38503054203411,27.67814696202653,45.94,medium
11,0,7,0,0,0,transport_hub,Rome,rain,6.850999018920323,43.353316977580754,68.79,high
17,1,12,0,0,0,shopping_mall,Paris,snow,2.0182404237767804,48.769972950480806,49.51,medium
13,2,3,0,0,0,beach,New York,fog,27.604995876361578,53.43771991300322,24.1,low
9,5,12,1,0,0,transport_hub,London,fog,36.91135965458838,77.33212128227316,37.95,medium
4,5,8,1,0,0,museum,Istanbul,snow,25.776744398539037,77.48701214719371,47.78,medium
7,3,4,0,0,0,restaurant,New York,fog,14.537973818801913,33.7514803742699,14.07,low
10,0,11,0,0,0,transport_hub,Singapore,clear,14.057632827357075,54.593126277867476,35.81,medium
9,4,6,0,0,0,transport_hub,Sydney,fog,32.7021156890014,79.75683300214706,41.81,medium
17,2,11,0,0,0,museum,Rome,snow,9.543011671565424,38.276829578698994,36.23,medium
15,6,6,1,0,0,beach,Tokyo,fog,39.20820904831699,62.54083956814935,70.35,high
17,5,12,1,0,0,restaurant,New York,clear,28.476352862771833,82.75611453873867,54.81,medium
18,3,4,0,0,0,shopping_mall,Barcelona,snow,38.235337855158356,25.220572612206926,29.63,low
21,4,4,0,0,0,beach,Barcelona,clear,32.68134359685085,86.54461524305933,24.22,low
0,5,10,1,0,0,market,Amsterdam,fog,24.62288665113789,53.536982645653154,9.65,low
21,5,7,1,0,0,transport_hub,Rome,rain,37.467059324600406,73.83434164295734,28.3,low
2,0,12,0,0,0,tourist_spot,Sydney,snow,34.10020717805167,24.680791889814408,1.61,low
1,0,7,0,0,0,tourist_spot,Istanbul,rain,11.288369853997121,22.338855658792607,0.0,low
22,6,3,1,0,0,beach,Amsterdam,snow,17.40760193619692,35.841205602039146,33.97,low
15,0,6,0,0,0,market,London,rain,6.170691635749002,94.80920322578531,23.79,low
4,5,11,1,1,0,market,Paris,clear,35.39554729661385,69.34450226094673,30.98,low
2,4,5,0,0,0,market,Amsterdam,snow,27.815620781311242,89.7733259344683,10.92,low
5,6,10,1,0,0,shopping_mall,Dubai,snow,9.029636736449905,51.85788929717983,11.41,low
18,5,1,1,0,0,shopping_mall,Istanbul,fog,37.06257806604095,63.22642648609542,39.26,medium
1,4,2,0,0,0,shopping_mall,Istanbul,fog,27.61989059450123,30.656560992925687,0.0,low
8,5,6,1,1,0,shopping_mall,Dubai,fog,18.898062893945827,75.62645830050312,81.24,high
2,3,11,0,1,0,park,Sydney,rain,0.43133600618505685,54.05260788984397,6.03,low
18,2,4,0,0,0,transport_hub,Bangkok,rain,1.4130496069941367,89.21483870463624,31.92,low
23,1,11,0,0,0,park,Paris,fog,2.06479539165493,94.27736220420518,16.54,low
0,0,10,0,0,0,park,Singapore,fog,31.350512885406253,38.90382308468526,8.69,low
8,5,9,1,1,0,park,Rome,clear,36.40525954716507,75.42254251491406,88.56,high
14,0,11,0,0,0,transport_hub,New York,clouds,31.97488025647069,84.65108210207364,45.67,medium
2,6,12,1,0,0,market,Sydney,clouds,30.11045187520551,50.97109073979843,5.37,low
7,5,1,1,0,0,shopping_mall,Istanbul,clouds,33.67332140954605,24.074433991086345,25.8,low
3,2,9,0,0,0,tourist_spot,New York,snow,29.84602181561344,76.4320889799628,4.65,low
7,4,6,0,0,0,beach,Amsterdam,snow,21.217685303174775,52.60507472522354,0.0,low
14,6,10,1,0,0,beach,Amsterdam,fog,1.6407046012175996,88.82841057961434,64.3,medium
11,6,10,1,0,0,beach,Sydney,rain,10.683512628768788,27.37075913064773,32.4,low
18,3,11,0,0,0,beach,Singapore,clouds,23.54897164419212,34.619426347288666,16.6,low
21,0,12,0,0,0,market,Barcelona,clear,0.4784564409401293,27.32740696068719,23.69,low
21,6,4,1,0,0,shopping_mall,Barcelona,rain,1.3616705011428776,66.45479177605804,46.05,medium
19,0,2,0,0,0,restaurant,Sydney,clear,24.187431374164596,48.19688300959465,15.31,low
18,3,10,0,0,0,market,Tokyo,rain,26.419113855416192,25.678563176904156,41.27,medium
8,0,4,0,0,0,beach,Istanbul,rain,31.229251943229748,40.79656111659814,1.17,low
12,5,3,1,0,0,beach,Barcelona,rain,10.586594098189316,53.04311245832507,37.89,medium
6,4,5,0,0,0,beach,New York,clear,30.74829293228792,36.37898736482465,12.72,low
3,5,10,1,0,0,shopping_mall,Istanbul,clear,22.853782393796784,38.794726269638446,22.32,low
0,6,4,1,0,0,shopping_mall,New York,clear,26.58423345997447,39.98273608364582,30.23,low
10,0,12,0,1,0,beach,Sydney,snow,16.156510068192823,74.58255658723621,27.06,low
17,6,3,1,0,0,restaurant,Paris,snow,21.412163059426,94.37010352998134,56.89,medium
21,3,12,0,1,0,park,Bangkok,clear,34.133683133401135,45.5047092663814,35.48,medium
9,6,4,1,0,0,restaurant,New York,snow,11.954813806975565,49.25785438891167,45.12,medium
20,2,4,0,0,0,transport_hub,Singapore,snow,5.5977180706555485,34.48195391820628,36.44,medium
7,3,8,0,1,0,shopping_mall,Bangkok,fog,19.987366060596713,92.37153844959118,48.97,medium
0,3,4,0,1,0,tourist_spot,Barcelona,clear,8.467127027244477,69.03874509072848,16.71,low
14,1,6,0,0,1,market,Istanbul,clear,26.15326107116431,55.34147268562328,47.88,medium
1,1,9,0,0,0,restaurant,Istanbul,clear,1.9983198954648795,43.05030011799515,5.9,low
14,6,4,1,1,0,market,Sydney,clear,23.79909628605104,66.17213954435988,52.88,medium
6,6,3,1,0,0,beach,Barcelona,snow,39.03413077714693,63.19752578393638,35.19,medium
10,5,5,1,0,0,restaurant,Paris,rain,10.955734295021532,76.81625646454523,44.14,medium
22,2,6,0,0,0,transport_hub,Dubai,clouds,1.6279557744773854,27.497588800854395,28.57,low
19,1,10,0,1,0,beach,New York,snow,0.28895979506160074,89.46027172122592,34.45,low
20,0,12,0,0,0,park,Bangkok,snow,8.246408743586496,67.98692777992211,8.14,low
14,1,6,0,0,0,beach,London,fog,23.850878828764095,73.7899066693453,28.89,low
2,1,9,0,0,0,park,Barcelona,fog,4.700312908471678,59.76492656960607,3.72,low
19,4,4,0,0,0,transport_hub,Dubai,snow,26.37308633569142,40.73199379429352,43.9,medium
3,0,7,0,0,0,market,Amsterdam,snow,6.390383741302079,89.2004779594665,9.83,low
20,4,2,0,0,0,transport_hub,Rome,rain,32.20614698233592,76.88060156245584,28.86,low
3,0,2,0,0,0,tourist_spot,Dubai,clear,4.642603418487159,87.13093811755991,2.11,low
18,5,4,1,0,0,transport_hub,Bangkok,rain,4.405314721504516,37.083654793760246,46.39,medium
23,2,8,0,0,0,beach,London,clouds,23.40369030368558,24.075451692839433,3.66,low
4,3,3,0,0,0,restaurant,Sydney,snow,18.30960772032178,34.561619217705605,3.96,low
8,1,1,0,0,0,restaurant,Barcelona,fog,5.460059973928111,83.87385249074602,0.0,low
13,5,4,1,0,0,market,Barcelona,rain,31.58187860088509,67.84994104100025,44.46,medium
5,1,9,0,0,0,restaurant,Tokyo,fog,39.826573495996776,64.36856534713263,9.47,low
8,2,4,0,0,0,tourist_spot,Istanbul,clouds,17.36994879825921,36.68049575304014,34.09,low
4,1,8,0,0,0,tourist_spot,Bangkok,clear,29.339052071752064,57.81622463853316,1.96,low
16,6,3,1,0,0,beach,Singapore,clear,9.620459700552079,61.88652248293833,62.92,medium
22,3,1,0,0,0,beach,London,rain,39.95806637130067,21.19476233410627,5.93,low
9,4,11,0,0,0,market,Istanbul,fog,0.9765389491381571,54.113059824571366,20.18,low
22,6,5,1,0,0,beach,New York,rain,28.156082520902842,20.102273669307667,21.56,low
2,3,10,0,0,0,beach,Istanbul,clear,30.115520438489128,72.35412378577263,2.24,low
17,2,9,0,0,0,restaurant,Amsterdam,rain,2.1924670084525566,90.89916723408035,23.85,low
11,2,11,0,0,0,tourist_spot,Tokyo,snow,14.62284575892478,33.14505523899904,29.73,low
22,3,7,0,0,0,museum,Dubai,clouds,13.397187065670696,60.47253697005529,0.13,low
15,4,10,0,0,0,restaurant,Istanbul,rain,10.69431409346043,71.01700541913274,37.03,medium
1,1,10,0,0,0,museum,Barcelona,snow,33.182393051001256,55.262288736081835,5.1,low
21,3,6,0,0,0,park,Singapore,clear,35.35915924843374,26.548156261539305,16.45,low
5,6,2,1,0,0,park,Tokyo,rain,5.9181617189433355,31.287355166856088,22.68,low
16,4,7,0,0,0,tourist_spot,Rome,fog,18.956196709483933,51.50974797673153,82.82,high
0,0,10,0,1,0,park,London,clouds,20.784819318256385,45.19080270735084,29.31,low
10,2,8,0,0,0,transport_hub,Singapore,fog,17.810252147319044,42.80617537009622,35.25,medium
9,0,5,0,0,0,market,Rome,rain,30.789989484999687,23.548920237462035,23.01,low
9,2,12,0,0,0,shopping_mall,New York,clouds,11.409863287890104,92.99045669400655,26.5,low
22,2,12,0,0,0,market,New York,clear,22.981006838820427,53.0666478315781,11.46,low
5,5,1,1,0,0,restaurant,Dubai,rain,5.917768589530863,53.632182259038046,24.54,low
17,3,6,0,0,0,park,Tokyo,snow,30.74072663348433,91.08417905385087,10.39,low
4,3,11,0,0,0,tourist_spot,Istanbul,fog,28.2180542634597,55.5433005258315,3.94,low
18,0,10,0,0,0,market,Sydney,snow,4.492624918115293,55.923592504211406,25.96,low
4,4,2,0,1,0,museum,Rome,fog,17.83890764635609,26.936084847729543,26.9,low
19,5,2,1,0,0,restaurant,Sydney,rain,3.3435820157564544,83.70885415680226,26.45,low
21,5,11,1,0,0,museum,Dubai,snow,24.203112873898696,90.75516230764664,25.51,low
11,1,11,0,0,0,beach,New York,snow,14.913246039209005,41.34877741984289,2.42,low
9,0,12,0,0,0,shopping_mall,Dubai,snow,16.624391020442694,53.187827256676194,23.69,low
23,4,6,0,0,0,beach,Istanbul,clouds,23.917428280734413,30.77294622051555,22.63,low
15,0,11,0,0,0,transport_hub,Tokyo,fog,3.5379311462100915,50.70954790644682,30.2,low
13,4,10,0,0,0,market,Dubai,fog,5.477081596630082,33.95048135832905,61.06,medium
9,3,1,0,0,0,shopping_mall,Paris,rain,12.156575171381379,61.946079250344646,24.95,low
7,3,4,0,0,0,tourist_spot,Paris,rain,33.36972285406614,55.44058769429675,15.76,low
21,2,11,0,0,1,park,Bangkok,clouds,19.722009001473467,92.79689949009092,26.83,low
23,2,9,0,0,0,transport_hub,Sydney,snow,25.119841899249803,55.70305349729512,11.94,low
3,1,12,0,0,0,transport_hub,Dubai,clear,6.513889307276752,24.3882795494816,0.0,low
14,3,11,0,0,0,market,Barcelona,rain,25.449885401756944,91.63672690614182,34.23,low
9,5,2,1,0,0,park,Dubai,clear,30.657697507151944,33.743562306103875,64.16,medium
19,3,4,0,0,0,market,Dubai,rain,27.398686051332113,42.58042317151593,28.98,low
22,6,12,1,0,0,transport_hub,Tokyo,rain,0.5159065535513863,58.862805970805375,31.69,low
15,1,1,0,0,0,beach,Barcelona,clouds,6.182196588332323,36.58351262933027,13.27,low
17,1,7,0,0,0,museum,Bangkok,clear,5.249286271157785,21.303454942732053,49.22,medium
9,4,12,0,0,0,transport_hub,New York,fog,38.80445818365965,32.915536971704036,51.97,medium
0,1,11,0,0,0,museum,London,clouds,12.297132946653416,35.73807548557496,0.0,low
13,1,3,0,1,0,museum,Tokyo,snow,1.7006776321980333,28.086303639854883,85.75,high
16,1,11,0,0,1,tourist_spot,Singapore,rain,0.41089587049194076,27.237769914253136,46.68,medium
19,5,5,1,0,0,restaurant,Sydney,clouds,1.1703646453557326,30.91677332997034,50.6,medium
18,2,10,0,0,0,transport_hub,Barcelona,fog,24.51825715357736,57.86819217926004,43.46,medium
3,4,3,0,0,0,tourist_spot,Dubai,clouds,6.870938510197484,76.55134033623699,8.83,low
23,2,1,0,0,0,museum,London,snow,23.57522284541302,52.974937189477885,8.93,low
5,2,4,0,0,0,transport_hub,Bangkok,fog,4.513819146576354,93.84595627763137,0.0,low
14,5,5,1,0,0,museum,Dubai,rain,22.28528491322296,23.04564223564115,67.57,high
15,4,12,0,0,0,museum,Bangkok,fog,27.481862299495646,83.08176318777122,42.57,medium
17,5,8,1,0,0,beach,Rome,snow,2.7843662782772283,83.07937063412912,41.45,medium
21,2,5,0,1,0,transport_hub,New York,snow,15.854790341275438,59.199678222768895,52.77,medium
2,4,11,0,0,0,museum,New York,fog,29.65728638329813,86.93207229181378,2.19,low
2,2,6,0,0,0,transport_hub,London,fog,16.17156121813123,37.465222908989965,0.0,low
23,5,3,1,0,0,shopping_mall,Rome,fog,30.252117749897458,80.07381732230886,30.04,low
11,1,2,0,0,0,shopping_mall,Amsterdam,snow,20.45658060279209,31.05305744409536,34.13,low
3,1,4,0,0,0,museum,Rome,clouds,5.384335228718373,27.47025426726696,5.41,low
2,3,2,0,1,0,shopping_mall,Amsterdam,clouds,27.168174483464924,31.45524883796606,44.3,medium
19,4,9,0,0,0,museum,Tokyo,fog,31.709256609088726,35.144881583878536,49.35,medium
15,3,11,0,0,0,shopping_mall,Dubai,rain,21.621159478014714,21.325279447760703,35.17,medium
13,2,2,0,0,0,museum,Bangkok,snow,1.439244756954845,33.26518797688179,35.19,medium
9,1,11,0,0,0,market,Singapore,rain,19.498197067979316,28.203649466217612,11.21,low
15,3,11,0,0,0,shopping_mall,Singapore,clouds,15.655392784890822,57.10183478391456,34.94,low
19,6,1,1,0,0,transport_hub,Rome,clear,5.127922545949861,47.48075705890177,32.86,low
0,0,8,0,0,0,transport_hub,Bangkok,rain,16.47718410231747,24.23369351471215,5.11,low
7,3,9,0,0,0,restaurant,Amsterdam,clear,2.6200094428479526,42.86843421746303,3.87,low
5,0,12,0,0,0,tourist_spot,Dubai,snow,16.898921599402847,58.60698672090275,0.0,low
8,2,3,0,0,0,tourist_spot,Istanbul,clear,15.10950373719738,49.27255927906634,37.3,medium
3,3,8,0,0,0,shopping_mall,Tokyo,clouds,20.110740903454175,77.36779253970136,0.66,low
5,2,12,0,0,0,park,Barcelona,clouds,33.89336376610614,79.03622065223074,8.15,low
6,0,7,0,1,0,park,Rome,fog,9.035439081362568,75.71660192195758,26.23,low
22,1,4,0,0,0,museum,Sydney,clear,21.242546282788624,52.032941771525415,11.93,low
2,3,12,0,0,0,park,Dubai,snow,12.534118652366693,51.07356879988738,7.83,low
19,3,9,0,0,0,shopping_mall,Amsterdam,clouds,25.11375746230234,58.716808629805115,26.67,low
18,0,7,0,0,0,shopping_mall,London,snow,25.517054358935155,80.67001090259606,40.77,medium
18,1,3,0,0,0,tourist_spot,Dubai,snow,6.018906160126183,71.39799775492219,21.5,low
13,4,11,0,0,0,beach,Barcelona,clear,33.83867931736659,40.0201068951063,25.92,low
20,4,10,0,0,0,market,Rome,clouds,4.54234306513138,34.39370086102048,27.53,low
9,4,9,0,0,0,shopping_mall,Singapore,snow,36.226224910319964,35.14928815478002,32.58,low
4,4,10,0,0,0,tourist_spot,Rome,rain,7.039408875791375,83.93907631313374,0.0,low
0,5,5,1,0,0,tourist_spot,Tokyo,rain,36.02299539896502,50.52551386697585,23.44,low
21,6,1,1,0,0,museum,Bangkok,clouds,22.838935176873324,57.51863963879763,21.04,low
16,2,5,0,0,0,park,Singapore,clouds,30.92763537367798,43.505774696889844,22.73,low
23,1,8,0,0,0,beach,Istanbul,snow,4.27256052945681,36.058147868098764,0.0,low
14,6,10,1,0,0,beach,Rome,clear,14.98819938290647,91.15331670993642,81.9,high
17,0,11,0,0,0,beach,Singapore,rain,37.478891654286244,47.2248509201529,14.8,low
9,3,1,0,0,1,tourist_spot,Amsterdam,fog,31.957652849211776,24.100425741085285,62.44,medium
7,6,11,1,0,0,park,Dubai,rain,27.409933543817328,60.118301958005645,7.86,low
14,2,8,0,0,0,beach,Paris,snow,36.71706773505618,42.566611370211646,21.69,low
9,1,8,0,0,0,restaurant,New York,rain,30.669636024364678,50.47166119664017,34.56,low
8,4,2,0,0,0,museum,Singapore,snow,13.308888589556815,51.677449984528806,20.32,low
5,2,4,0,1,0,park,Dubai,snow,32.5371219360017,75.33391404530127,22.05,low
22,0,4,0,0,0,tourist_spot,Paris,clouds,31.64077271255815,30.206916743745538,10.74,low
6,2,2,0,0,0,park,Barcelona,clear,20.654635642040947,92.7248440129351,15.95,low
4,4,10,0,0,0,beach,Barcelona,clouds,27.498674867457275,82.00764570063748,19.79,low
6,6,10,1,0,0,museum,Bangkok,snow,37.790286193692395,86.32560728325912,25.9,low
0,3,8,0,0,0,tourist_spot,Dubai,clouds,38.9651028699949,34.86996520037753,0.0,low
5,2,12,0,0,0,tourist_spot,Bangkok,fog,3.562450694451589,47.59401155828846,17.93,low
3,4,8,0,0,0,tourist_spot,Istanbul,snow,19.765961205515964,36.83629623440861,13.46,low
6,3,7,0,0,0,park,Rome,snow,34.253509106220584,65.00620898729186,0.0,low
23,0,10,0,0,1,restaurant,Bangkok,clouds,9.419425015950274,53.823251858723296,30.0,low
11,0,9,0,1,0,shopping_mall,Tokyo,clouds,38.97596707732187,49.81660367186318,72.35,high
22,5,8,1,0,0,beach,Istanbul,fog,3.8111768832802673,24.40642352333997,37.02,medium
7,2,12,0,0,0,shopping_mall,Barcelona,fog,32.394118024561365,20.402073890151573,10.65,low
19,3,6,0,0,0,beach,Rome,rain,35.68903790699255,23.08437417102246,6.67,low
8,6,7,1,0,0,market,Dubai,rain,5.276781347289079,43.79880400947606,36.36,medium
13,2,6,0,0,0,market,Rome,clear,19.968424699210985,93.00286172040032,49.72,medium
23,5,10,1,0,0,transport_hub,Bangkok,rain,30.46255675754454,39.78184553811663,15.63,low
13,3,11,0,0,0,market,Barcelona,snow,6.050589846275658,83.9775245950666,47.4,medium
20,6,11,1,0,0,shopping_mall,Paris,clear,1.434489926769591,39.516797268887025,32.26,low
14,6,12,1,0,1,beach,Tokyo,snow,28.36116569067672,56.38996358463151,64.56,medium
3,5,5,1,0,0,market,Tokyo,clouds,7.226198564456001,32.62212512079811,13.49,low
8,0,6,0,0,0,restaurant,Sydney,clear,22.831512445380937,51.23142435424767,21.6,low
7,6,3,1,0,1,shopping_mall,Amsterdam,rain,27.22557637750832,49.56273520750457,66.52,high
3,0,8,0,1,0,transport_hub,New York,snow,26.381572926001276,54.054163635721466,17.19,low
19,0,10,0,0,0,tourist_spot,Barcelona,fog,12.996618732040641,74.86589130004184,42.26,medium
4,6,8,1,0,0,restaurant,Paris,rain,2.2214009594321205,25.304306678747505,32.69,low
12,5,9,1,0,0,museum,Bangkok,clouds,34.62062042919315,26.689123075741545,71.92,high
5,1,8,0,0,0,beach,Bangkok,clouds,19.6338039043845,52.42688145631325,5.74,low
21,0,11,0,0,0,market,Barcelona,rain,19.58492143316341,86.4059778981411,33.64,low
8,2,5,0,0,0,beach,Tokyo,rain,17.3642369004149,51.95128241159811,5.87,low
16,4,2,0,0,0,transport_hub,Singapore,clouds,21.09114844487893,68.54190434776868,35.4,medium
9,6,3,1,1,0,shopping_mall,Bangkok,snow,39.36744932168416,71.32354529736766,78.76,high
7,4,11,0,0,0,beach,Rome,fog,1.803796146337544,28.072412858149917,5.36,low
13,6,3,1,0,0,museum,Singapore,fog,14.218305425304232,63.917591356729844,54.9,medium
0,2,5,0,0,0,museum,Istanbul,clouds,33.71639293222348,23.39440372770125,12.12,low
22,4,3,0,0,0,park,Barcelona,snow,17.9979162287147,80.58755513191655,19.24,low
5,4,12,0,1,0,restaurant,New York,fog,26.936350496509863,52.53491904644817,19.03,low
0,2,1,0,1,0,beach,Tokyo,snow,16.203663906091602,69.32878201779191,14.97,low
23,5,9,1,0,0,shopping_mall,Rome,fog,26.952125717145684,71.77200157666707,35.45,medium
9,3,2,0,0,0,museum,New York,clouds,0.6354098606206282,92.78902727452355,20.61,low
6,4,1,0,0,0,shopping_mall,Amsterdam,clouds,25.042366045173807,79.25086524630852,11.06,low
2,4,7,0,0,1,park,Singapore,snow,6.096889596814266,72.69485792811919,15.31,low
15,4,5,0,0,0,tourist_spot,Singapore,clouds,33.178030500959906,49.380004508936125,47.72,medium
0,3,12,0,0,0,museum,Amsterdam,snow,33.94465044012761,75.2808735027879,14.86,low
23,6,9,1,0,0,park,Paris,snow,28.984567407219195,90.14607154503534,34.75,low
7,0,5,0,1,0,tourist_spot,Dubai,fog,2.5404227578189564,86.96578971015305,46.7,medium
15,5,3,1,0,0,museum,Singapore,rain,17.449200159551776,32.100007732218565,52.77,medium
15,5,7,1,0,0,transport_hub,Singapore,clouds,27.39896337364703,89.13016975043348,66.29,high
14,5,11,1,0,0,market,Rome,snow,33.32322983181386,70.48304702295,46.43,medium
15,2,1,0,0,0,market,Sydney,clear,5.163862160829038,34.96131671014098,32.27,low
15,2,9,0,0,0,museum,Bangkok,snow,8.377317654141937,23.528700209741228,59.64,medium
11,2,1,0,0,0,park,Barcelona,clouds,35.778298826062354,22.397750582629183,14.78,low
10,0,3,0,0,0,beach,Tokyo,clear,19.454611914700905,94.52471163514491,20.39,low
1,4,12,0,0,0,park,New York,fog,4.165680917026076,23.78165315462207,0.0,low
14,5,3,1,0,0,museum,Tokyo,fog,37.89533975776077,81.77076710153717,52.09,medium
16,5,2,1,0,0,museum,New York,clouds,6.281301894292017,41.909224078895534,46.37,medium
16,2,3,0,0,0,shopping_mall,Istanbul,clouds,13.38430101250433,30.332934813378447,46.23,medium
14,1,7,0,0,0,beach,Paris,snow,20.200909129161175,26.392539627486254,15.81,low
22,1,1,0,0,0,beach,Barcelona,clouds,30.140286841884336,51.629165701874946,7.04,low
4,0,8,0,0,0,beach,Bangkok,snow,20.64621174174766,71.16489791969266,0.9,low
14,0,1,0,0,0,market,Paris,fog,3.391128581256755,43.610342890946676,38.01,medium
13,5,6,1,0,0,tourist_spot,Bangkok,clouds,2.312393181840471,67.37056716161615,100.0,high
21,0,1,0,0,0,park,Bangkok,fog,28.862041754334417,43.52714272731776,2.95,low
0,0,12,0,0,0,park,Dubai,clouds,17.847562028133673,35.385017853740464,0.0,low
19,2,7,0,0,0,shopping_mall,Istanbul,snow,35.23898729727608,26.3210692463276,43.35,medium
10,2,7,0,0,0,beach,Istanbul,clouds,21.631608988025146,36.03008867771526,35.21,medium
17,3,6,0,0,1,park,Dubai,clouds,21.597305712849973,39.40176351443293,69.58,high
23,1,11,0,0,0,beach,Dubai,clear,10.390258320268849,58.0624532817714,8.2,low
1,5,5,1,0,0,museum,Singapore,clear,39.31802250030557,80.40406715819131,22.44,low
18,5,8,1,0,0,restaurant,Barcelona,fog,28.574039154549155,58.97499855841267,65.49,high
3,6,9,1,0,0,transport_hub,Dubai,rain,5.86213013876689,51.92690992454307,18.73,low
2,6,2,1,0,0,museum,Paris,clouds,17.84656348171016,47.69706622333588,23.53,low
12,4,6,0,0,0,beach,Rome,snow,27.560714462708113,91.08650253501222,24.01,low
5,4,3,0,0,0,market,Dubai,snow,28.180987391825163,84.74537431959497,12.28,low
22,6,5,1,0,0,restaurant,Singapore,clouds,14.773282385378286,91.3866314583082,47.35,medium
13,5,9,1,0,1,museum,Tokyo,rain,14.858694167412692,94.32650758388998,94.52,high
9,0,11,0,0,0,shopping_mall,Paris,clouds,16.87027873058648,90.26154914549716,29.69,low
9,2,11,0,0,1,restaurant,New York,snow,2.702581545837681,23.35118570415777,39.21,medium
18,0,5,0,0,0,park,Sydney,rain,19.009101937550298,74.00251215343371,14.85,low
4,2,9,0,0,0,market,Dubai,snow,5.959303637249929,74.58981170796767,11.85,low
19,5,4,1,0,0,beach,Bangkok,snow,1.8327885741232297,70.28328796292273,26.36,low
23,3,3,0,0,0,park,Amsterdam,clouds,22.879791745576025,79.71190860770372,5.65,low
9,1,12,0,0,0,museum,Amsterdam,clouds,21.67337315584885,76.8211373237191,31.5,low
16,0,8,0,0,0,restaurant,Singapore,clear,37.44727239962203,33.48075510694278,33.55,low
8,3,1,0,0,0,restaurant,London,fog,32.27684096501584,65.51411158615602,23.43,low
18,3,2,0,0,0,tourist_spot,Singapore,clear,7.220320229213364,21.804270516884554,37.93,medium
10,6,6,1,0,0,beach,Rome,clear,11.414068980227189,33.700169467677085,84.07,high
4,5,4,1,0,0,park,Bangkok,clear,13.01162784739072,22.037839431297378,26.35,low
9,1,3,0,0,0,beach,Tokyo,snow,10.317371599529132,90.61831364095661,17.0,low
1,2,5,0,0,0,restaurant,London,fog,20.34485094320475,57.83159389256426,6.3,low
8,3,4,0,0,0,tourist_spot,Barcelona,snow,1.1562575124185637,67.51559713878135,36.94,medium
8,3,1,0,0,0,museum,London,clouds,16.26983685671754,26.293126668563772,15.69,low
16,5,10,1,0,0,restaurant,New York,clouds,21.501425192538687,51.78143424616312,52.95,medium
14,6,7,1,0,0,tourist_spot,Paris,fog,38.88327216129949,20.040719878026295,88.5,high
8,1,5,0,0,0,park,Amsterdam,rain,8.510165388929591,83.05131456460529,22.02,low
1,6,10,1,0,0,market,Istanbul,clear,15.812196045645862,29.22327237045286,12.44,low
23,1,5,0,0,0,park,Bangkok,fog,12.732157672623279,71.1575746976259,5.65,low
20,5,12,1,0,0,park,Istanbul,clouds,12.865530056247056,35.79679201904647,51.21,medium
10,2,9,0,0,0,tourist_spot,Istanbul,clear,0.17116990728526904,20.718395974136737,53.85,medium
13,0,6,0,0,0,shopping_mall,Bangkok,clear,35.70288772347088,81.20424494423702,46.43,medium
21,5,4,1,0,0,museum,Barcelona,snow,14.31862961851091,33.288997768878446,41.5,medium
0,4,12,0,0,0,museum,Singapore,clouds,8.860830588085783,21.48362522484045,11.06,low
21,5,10,1,0,0,transport_hub,London,fog,32.33657977515743,36.58607604033757,18.99,low
11,6,5,1,0,0,tourist_spot,Rome,fog,7.843471760828353,81.58426029892792,79.91,high
3,4,2,0,0,0,park,Sydney,clouds,26.393536847476607,62.42802858660494,0.0,low
19,3,11,0,0,0,market,Tokyo,clear,37.34253602323034,84.1609219245418,34.06,low
23,1,6,0,0,0,park,London,clear,27.719432615558638,59.97061380061687,0.0,low
21,4,9,0,0,0,shopping_mall,Paris,clear,12.91997058169489,83.32561652833957,21.93,low
8,1,2,0,0,0,museum,Amsterdam,snow,30.36086858614226,86.28518312492609,22.68,low
1,3,8,0,0,1,park,Bangkok,rain,3.2723560571963928,62.88647126835188,26.95,low
23,2,1,0,0,0,restaurant,Istanbul,clear,7.875072707081308,44.691847512948804,2.35,low
20,6,3,1,0,0,museum,Paris,clear,25.051884333807468,45.07269019661895,37.0,medium
7,2,9,0,0,0,museum,Singapore,rain,32.86535183596267,58.975628350364666,34.41,low
2,2,8,0,0,0,shopping_mall,Tokyo,fog,38.98102315088717,88.75357834622842,0.0,low
10,6,1,1,1,0,museum,New York,snow,24.42954558914459,52.387924231099106,55.46,medium
21,4,4,0,1,0,tourist_spot,Dubai,snow,24.69207905291419,50.83310028525739,37.9,medium
21,2,9,0,0,0,tourist_spot,Singapore,snow,24.769222170495368,45.471235616647505,10.77,low
0,3,11,0,0,0,shopping_mall,Dubai,clouds,0.491543291561336,73.49745456178363,0.0,low
6,3,8,0,0,0,market,Amsterdam,rain,28.984921461597345,53.34682352054309,15.47,low
4,1,9,0,0,0,tourist_spot,Paris,fog,38.38965405574589,76.57802262776175,5.03,low
18,1,11,0,0,0,market,New York,fog,14.753199806890205,20.60613817591998,23.49,low
21,3,8,0,0,0,market,Paris,fog,16.8824456166673,34.65553472368648,9.36,low
20,0,7,0,0,0,restaurant,Tokyo,snow,39.276930233062025,64.98217274942277,28.98,low
18,1,12,0,0,0,transport_hub,Sydney,rain,18.172083758147203,79.18935401954298,48.4,medium
15,6,2,1,0,0,restaurant,Paris,clouds,8.52554030389161,56.05596557329567,42.11,medium
23,1,12,0,0,0,beach,London,clear,2.949246274795132,22.251319152130705,19.31,low
4,3,4,0,0,0,park,Singapore,fog,14.396369470329526,93.14819564839019,0.0,low
6,5,7,1,0,0,park,New York,rain,13.592699720720702,61.587871636802845,12.4,low
6,5,7,1,0,1,tourist_spot,New York,clear,15.156910316607114,79.05605604034561,52.01,medium
10,6,4,1,0,0,restaurant,Rome,rain,26.436348608541426,90.5871316754781,54.04,medium
13,6,10,1,0,0,museum,Tokyo,clouds,7.667251686023087,48.36466470417784,65.95,high
10,3,1,0,0,0,beach,Amsterdam,clear,23.493034895986963,84.0826574724922,19.49,low
4,5,10,1,1,0,transport_hub,London,rain,34.06010553487226,92.62882306282346,38.22,medium
6,1,5,0,0,0,museum,Singapore,fog,20.344552215372275,76.348102846605,0.44,low
16,0,10,0,0,0,transport_hub,Singapore,clouds,14.955148853503367,72.08822553044021,52.35,medium
15,0,5,0,0,0,park,Sydney,fog,8.28798390016743,87.11634688247022,24.99,low
7,5,4,1,0,0,beach,London,snow,37.419956279525636,48.05805164642403,36.48,medium
2,1,7,0,0,0,market,Tokyo,fog,23.35848898921696,54.893983329979,3.74,low
10,4,9,0,0,0,beach,Singapore,snow,19.901722466057663,40.47645992545648,19.36,low
5,2,1,0,0,0,shopping_mall,London,clear,3.296740440880601,83.19525418901718,7.56,low
17,5,6,1,0,0,museum,Rome,clear,14.40947563597005,60.95195449905839,78.08,high
6,3,12,0,0,0,transport_hub,Rome,rain,24.161361753343257,30.339884459081155,15.94,low
8,1,7,0,0,0,tourist_spot,Rome,rain,16.152445657794175,50.431886290308825,33.73,low
20,3,8,0,0,0,tourist_spot,Singapore,clouds,9.103139706530063,74.25019175697327,39.3,medium
15,2,8,0,0,0,restaurant,Dubai,fog,28.900414053916247,54.60508529506227,40.95,medium
10,1,3,0,0,0,restaurant,Bangkok,snow,17.99887742189888,61.88351129932556,24.78,low
4,3,1,0,0,0,market,Rome,clear,26.353925119131468,46.599683243681994,13.02,low
13,4,8,0,0,0,beach,Amsterdam,fog,23.47820342279668,62.568307063742246,28.89,low
4,2,2,0,0,0,market,Barcelona,fog,22.955149372501594,49.31644170368395,16.03,low
6,3,1,0,0,0,beach,Tokyo,clouds,13.153654506658018,92.14536096055171,3.88,low
9,1,10,0,0,0,museum,New York,fog,33.05899312765138,65.25229343508184,19.35,low
5,4,1,0,0,0,restaurant,Tokyo,snow,9.321577039690471,69.46774199105559,3.42,low
14,6,3,1,0,0,tourist_spot,Barcelona,clouds,36.392497840780386,49.33289547843977,59.43,medium
4,6,4,1,0,0,beach,Singapore,snow,34.62797975733271,29.744921254245043,28.02,low
9,5,7,1,0,0,beach,Istanbul,clouds,37.5661701888781,64.06189650463284,59.28,medium
22,1,5,0,0,0,shopping_mall,Rome,clouds,32.98330497718957,65.36364496177015,8.31,low
16,5,9,1,0,0,transport_hub,Sydney,snow,1.5633916071923704,26.832700756142906,38.56,medium
14,1,10,0,0,0,transport_hub,Istanbul,rain,32.93718421756767,83.7382918084746,41.98,medium
7,3,3,0,0,0,market,Sydney,snow,26.36320149405131,72.38915266578007,0.0,low
12,4,4,0,0,0,tourist_spot,London,clouds,25.123328130763035,41.89171928911857,43.85,medium
22,3,3,0,0,0,restaurant,Singapore,fog,14.749282621304282,76.65476495692016,13.58,low
10,3,6,0,0,0,beach,Singapore,clouds,18.4866994698995,25.489661901555927,36.04,medium
21,2,12,0,0,0,shopping_mall,Bangkok,snow,15.866973113350467,20.805302104319853,21.4,low
22,3,4,0,0,0,market,Barcelona,snow,2.7294868476833756,61.132140526746916,2.89,low
22,1,9,0,0,0,shopping_mall,New York,rain,6.8235638256358655,21.354959573776583,10.62,low
5,2,4,0,0,0,park,Tokyo,snow,26.855686236497473,20.840796349970514,1.5,low
4,4,10,0,0,0,shopping_mall,Barcelona,clear,21.291952197601347,53.15436078053472,0.0,low
20,4,2,0,0,0,museum,Bangkok,snow,0.18662930985232862,77.93072714138526,38.19,medium
7,1,7,0,0,0,transport_hub,London,clear,39.57162499861716,45.28374818369367,31.02,low
21,5,7,1,0,0,museum,London,clear,33.2180266571369,32.591216558969485,45.23,medium
1,1,6,0,0,0,beach,Dubai,rain,25.071457382901766,66.85050148914715,0.85,low
12,6,7,1,0,0,beach,Tokyo,clear,6.944862310586739,50.160461731623535,89.57,high
0,6,11,1,0,0,beach,London,clear,11.13830496369153,66.79320456589383,18.74,low
2,0,2,0,0,0,restaurant,Bangkok,fog,39.61897167617487,73.43983315090549,0.0,low
5,6,8,1,0,0,park,Tokyo,snow,38.894674113811966,72.02905580378962,16.89,low
5,2,12,0,0,1,transport_hub,Amsterdam,rain,17.95646261643511,58.32696060124335,25.63,low
16,5,8,1,1,0,tourist_spot,London,clear,29.51653135672148,76.79343076993473,100.0,high
2,2,9,0,0,0,tourist_spot,New York,rain,15.02991771828691,68.15291727217289,15.12,low
23,3,9,0,0,0,shopping_mall,Istanbul,clouds,25.744082864216228,77.03704117216587,10.41,low
13,6,6,1,0,0,park,Paris,rain,8.23269740918629,24.055548593382568,34.43,low
7,6,11,1,0,0,restaurant,Sydney,fog,17.694435605341944,20.453199482308815,36.78,medium
2,4,5,0,0,0,restaurant,Paris,clouds,5.022439984011466,33.025686848516,11.95,low
6,0,7,0,1,0,restaurant,Dubai,snow,28.86695063040741,38.369371867189244,35.4,medium
19,3,6,0,0,0,restaurant,Rome,snow,8.056040189224714,84.68191451278827,28.48,low
2,0,5,0,0,0,transport_hub,Bangkok,snow,20.211702170787515,75.11960783978765,0.0,low
15,3,6,0,0,0,tourist_spot,Bangkok,clear,36.86129996187435,64.6387521199124,68.59,high
17,0,6,0,0,0,market,Rome,rain,15.005875397366907,65.45190174924824,48.15,medium
10,1,3,0,0,0,market,Istanbul,clouds,0.16722202683516318,84.62413454467419,39.04,medium
15,3,1,0,0,0,beach,Bangkok,rain,12.312433016612744,94.06415469291191,16.42,low
13,0,3,0,0,0,tourist_spot,Tokyo,fog,30.51803423055945,91.78226574617908,60.9,medium
16,4,12,0,0,0,shopping_mall,Amsterdam,clear,37.060750253212554,75.17481542013128,42.97,medium
15,1,9,0,0,0,tourist_spot,Barcelona,clear,25.813341482843242,39.599802385327756,65.98,high
21,2,4,0,0,0,market,Rome,fog,33.66063599629027,20.925304060837608,18.58,low
20,1,4,0,0,0,beach,Bangkok,clear,7.552930079700397,51.720864492928754,36.24,medium
8,1,3,0,0,0,park,Dubai,snow,29.357337478282744,76.43466890402163,1.91,low
3,5,4,1,0,0,transport_hub,New York,clouds,15.918808787765798,43.10752570987882,23.41,low
15,2,6,0,1,0,tourist_spot,Tokyo,snow,26.180847671133357,74.97816769272997,54.38,medium
5,4,6,0,0,0,transport_hub,New York,clouds,20.10455010786155,28.26786874830394,0.79,low
6,4,8,0,1,0,market,London,clouds,7.675393301055404,93.72103439771008,15.93,low
14,3,2,0,0,0,museum,Amsterdam,rain,4.987263165939511,24.819682804207453,31.4,low
18,0,1,0,0,1,restaurant,Singapore,clear,38.208549322851496,69.89917087319051,37.91,medium
3,5,2,1,0,0,restaurant,Dubai,snow,39.47587369741734,77.10229776753249,24.2,low
15,5,5,1,0,0,transport_hub,Sydney,rain,13.72309803946171,43.64178531813278,56.21,medium
11,5,9,1,0,0,beach,Bangkok,rain,32.25080820923369,20.23134972355473,37.56,medium
12,6,12,1,0,0,market,Paris,fog,27.97058485491268,81.12888189882281,73.39,high
14,4,1,0,0,1,shopping_mall,Dubai,clouds,37.67750823873849,44.16376789098436,65.08,high
11,2,10,0,0,0,tourist_spot,Istanbul,snow,19.38144576554453,75.44034761149008,33.73,low
11,4,3,0,0,0,beach,Singapore,clear,11.754518928281605,34.6307716399107,28.65,low
16,4,5,0,0,0,tourist_spot,New York,clear,26.922486423344832,61.15599951923989,66.99,high
5,0,4,0,0,0,shopping_mall,Tokyo,fog,8.465632847080528,76.49393905561969,9.16,low
22,1,11,0,0,0,museum,Tokyo,clear,37.15869436457777,87.69863891424042,1.44,low
7,5,10,1,0,0,park,Amsterdam,clear,36.90944747166136,67.51611429755448,43.06,medium
2,4,5,0,0,0,transport_hub,London,fog,13.729031198325847,88.26253443068418,0.0,low
20,3,1,0,0,0,beach,London,clear,4.455300894123142,45.51783904838257,17.05,low
6,2,8,0,0,0,museum,Sydney,rain,23.076673667704426,20.125886859818685,15.96,low
18,5,3,1,0,0,restaurant,Bangkok,rain,31.900725567132877,90.04438739078043,42.63,medium
16,1,5,0,0,0,restaurant,Tokyo,fog,12.637049002856248,81.21109702227074,44.89,medium
7,0,10,0,0,0,shopping_mall,Amsterdam,fog,29.882397253915872,83.68456024748744,6.19,low
1,3,12,0,0,0,transport_hub,Rome,clear,33.90677055910893,63.047896481090824,0.0,low
6,0,10,0,0,0,shopping_mall,Rome,snow,32.40840713177459,31.45266750522965,9.8,low
23,3,8,0,0,0,restaurant,Istanbul,clouds,29.095818517150835,42.432633294382796,13.08,low
5,1,11,0,0,0,tourist_spot,Dubai,snow,39.61257199892615,76.82856387907418,16.41,low
2,6,2,1,0,0,park,Rome,clouds,21.920401273301977,27.298967501651877,19.47,low
18,0,11,0,0,0,tourist_spot,Istanbul,clouds,17.67534962175951,56.18312885486422,47.83,medium
6,6,5,1,0,0,restaurant,Istanbul,clear,34.245651833916334,27.64608812238153,35.79,medium
12,2,6,0,0,0,beach,Amsterdam,clear,38.96635039862267,33.47246595382496,38.52,medium
3,2,2,0,0,0,transport_hub,Sydney,clouds,16.159759832918944,22.549462086783276,7.85,low
12,6,9,1,0,0,shopping_mall,Rome,clouds,15.014865629628243,71.884613739977,73.42,high
21,5,11,1,0,0,museum,Singapore,snow,26.127818955516304,47.54922919623689,20.29,low
3,1,5,0,0,0,museum,Tokyo,fog,23.47401963859257,94.05120017340252,12.86,low
8,6,5,1,0,0,museum,Sydney,snow,28.10947937776341,42.37725103539774,63.53,medium
3,0,5,0,0,0,transport_hub,Tokyo,fog,32.51471748970208,21.480979133656174,0.0,low
17,0,7,0,0,0,shopping_mall,Tokyo,fog,32.753104206939845,68.87754961331709,48.17,medium
21,0,8,0,0,1,museum,New York,clouds,12.571843303157477,22.93573707089721,44.46,medium
6,5,8,1,0,0,market,Tokyo,clear,4.9886848050797905,42.393344173334334,26.59,low
5,2,7,0,1,1,beach,Amsterdam,rain,36.184780532956665,42.00476210144772,47.61,medium
14,5,7,1,0,0,market,Sydney,rain,39.440780877112495,46.4087844301977,57.13,medium
16,3,7,0,0,0,restaurant,Istanbul,clear,7.522946042319334,42.478192219185736,33.8,low
4,1,8,0,0,0,restaurant,Sydney,clouds,16.880600474584,61.23864579292053,11.34,low
12,5,9,1,0,0,market,Bangkok,rain,37.60797312692266,30.74329625958818,59.35,medium
2,3,7,0,0,0,park,Amsterdam,clouds,22.545686262046708,68.58283334626343,0.0,low
19,3,6,0,0,0,market,Bangkok,rain,17.345085256976454,21.943239735821834,41.17,medium
7,0,9,0,0,0,museum,Rome,clear,16.271250565635963,44.70181322107696,0.0,low
11,5,4,1,0,0,transport_hub,Rome,clouds,3.917874210225336,93.46139101429291,63.59,medium
12,1,8,0,0,0,museum,Tokyo,rain,32.271926548963364,27.165541795432627,37.29,medium
22,5,12,1,0,0,park,Dubai,clear,6.829896664022321,90.98827292316011,43.0,medium
5,4,2,0,0,0,transport_hub,Istanbul,fog,35.28084571648539,50.198844602440595,0.0,low
4,2,8,0,0,0,park,Paris,clouds,5.706805699706274,62.56705813226609,0.0,low
1,5,10,1,0,0,transport_hub,Istanbul,fog,18.311463649006043,52.92200061655395,18.73,low
14,3,12,0,0,0,park,Rome,fog,35.25550840014575,81.05174379167934,21.91,low
20,2,11,0,0,0,museum,Rome,rain,25.387067222438713,25.751990934807633,23.95,low
2,5,9,1,1,0,market,Sydney,rain,19.714021327598964,85.57647213937416,23.7,low
21,5,3,1,0,0,market,Singapore,fog,16.218858067363577,66.22149552601427,30.07,low
22,5,1,1,0,0,beach,Istanbul,rain,29.559326070897015,91.31512924309388,18.16,low
21,6,6,1,0,0,tourist_spot,Sydney,clouds,35.27722262254669,59.26373118746948,37.74,medium
5,4,8,0,0,0,museum,Barcelona,fog,2.0362625785834387,57.16308961385568,13.36,low
11,4,6,0,0,0,museum,Barcelona,clouds,34.031082024101586,84.33546214431453,45.55,medium
9,1,10,0,0,0,shopping_mall,Rome,clear,22.753677783495625,36.3097396063002,15.55,low
20,2,11,0,0,0,tourist_spot,Singapore,snow,0.23564416632957386,54.52654070885021,12.75,low
11,2,11,0,0,0,museum,Paris,clouds,0.3545493189507054,52.31028625297143,46.66,medium
2,4,7,0,0,1,market,Bangkok,snow,10.005390115408668,55.302400996177724,33.19,low
9,3,1,0,0,0,transport_hub,Bangkok,fog,4.347799715211762,52.89290516988168,22.41,low
5,6,3,1,0,0,market,Barcelona,clear,34.82056281245334,34.88484634682479,12.21,low
9,3,7,0,0,0,tourist_spot,New York,rain,6.412500043572429,34.92439431047579,26.83,low
21,5,5,1,0,0,park,Tokyo,fog,27.26945928165941,29.557549091924557,61.26,medium
16,1,2,0,0,0,beach,New York,clear,5.044943140608664,45.80904131755284,26.26,low
21,4,1,0,0,0,restaurant,Paris,rain,23.88347290081726,20.602166783620703,19.04,low
9,6,5,1,0,0,park,Singapore,snow,6.099828997030428,58.34298766415207,40.16,medium
8,1,9,0,0,0,museum,Rome,clouds,17.16635709953679,55.54196210939114,28.53,low
22,5,4,1,0,0,market,London,fog,5.949043997938688,29.03458919318158,21.3,low
1,2,2,0,0,1,park,London,snow,34.57400442688326,48.52644868602819,12.77,low
9,3,6,0,0,0,restaurant,London,snow,17.08291311379467,23.874161636991417,27.43,low
8,5,4,1,0,0,transport_hub,Rome,snow,35.80424936042916,33.631371804078555,36.25,medium
1,5,1,1,0,0,transport_hub,London,rain,4.030467996271705,33.863000228402974,12.9,low
11,4,5,0,0,0,transport_hub,Rome,clear,30.818545777193982,29.773106499320864,51.72,medium
23,3,1,0,0,0,transport_hub,Istanbul,fog,9.530088797285657,40.69602098876608,10.18,low
12,1,8,0,0,0,museum,Tokyo,fog,23.462458243468454,88.4132623769574,50.56,medium
6,3,11,0,0,0,restaurant,Istanbul,clear,21.863160913887725,45.71734765627034,6.23,low
6,0,5,0,0,0,market,Paris,snow,10.101020303841427,85.7806506898376,0.0,low
11,4,7,0,0,0,transport_hub,Singapore,clear,2.7083398350538657,51.42531208159183,61.33,medium
0,2,5,0,0,0,market,Sydney,clouds,38.23211686795198,24.559504312122446,5.15,low
6,1,12,0,0,0,beach,Singapore,fog,6.620728802008906,76.30458435562161,14.28,low
17,6,1,1,0,0,beach,Bangkok,clouds,6.400122216909518,36.33557915246827,19.73,low
0,4,12,0,0,0,shopping_mall,Dubai,fog,34.099003142218685,42.22727651237773,18.96,low
17,6,10,1,0,0,museum,New York,fog,1.563627016429705,31.1104607258249,58.48,medium
4,2,10,0,0,0,park,Paris,clouds,8.398895422993577,28.713862859494956,10.07,low
11,4,10,0,0,0,transport_hub,Barcelona,fog,5.344464006526133,87.37518195704484,34.88,low
10,5,10,1,0,0,tourist_spot,Amsterdam,rain,38.60909857740695,33.25514293610334,43.06,medium
17,0,1,0,0,0,museum,Istanbul,snow,10.293806752570207,66.96722308228101,21.27,low
17,0,9,0,0,0,restaurant,Singapore,rain,25.192026438633487,84.36660015186166,26.69,low
4,3,2,0,0,0,shopping_mall,London,snow,36.0867257353684,27.026829661407234,16.94,low
14,1,7,0,0,0,market,New York,snow,7.2162656925810165,41.153318521220584,45.97,medium
5,0,11,0,0,0,market,Bangkok,clouds,2.881947584865996,38.39403759037563,5.24,low
12,0,10,0,0,0,museum,Istanbul,clear,15.115005190369647,21.553693661486083,48.76,medium
20,4,1,0,0,0,tourist_spot,New York,clear,37.54393566470873,64.97278855005106,33.07,low
3,0,1,0,0,0,transport_hub,Istanbul,clouds,22.51404937874981,53.32446486621997,1.92,low
9,4,6,0,0,0,transport_hub,Singapore,clear,10.698265620316816,60.77096793227392,44.92,medium
1,5,1,1,0,0,museum,Dubai,fog,16.611386877845234,20.090781550202678,35.22,medium
0,3,8,0,0,0,restaurant,Bangkok,rain,9.035375690964136,85.9242577950009,1.5,low
21,6,1,1,0,0,museum,Singapore,clear,38.2586595284489,41.136070428774445,29.81,low
19,6,3,1,0,0,transport_hub,Tokyo,clear,24.180255279273677,33.35508325805612,47.41,medium
10,2,6,0,0,0,market,Amsterdam,rain,11.480222150202298,85.65516261603081,51.34,medium
15,2,10,0,0,0,transport_hub,Rome,clear,34.468559006778875,93.35370656958386,52.7,medium
4,4,11,0,0,0,transport_hub,New York,snow,4.526561372829341,52.05898699886276,7.21,low
4,3,10,0,0,0,museum,Barcelona,clouds,14.104350304399663,57.06548572918329,0.0,low
22,0,5,0,0,0,beach,Sydney,rain,37.761210696087545,89.12036775382688,18.05,low
13,5,1,1,0,0,shopping_mall,Dubai,fog,9.204580600448624,26.271329101713704,38.83,medium
16,2,3,0,0,1,restaurant,Istanbul,rain,0.6861860640044304,61.87808510321733,57.8,medium
3,1,5,0,0,0,tourist_spot,Barcelona,clouds,5.765609692112306,83.99841544302203,0.0,low
7,2,3,0,1,0,restaurant,London,clouds,27.831229479301825,30.730743432861257,31.49,low
22,3,1,0,1,0,beach,Barcelona,clear,2.950811826237012,82.8077895905407,50.93,medium
0,5,6,1,0,0,market,Barcelona,clouds,22.767326185425514,81.02834441689487,20.07,low
5,4,6,0,0,0,shopping_mall,Istanbul,fog,11.980307838375715,50.86418624365185,8.38,low
14,0,12,0,0,0,tourist_spot,Rome,clear,1.2847642910997825,76.33496968461957,72.76,high
5,2,5,0,0,0,tourist_spot,Bangkok,snow,33.180729227678285,88.93626725602809,7.62,low
9,0,5,0,0,0,restaurant,Bangkok,rain,20.86004179047354,93.34447127826867,24.65,low
23,0,5,0,0,0,restaurant,Bangkok,clouds,32.900198622344654,93.19905453880929,12.27,low
2,1,9,0,0,0,shopping_mall,Singapore,snow,6.592974381050958,80.25044454530521,10.4,low
13,2,10,0,0,0,restaurant,Rome,clear,31.15189041096248,45.160374508080366,22.18,low
9,5,9,1,0,0,market,Dubai,clouds,30.260857614781564,43.18400844246734,48.78,medium
6,2,7,0,0,0,tourist_spot,London,fog,22.549572881011354,79.26692773614468,19.61,low
1,2,2,0,0,0,transport_hub,Tokyo,clear,30.067177201033285,91.90542671725323,0.0,low
6,6,5,1,0,0,transport_hub,Bangkok,clouds,3.8951934371346786,50.546492094087135,31.91,low
3,2,5,0,0,0,market,Paris,snow,34.752494052656616,22.805621525339436,0.0,low
4,2,6,0,0,0,shopping_mall,Tokyo,clear,9.262803162456175,36.173539761906135,3.5,low
20,2,11,0,0,0,market,Istanbul,fog,29.14882558844653,68.85461862568953,17.87,low
14,4,12,0,0,0,market,Barcelona,fog,17.236057829860716,86.80099482429911,42.87,medium
12,4,12,0,0,0,restaurant,London,fog,6.096056272655979,67.0842234759058,25.43,low
3,3,5,0,0,0,tourist_spot,New York,rain,38.75788474004955,78.60841380160386,0.0,low
15,3,3,0,0,0,museum,Singapore,rain,11.204692893180734,47.24961993472752,49.88,medium
2,5,4,1,0,0,market,Istanbul,rain,39.13935043097326,77.23597772977755,6.82,low
20,2,3,0,0,1,market,Tokyo,snow,16.03756857187546,84.27507192996339,39.87,medium
4,1,11,0,0,0,shopping_mall,Barcelona,fog,14.94732382401542,71.16506726286983,0.0,low
14,5,6,1,1,0,park,Amsterdam,clear,9.792671412153627,81.59262763008498,95.09,high
4,6,1,1,0,0,museum,Rome,fog,2.9191470810923814,49.116724919989075,6.07,low
21,2,4,0,0,0,museum,Barcelona,fog,18.59411987934084,26.43669097513334,31.84,low
12,3,4,0,0,0,beach,London,clear,39.857529283872076,56.47212621530621,41.99,medium
23,3,12,0,0,0,shopping_mall,Tokyo,clear,37.941347202648984,30.91353500646523,0.0,low
10,6,8,1,0,0,tourist_spot,Sydney,clear,14.459710356461741,52.25823043578909,95.93,high
6,6,4,1,0,0,tourist_spot,London,snow,25.42749171737004,26.269346256780192,25.19,low
8,5,3,1,0,0,beach,Tokyo,snow,20.991117720039156,70.2233299760558,24.06,low
5,4,9,0,0,0,tourist_spot,Tokyo,snow,30.127042024405295,32.339996098692694,0.0,low
13,5,12,1,0,0,shopping_mall,Singapore,clouds,17.47135947784554,88.44483634060329,90.33,high
12,1,8,0,0,0,tourist_spot,Dubai,fog,28.908947309244418,63.38670202522299,54.05,medium
10,6,5,1,0,0,transport_hub,Paris,snow,19.977826733678977,43.73058783650782,44.79,medium
13,2,11,0,0,0,park,Dubai,snow,34.290682710920926,67.57197896912433,20.78,low
18,1,10,0,0,0,museum,Paris,clouds,21.843449108119128,32.45757710241341,54.72,medium
6,6,1,1,0,0,transport_hub,London,fog,14.810256604486508,47.28458401720482,24.27,low
9,6,11,1,0,0,museum,Istanbul,snow,14.069159135881426,82.11393952880074,48.96,medium
16,0,3,0,0,0,transport_hub,Tokyo,snow,7.075806424842348,64.61688576042118,43.01,medium
13,0,7,0,0,0,beach,Rome,snow,28.083704894893312,90.3426150186745,27.83,low
2,1,4,0,0,0,museum,Tokyo,fog,4.1470120836511,76.24577594086159,7.01,low
17,6,10,1,0,0,museum,Amsterdam,fog,26.708405402274266,83.87789421936918,61.85,medium
7,4,8,0,0,0,shopping_mall,Dubai,clouds,38.022059835326836,46.2960262415648,20.43,low
13,4,4,0,0,0,beach,Paris,clouds,10.704365634801135,69.40113812563888,29.25,low
13,4,11,0,0,1,restaurant,Paris,snow,31.620405129911223,83.05772186259199,32.49,low
23,4,6,0,0,0,transport_hub,Barcelona,fog,9.673244522732368,93.01177422964706,14.95,low
19,6,7,1,0,0,beach,Paris,fog,37.575668584189856,49.28087728695327,50.96,medium
12,0,6,0,0,0,transport_hub,Dubai,clouds,32.04687897155591,57.81927849261429,56.21,medium
18,0,10,0,0,0,beach,Amsterdam,fog,12.896185280013853,26.994081899485774,14.49,low
13,3,1,0,0,1,tourist_spot,Amsterdam,clouds,36.82377576005455,25.907937831316417,57.32,medium
0,4,1,0,0,0,market,Singapore,rain,26.10090878543533,36.63164177737525,2.94,low
17,0,7,0,0,0,restaurant,Istanbul,snow,26.370307818576354,40.622361870275824,47.14,medium
20,5,5,1,0,0,tourist_spot,Amsterdam,clear,37.087961016861925,29.20132423215172,62.92,medium
9,3,5,0,0,0,park,New York,snow,36.508765172456464,35.59793412171316,0.0,low
15,3,4,0,1,0,tourist_spot,Bangkok,clear,16.796284727828017,86.72851404934279,70.63,high
14,2,10,0,0,0,market,New York,clouds,25.248536052302974,84.11066951124955,45.53,medium
10,6,5,1,0,0,transport_hub,Singapore,fog,6.335530734583301,75.62726217573565,50.09,medium
6,3,5,0,1,0,tourist_spot,Dubai,fog,8.65226115789242,47.36679824895511,36.5,medium
0,3,8,0,0,0,transport_hub,New York,clouds,19.262994885217406,91.49220207257373,7.34,low
22,4,12,0,0,0,park,Singapore,snow,37.85382699964706,89.17610738038321,1.7,low
5,2,9,0,0,0,restaurant,Amsterdam,rain,4.115784044160917,79.48649240645517,4.36,low
9,4,8,0,0,0,market,London,snow,17.84630937091628,64.72473379992653,23.63,low
10,3,10,0,0,0,museum,Sydney,clouds,14.958419471351704,67.4523850638466,32.59,low
14,0,3,0,0,0,market,Paris,rain,11.738941849434998,82.00148139740458,38.18,medium
16,0,10,0,1,0,transport_hub,Bangkok,clouds,17.17547201838981,33.943616873255664,53.06,medium
2,4,9,0,0,0,restaurant,Amsterdam,clouds,4.89214420605689,43.89418558494695,4.23,low
22,2,1,0,0,0,transport_hub,London,rain,22.465623338888626,48.919316241674636,8.84,low
6,5,9,1,0,0,restaurant,Tokyo,fog,32.297059851858805,70.35087246903637,37.86,medium
20,4,8,0,0,0,beach,Amsterdam,rain,7.9260165086755885,23.724480682644163,18.99,low
15,6,5,1,0,0,tourist_spot,Rome,clear,24.05722717251621,64.33783221031959,89.76,high
18,2,8,0,1,0,tourist_spot,Rome,fog,36.465725738338186,41.327436416069816,80.88,high
1,4,2,0,0,0,tourist_spot,Barcelona,clear,33.194008708749195,51.13091516676564,0.0,low
8,5,11,1,0,0,transport_hub,Barcelona,fog,19.752744022703364,23.53045783564122,31.08,low
22,2,11,0,0,0,shopping_mall,Singapore,clear,37.50815022527486,27.705770821844137,13.1,low
1,3,8,0,0,0,tourist_spot,New York,rain,28.970134388113756,36.97559422078996,1.63,low
6,4,4,0,0,0,transport_hub,Dubai,clear,31.39776141735201,28.310269777478673,10.52,low
2,1,11,0,0,0,park,Barcelona,snow,6.813545204656841,30.33224943100653,0.0,low
3,0,4,0,0,0,market,Barcelona,fog,38.63345053657206,50.99704383140633,0.0,low
21,0,4,0,0,0,museum,Dubai,fog,19.604153626069262,41.040620089645316,7.48,low
7,2,5,0,0,0,museum,Rome,clear,33.42168386962185,38.17821934417678,34.9,low
23,2,10,0,1,0,restaurant,Istanbul,snow,0.5251242728528238,36.21016010724961,13.89,low
6,0,1,0,0,0,shopping_mall,Tokyo,fog,20.557092684048065,43.50192708549348,0.46,low
22,2,11,0,0,0,shopping_mall,Amsterdam,fog,5.202420419092424,88.75229330564501,3.0,low
14,0,1,0,0,0,restaurant,Bangkok,rain,27.450639995082252,91.36209469465429,29.96,low
20,1,8,0,0,0,museum,New York,clear,9.622498457607009,87.0573540744447,27.29,low
8,0,7,0,0,0,tourist_spot,Singapore,snow,4.733047761597549,61.27281983423983,33.08,low
13,3,12,0,0,0,restaurant,New York,snow,2.1262828830899583,40.444165004294746,30.61,low
1,0,4,0,0,0,beach,Istanbul,clouds,16.10768412847671,64.55368739138862,3.12,low
19,1,6,0,0,0,shopping_mall,Dubai,clear,38.358868691647885,36.468482342653665,28.32,low
1,3,2,0,1,0,park,London,clear,35.304011589354495,72.46342088048718,41.86,medium
12,6,2,1,0,0,beach,Tokyo,rain,6.841164763488665,35.26816096955898,19.07,low
9,6,10,1,1,0,park,Istanbul,clouds,28.018849081432325,55.75687468373631,67.28,high
22,2,11,0,0,0,restaurant,New York,clear,13.2862126528827,54.14122395692411,12.07,low
21,4,1,0,0,0,shopping_mall,Bangkok,clouds,35.25030108600171,32.8043834190087,21.31,low
19,0,1,0,0,0,transport_hub,Singapore,snow,18.90272978227913,23.388238969590386,23.72,low
18,1,1,0,0,0,park,London,clouds,31.010262100073724,27.499434782901183,13.36,low
14,5,12,1,0,0,shopping_mall,Istanbul,fog,19.45973254845644,47.32169989054134,70.1,high
11,4,1,0,0,0,park,Istanbul,fog,34.278246422150055,87.66251205114487,15.02,low
15,6,9,1,0,0,museum,Rome,clear,16.41275789030359,36.51917025038986,73.27,high
11,3,5,0,0,0,shopping_mall,Paris,snow,29.774604764364355,34.53815843201089,60.43,medium
20,6,1,1,0,0,museum,Rome,fog,17.970773871937887,91.8729594030005,28.69,low
5,5,6,1,0,0,park,Amsterdam,rain,16.69177143134668,94.54577811597686,11.84,low
6,6,11,1,0,0,tourist_spot,Sydney,rain,4.91845054431546,79.64996784275081,13.57,low
11,4,8,0,0,0,park,Tokyo,snow,5.885243554805952,71.0692301114431,36.51,medium
9,1,6,0,0,0,market,Rome,clear,0.623695985632593,23.071482042218726,28.57,low
18,0,10,0,0,0,museum,Paris,clear,26.41013259712161,20.04812835710237,48.31,medium
4,3,9,0,0,0,transport_hub,Rome,fog,30.755415129884813,31.627776149857,16.06,low
22,2,3,0,0,0,park,New York,clouds,36.73039349338947,41.810151945161316,1.2,low
15,2,2,0,0,0,transport_hub,London,snow,38.67627260212983,27.360402248632333,39.65,medium
9,6,9,1,0,0,park,New York,rain,5.567054356134289,77.57452689083665,42.6,medium
4,2,9,0,0,0,beach,Dubai,rain,22.666603603100373,67.12391204823984,0.0,low
5,3,7,0,0,0,beach,Bangkok,fog,12.530418486540068,90.11598610421453,1.87,low
11,6,12,1,0,0,shopping_mall,Barcelona,snow,18.45135928025035,88.44187186597424,62.85,medium
13,4,1,0,0,0,museum,New York,rain,23.212896738113997,47.98333640803109,24.88,low
17,3,9,0,0,0,park,Paris,snow,26.803169252262364,54.71058633596507,9.06,low
14,3,6,0,1,0,tourist_spot,Tokyo,clear,3.895962483269013,41.793269309463014,81.71,high
22,1,5,0,0,0,transport_hub,Paris,fog,29.57453689484339,23.976519984140616,14.52,low
16,4,7,0,0,0,market,Dubai,snow,35.80209364762329,67.97510962128025,46.34,medium
9,2,6,0,0,0,park,Istanbul,clear,24.94655689232787,35.05249055924389,27.07,low
0,3,3,0,0,0,market,Sydney,fog,8.171746165635291,55.53068024552783,0.0,low
14,4,6,0,0,0,beach,Paris,rain,39.307850654138306,81.52032179847053,22.6,low
8,4,7,0,0,0,shopping_mall,Amsterdam,snow,0.8663151218914544,30.626463863188455,34.17,low
7,6,11,1,0,0,market,Dubai,fog,19.21865859330779,41.70867752332363,8.55,low
18,2,4,0,0,0,shopping_mall,Barcelona,snow,31.994207831423232,54.79727734824445,36.99,medium
4,6,3,1,0,0,tourist_spot,Rome,fog,23.221522957909574,22.55626569228749,27.45,low
21,6,10,1,0,0,shopping_mall,Paris,rain,18.71628429961925,74.22989509535032,30.32,low
0,1,10,0,0,0,market,Barcelona,fog,36.10202095098037,59.37917373550552,15.38,low
2,5,6,1,0,0,market,Amsterdam,fog,28.607293325264422,79.00226503985336,19.35,low
21,3,10,0,1,0,park,Bangkok,snow,18.87009251291805,69.42288576459951,12.12,low
22,6,8,1,0,0,park,New York,fog,13.923808808473712,66.31062680662774,41.2,medium
2,5,2,1,0,0,tourist_spot,Paris,clouds,26.610438855356104,57.45754282971876,18.38,low
15,0,11,0,0,0,transport_hub,London,clouds,35.23021643578945,74.61223696869212,38.41,medium
13,6,1,1,0,1,museum,Paris,clear,17.661138106391412,48.074158508256055,77.31,high
0,0,10,0,0,0,market,Barcelona,snow,39.55483455580347,63.03347462218341,0.0,low
6,6,7,1,0,0,park,Singapore,rain,29.686156261589996,52.554725639803934,25.95,low
6,0,6,0,1,0,museum,Sydney,clear,32.40035389082509,86.99682586187662,29.69,low
13,2,1,0,0,0,museum,Barcelona,fog,33.29611635430895,62.777755201370866,32.11,low
16,0,5,0,0,0,transport_hub,Barcelona,fog,32.06383558128913,52.915854692931326,41.22,medium
12,1,10,0,1,0,museum,Sydney,fog,4.717099815223289,37.29301291600559,65.92,high
17,4,9,0,0,0,transport_hub,Paris,rain,10.055273887642144,72.74549854429729,66.21,high
5,4,3,0,0,0,park,Tokyo,clouds,37.272361997141644,57.503525602951264,10.98,low
19,0,2,0,0,0,tourist_spot,Dubai,clear,37.47707543295363,93.87004472113385,36.72,medium
0,1,10,0,0,0,tourist_spot,Barcelona,clouds,30.589436608371724,30.446647109966708,0.0,low
23,5,7,1,0,0,transport_hub,Amsterdam,clear,2.916476072568317,91.09981974429796,14.67,low
22,6,9,1,0,0,tourist_spot,Barcelona,snow,24.497306027818794,26.044511620431372,29.5,low
15,2,7,0,0,1,market,Rome,clear,26.013478741126562,52.363667233433155,66.29,high
7,0,11,0,1,0,tourist_spot,Paris,clouds,34.41177886110198,71.14559122375869,63.15,medium
17,2,1,0,0,0,shopping_mall,Paris,snow,17.188745946090755,52.01251861613891,30.15,low
3,6,5,1,0,0,shopping_mall,Tokyo,rain,13.725025485910422,88.85514411586662,30.99,low
7,3,9,0,1,0,museum,Sydney,snow,35.53341353170127,79.48856316668032,46.89,medium
1,5,8,1,0,0,tourist_spot,Istanbul,clear,5.0686357732283716,33.544510835369664,22.73,low
10,0,2,0,0,0,transport_hub,Sydney,clouds,5.188649775422762,49.83639881687314,31.93,low
3,6,11,1,0,0,museum,Tokyo,fog,28.210207443004435,81.00686268338467,23.93,low
14,6,8,1,0,0,park,Barcelona,rain,9.768231668127827,86.9733857368316,44.99,medium
22,2,11,0,0,0,museum,Paris,snow,24.874871220054537,40.98378841492128,3.34,low
4,3,7,0,0,0,restaurant,Rome,clouds,28.99643028270593,79.09550421422044,0.0,low
7,6,2,1,0,1,shopping_mall,Amsterdam,clear,10.811942898621357,64.1180117712412,44.54,medium
2,4,11,0,0,0,tourist_spot,Rome,snow,34.51091241317635,48.84974374101669,4.65,low
7,1,2,0,0,0,restaurant,Bangkok,snow,26.416098268374224,22.347957459212743,1.57,low
0,4,12,0,0,0,transport_hub,Rome,fog,1.0938055339289843,74.43397117549895,0.0,low
13,4,9,0,0,0,beach,Istanbul,clear,22.131766494545502,91.4355195246434,40.07,medium
9,6,11,1,0,0,shopping_mall,Bangkok,fog,10.404028344913975,92.0228756114604,65.44,high
23,0,4,0,0,0,restaurant,New York,rain,38.038689277885204,26.415265052843516,4.03,low
17,1,9,0,0,0,park,Barcelona,clear,14.467794677241844,69.44224576494466,35.22,medium
19,1,10,0,0,0,tourist_spot,Tokyo,rain,33.903706723089336,53.285651428284645,24.17,low
14,1,1,0,1,0,tourist_spot,Singapore,rain,33.77301322120679,36.33818749819559,38.15,medium
18,1,3,0,0,0,museum,Rome,fog,2.561739516389223,33.48529323451609,40.35,medium
8,0,10,0,0,0,shopping_mall,New York,clouds,24.717972176068468,23.718475568670286,19.68,low
20,3,4,0,0,0,tourist_spot,New York,snow,1.6782234768294435,73.80182726008022,21.77,low
22,4,3,0,1,0,park,Rome,rain,1.7893226744469493,37.60226451776715,22.45,low
2,4,4,0,0,0,shopping_mall,Tokyo,clouds,22.814635745096012,82.18533897177852,0.0,low
13,2,11,0,0,0,museum,Amsterdam,rain,13.061621668030838,79.11233463899434,46.44,medium
13,5,12,1,0,0,transport_hub,Singapore,rain,6.412512769789074,23.34579327565019,61.6,medium
18,4,6,0,0,0,tourist_spot,Tokyo,rain,31.23495004834038,58.113670302629735,33.55,low
22,5,8,1,0,1,transport_hub,London,fog,15.243586529079622,94.83656386800786,53.32,medium
2,1,3,0,0,0,restaurant,Sydney,fog,29.35805005373958,60.42255379243511,0.0,low
16,3,5,0,0,0,tourist_spot,Sydney,fog,12.677574237937543,34.62676962987088,56.75,medium
9,6,8,1,0,0,restaurant,Barcelona,rain,12.592655047234377,92.92976385843954,56.77,medium
7,0,12,0,0,0,shopping_mall,Istanbul,snow,14.079384374754763,57.92325821320178,26.69,low
20,4,1,0,0,0,shopping_mall,Sydney,snow,33.11284417712209,94.0058728262491,26.3,low
7,2,7,0,0,0,beach,Amsterdam,clouds,31.83423795905268,45.617885206180254,13.8,low
2,6,5,1,0,0,beach,Bangkok,clouds,25.30519064707793,77.94837318254869,45.21,medium
14,0,7,0,0,0,tourist_spot,New York,rain,28.45527497831737,55.23952015276289,51.02,medium
4,3,4,0,1,0,tourist_spot,Bangkok,clouds,5.295110200314843,85.01599915100802,32.44,low
13,3,2,0,0,0,transport_hub,New York,fog,11.735675668427241,45.260621997020934,39.08,medium
18,6,12,1,1,0,museum,Istanbul,rain,36.426968994401314,67.31239981004244,81.61,high
9,3,3,0,0,0,shopping_mall,Istanbul,clouds,23.582325254780603,81.50795497183955,17.73,low
2,1,6,0,0,0,market,Paris,rain,18.141086214594417,44.03276568572244,0.0,low
16,3,6,0,0,0,park,Tokyo,snow,22.565253531240714,87.29762192360701,10.42,low
16,3,8,0,0,0,beach,Rome,rain,38.140546722172665,23.145082190998178,16.0,low
13,3,8,0,0,0,park,Sydney,rain,11.39163826870696,28.891330820234394,18.09,low
15,5,10,1,0,0,shopping_mall,London,rain,10.37716060543226,65.46276373051225,64.24,medium
7,1,4,0,0,0,park,New York,fog,30.19458954598082,22.051259352858104,9.64,low
17,3,2,0,0,0,restaurant,Paris,clear,11.273500901998862,91.09098298726519,27.29,low
23,0,3,0,0,0,shopping_mall,Dubai,snow,4.38459507115212,72.97416499956529,5.02,low
14,1,5,0,0,0,beach,Singapore,clouds,29.26534970662462,28.73469801718717,15.78,low
2,3,12,0,1,0,restaurant,Istanbul,clouds,11.04432119532348,67.2967956599901,13.21,low
21,5,6,1,0,0,museum,Istanbul,clear,37.294720025391484,79.56480494959101,45.85,medium
6,1,11,0,0,0,tourist_spot,Amsterdam,clouds,15.048362276588323,90.73717762914087,0.12,low
6,1,11,0,0,0,park,Singapore,clouds,11.303986946282363,34.892972615420476,9.0,low
16,4,4,0,0,0,restaurant,Paris,snow,8.34187886416629,33.358626908890564,49.65,medium
22,6,3,1,0,0,park,Sydney,fog,13.9481510174969,59.78458530657419,41.63,medium
9,0,7,0,0,0,restaurant,Rome,snow,15.68840223486486,46.78459037658571,26.29,low
9,0,5,0,0,0,museum,London,rain,17.88691649597795,38.55471934885803,48.5,medium
3,6,3,1,0,0,market,Singapore,clear,15.923572392707705,29.604339920179047,13.19,low
15,3,5,0,0,0,beach,Amsterdam,rain,8.604246941152397,83.82412618929216,15.26,low
1,3,2,0,0,0,transport_hub,Rome,snow,17.678061850428364,49.90096337759832,0.0,low
8,4,2,0,0,0,shopping_mall,Istanbul,clear,16.392461723479638,62.93792725109792,15.46,low
17,0,6,0,0,0,restaurant,Amsterdam,fog,5.168613375711799,60.4825482628792,32.89,low
12,5,1,1,0,0,museum,Istanbul,rain,22.115767617066137,69.11986871578648,47.71,medium
6,4,6,0,0,0,transport_hub,Dubai,clouds,15.821051555789358,73.83653783947292,13.28,low
5,1,10,0,0,0,transport_hub,Barcelona,fog,37.60055184770849,22.705622936868274,4.82,low
16,4,1,0,0,1,museum,Dubai,snow,0.9697744935766561,67.36666275509351,53.21,medium
7,2,12,0,0,0,tourist_spot,Rome,snow,5.247727578370536,75.53943023641871,24.65,low
2,1,10,0,0,1,museum,Tokyo,snow,21.667918147108512,88.9230923458082,33.33,low
23,4,4,0,0,0,beach,London,rain,17.006108317481168,75.76125179795471,0.0,low
8,6,11,1,0,0,shopping_mall,London,fog,11.649546155194809,26.9796796267403,19.82,low
17,1,2,0,0,0,park,Singapore,fog,15.296333437327302,94.48654668239963,25.02,low
11,2,2,0,0,0,museum,Singapore,clear,9.284621908392094,47.73662198901529,21.24,low
3,0,7,0,0,0,park,Barcelona,clear,6.770228507423939,84.86207858217504,0.0,low
18,2,5,0,0,0,restaurant,Tokyo,fog,20.93622676224482,82.97375069929615,21.04,low
1,5,8,1,0,0,shopping_mall,Rome,rain,1.4603883986005117,71.6748200535657,16.45,low
13,2,9,0,0,0,tourist_spot,Rome,fog,21.8235494195865,43.47621319413666,65.93,high
7,0,10,0,0,0,transport_hub,Singapore,fog,29.587399659381912,74.98019871195832,25.27,low
13,0,4,0,0,0,museum,Bangkok,clear,29.925950503789686,32.46477302016743,42.14,medium
3,5,3,1,0,0,tourist_spot,Bangkok,fog,29.959737322990605,61.03137874127217,0.0,low
0,0,2,0,0,0,park,Tokyo,rain,35.209047697986115,40.3330724625737,0.0,low
19,6,11,1,0,0,transport_hub,Sydney,clouds,27.400955022711106,80.21102961935092,39.53,medium
16,0,1,0,0,0,park,Singapore,rain,28.80521029120282,83.92971310457679,0.0,low
5,3,5,0,0,0,shopping_mall,Paris,clouds,2.68192052641818,93.27321004435555,6.22,low
22,2,11,0,0,0,restaurant,London,fog,3.788582700821097,66.87295731270356,6.88,low
5,4,9,0,0,0,museum,Barcelona,clouds,0.5651795649169378,34.44804981793125,9.47,low
13,2,10,0,0,0,park,Barcelona,snow,22.444491845672424,68.11995159426755,15.36,low
2,2,7,0,0,0,market,Tokyo,rain,22.546390623546277,29.50280658726644,0.0,low
18,0,6,0,0,0,beach,Barcelona,fog,38.666355552464594,75.2949144717324,37.57,medium
21,5,9,1,0,0,shopping_mall,London,clouds,3.653530755504102,80.25153712272105,42.73,medium
4,1,5,0,0,0,market,Singapore,rain,38.79368276959335,30.27311953438739,2.16,low
13,0,3,0,0,0,shopping_mall,Barcelona,clear,15.729866438302263,78.04397168692006,30.03,low
15,0,12,0,0,0,transport_hub,Rome,rain,35.331424357110556,83.16434156926313,45.05,medium
20,0,6,0,0,0,park,Istanbul,snow,19.6037401840388,79.17237917922756,2.82,low
3,6,12,1,0,0,beach,Amsterdam,clear,34.21489252629157,77.8058587406049,42.57,medium
23,2,12,0,0,0,beach,London,clouds,7.160224000570903,76.07213712973804,17.47,low
6,1,1,0,0,0,shopping_mall,Barcelona,clear,13.13806178990259,88.32805669058156,0.0,low
16,5,9,1,0,0,tourist_spot,Sydney,rain,15.931760085796526,94.6803386298003,29.07,low
8,5,12,1,1,0,park,Amsterdam,fog,34.52741286695883,89.56811294191104,78.12,high
20,4,9,0,0,0,shopping_mall,Singapore,fog,1.527743747691468,22.16277275956449,31.33,low
4,0,1,0,0,0,market,New York,clear,25.49912622886624,24.674410436807136,0.0,low
17,6,4,1,0,0,park,London,clear,26.87963689810932,87.47498623085038,71.56,high
5,3,12,0,1,0,transport_hub,Dubai,snow,26.708898445856917,24.61125545108033,25.56,low
16,6,7,1,0,0,market,Istanbul,clouds,11.021018209615058,34.90125508348459,72.11,high
13,4,6,0,0,0,market,Amsterdam,clear,22.422375485505096,28.82859286374551,55.42,medium
18,6,4,1,0,0,museum,Sydney,clear,3.6224687643352027,74.71627828837427,54.75,medium
10,6,7,1,0,0,tourist_spot,New York,clouds,18.413963938139357,85.78987914562789,96.76,high
9,5,9,1,0,0,restaurant,Istanbul,clouds,15.172418268297303,41.53074173890279,46.19,medium
4,3,10,0,0,0,transport_hub,Bangkok,clouds,7.968985789153598,93.4458656767005,8.34,low
22,4,9,0,0,0,shopping_mall,Rome,rain,13.954367867818632,68.13694331219945,22.19,low
20,3,4,0,0,0,market,Paris,fog,21.517951359960822,35.79970977851504,33.79,low
13,3,12,0,0,0,transport_hub,Amsterdam,rain,27.98615305676772,57.78239389040202,66.49,high
2,0,10,0,0,1,restaurant,Rome,rain,26.3332872483473,33.98191329569173,13.2,low
14,1,5,0,0,0,transport_hub,Barcelona,fog,12.89488187470683,27.845972457605644,48.12,medium
0,1,1,0,0,0,market,Bangkok,rain,4.008307512733791,88.48616173006847,5.18,low
5,3,11,0,0,0,shopping_mall,Dubai,clear,24.664493041171333,64.51810638008557,0.0,low
13,2,12,0,0,0,beach,Singapore,rain,24.037676852309183,56.19181942859059,35.01,medium
9,2,2,0,0,0,tourist_spot,London,fog,17.035769156835208,40.20207361540679,32.94,low
12,1,8,0,0,0,tourist_spot,New York,rain,38.609424441346974,90.71347489436275,36.18,medium
18,5,7,1,0,0,market,New York,clear,12.370941577215024,77.43673339940287,56.48,medium
14,2,12,0,0,0,beach,New York,clouds,6.882737368727425,43.06450647136677,19.15,low
7,5,7,1,0,0,restaurant,Bangkok,clouds,22.21392924954545,78.17063900134963,38.23,medium
15,3,1,0,0,0,market,Barcelona,fog,27.951189938930234,88.4624784471314,36.6,medium
12,3,11,0,0,0,shopping_mall,Istanbul,clear,12.734267939044322,90.14467984448723,27.99,low
10,1,2,0,0,0,park,Amsterdam,snow,21.36460693825984,46.01503887491822,1.57,low
23,4,11,0,0,0,tourist_spot,London,clouds,14.765302646839746,45.48882132477458,17.17,low
19,6,1,1,0,0,beach,Tokyo,clouds,1.7699167761899037,42.64534389715676,48.19,medium
10,2,4,0,0,0,beach,Amsterdam,clouds,15.472620628855505,81.59562607145983,31.04,low
8,5,2,1,0,0,beach,New York,fog,18.596908094355147,26.19803537407156,46.48,medium
23,0,12,0,0,0,museum,Amsterdam,clear,5.1495804115182775,58.02278230934792,0.0,low
14,0,12,0,0,0,tourist_spot,Singapore,snow,2.180451543019566,51.87359008490054,24.54,low
3,3,10,0,0,0,shopping_mall,Dubai,snow,33.76673624963288,92.88276834312553,12.81,low
5,0,4,0,0,0,beach,Dubai,clear,13.484627589047316,90.06328070958968,0.99,low
8,0,8,0,0,0,restaurant,Dubai,snow,18.59052696279107,22.98833350923924,19.55,low
14,2,5,0,0,0,transport_hub,Paris,rain,13.498469792305311,42.21083404505648,64.78,medium
17,1,1,0,0,1,park,New York,snow,25.43930799830409,64.68341792655174,30.66,low
23,6,1,1,0,0,tourist_spot,Dubai,clouds,21.399408011011054,29.454097073592656,20.69,low
20,6,5,1,0,0,shopping_mall,Bangkok,rain,27.55967844046388,38.30755281379919,71.95,high
18,2,6,0,1,1,shopping_mall,Paris,rain,28.95240802699759,80.93573582286214,92.04,high
12,3,4,0,0,0,museum,Barcelona,rain,0.8953390073568634,91.27691604947691,51.84,medium
23,2,9,0,0,0,museum,Bangkok,clouds,39.796736330748026,66.16861036831861,6.26,low
7,4,7,0,0,0,tourist_spot,Barcelona,clouds,17.47782536589704,76.01523445296843,30.15,low
8,6,7,1,0,0,tourist_spot,Sydney,clouds,10.90717613847585,50.538709391170926,70.73,high
13,3,1,0,0,0,market,Rome,fog,25.39426664059144,27.28607730268893,34.06,low
0,4,8,0,1,0,transport_hub,London,rain,24.372646161012344,54.54831145028443,32.25,low
20,1,3,0,0,1,transport_hub,Dubai,fog,13.854652590342965,53.32872976648358,50.14,medium
23,2,4,0,0,0,shopping_mall,London,clouds,10.22770387021846,22.41998824888756,2.18,low
2,2,8,0,0,0,shopping_mall,Dubai,clear,39.39474419641249,47.68935913445394,0.0,low
10,2,10,0,0,0,shopping_mall,Amsterdam,clouds,6.669372208197455,46.37197835271755,25.64,low
13,5,3,1,0,0,tourist_spot,Rome,snow,15.011373436801513,60.31945325342792,24.77,low
19,0,1,0,0,0,museum,Tokyo,clouds,22.829800632401994,33.39668288727847,39.55,medium
23,6,6,1,0,0,beach,Dubai,clouds,23.969941520357047,43.95526232412066,35.37,medium
20,5,1,1,0,0,museum,Amsterdam,rain,21.300335941366363,36.88244092784258,31.38,low
15,5,2,1,0,0,shopping_mall,Rome,snow,34.93367587853272,50.00407700710434,46.54,medium
17,1,1,0,0,0,transport_hub,Singapore,clear,26.124169653087822,93.06855437435372,34.86,low
6,5,2,1,0,0,tourist_spot,Sydney,fog,39.95639535203749,64.96761275674294,28.63,low
0,3,2,0,0,0,transport_hub,Sydney,fog,27.374522415091526,91.38845605978514,8.83,low
23,0,1,0,0,0,beach,Dubai,clouds,6.455170946648385,47.67982411555579,0.0,low
5,5,9,1,0,0,shopping_mall,Istanbul,rain,2.592512933744686,22.31673188899118,29.46,low
14,1,8,0,0,0,shopping_mall,London,snow,31.87014227416452,92.96039655510684,48.81,medium
20,6,5,1,0,0,museum,Sydney,clouds,28.881850529454354,25.238170366855325,50.5,medium
21,3,2,0,0,0,beach,Dubai,snow,16.683584439031726,39.502193601815236,18.32,low
3,2,7,0,0,0,tourist_spot,Singapore,clear,15.935869463773887,81.67368184317864,5.33,low
11,3,2,0,0,0,beach,Istanbul,snow,4.962273867017926,30.94878046609669,18.16,low
18,0,9,0,0,0,museum,Istanbul,snow,5.678004000477368,38.2301503395027,44.02,medium
6,2,5,0,0,0,park,Tokyo,clear,28.363315311544216,76.4376854773956,16.23,low
10,5,9,1,0,0,park,Istanbul,snow,22.729247592478682,64.58210973203813,33.39,low
4,1,5,0,0,0,park,Paris,rain,28.55212518311092,42.9997047845974,0.0,low
18,6,6,1,0,0,park,Singapore,rain,32.20794609042481,29.641481459062245,38.6,medium
9,4,9,0,0,0,beach,Rome,clear,23.329214842008522,31.12725227190262,20.66,low
8,3,1,0,0,0,transport_hub,Istanbul,fog,24.73839965462804,32.78075946815497,15.57,low
20,0,12,0,0,0,market,Sydney,rain,15.119149644794664,89.45617263312215,29.44,low
5,3,10,0,0,1,shopping_mall,New York,snow,13.694679804094188,43.19812134267535,42.85,medium
4,3,8,0,0,0,park,Sydney,clear,14.26005855166621,54.44912837971448,1.93,low
0,0,10,0,0,0,restaurant,Istanbul,clear,3.9536008095825492,44.71363107156931,4.07,low
8,3,3,0,0,0,museum,Paris,fog,10.242882906576947,75.45768338219335,36.31,medium
20,4,12,0,0,0,restaurant,London,snow,39.175099614005596,39.932250428186165,30.73,low
2,2,10,0,0,0,restaurant,Istanbul,clear,5.30195758418968,42.70706411126913,21.45,low
7,0,8,0,0,0,restaurant,Sydney,snow,21.477345788967817,78.60594402127869,20.2,low
20,2,11,0,0,0,museum,London,snow,7.895849674903124,60.677662523114606,7.09,low
19,1,8,0,0,0,shopping_mall,Rome,fog,36.19955364213106,73.9986090100468,40.33,medium
20,3,3,0,0,0,restaurant,Sydney,fog,39.689507484583594,38.88108332896246,19.55,low
19,1,2,0,0,0,park,Singapore,rain,20.568009401487018,91.35767730620483,18.51,low
8,3,11,0,0,0,restaurant,Barcelona,fog,25.036868882192312,28.36025437930356,20.79,low
15,2,7,0,0,0,tourist_spot,Barcelona,fog,6.525234931348312,24.91696061218407,61.89,medium
21,6,3,1,0,0,park,Tokyo,snow,27.47835711794796,81.69182612522822,11.36,low
3,0,7,0,0,0,restaurant,London,rain,21.215980789624346,27.718783813386956,0.0,low
19,4,11,0,0,0,restaurant,Sydney,rain,30.65589529163837,78.93583456339908,19.8,low
19,5,6,1,0,0,market,Barcelona,snow,31.549945299896347,78.48161842290402,45.36,medium
7,0,10,0,0,0,park,Singapore,rain,12.249295512951065,74.5032227526979,10.47,low
14,5,11,1,0,1,park,Bangkok,snow,2.2122970130085795,50.65908310205412,68.83,high
4,1,10,0,1,0,shopping_mall,Rome,clouds,28.666907923200526,42.10976676971748,40.16,medium
0,2,1,0,0,0,transport_hub,Bangkok,rain,29.5606783626831,79.81059626581884,0.0,low
16,0,9,0,0,0,shopping_mall,Rome,clouds,28.913965964222754,90.61206179927885,40.96,medium
15,3,8,0,0,0,tourist_spot,Amsterdam,snow,39.47716790637518,63.95857735072391,46.62,medium
3,2,3,0,0,0,tourist_spot,Amsterdam,fog,36.944243694613974,28.327309305876973,0.0,low
23,2,5,0,0,0,museum,Barcelona,snow,34.95802466583835,64.23562379489967,5.2,low
6,4,8,0,0,0,museum,Singapore,fog,26.42763145587418,61.75058241804734,10.9,low
22,2,10,0,0,0,tourist_spot,New York,clear,27.970052573502862,75.42936826904932,7.72,low
14,3,1,0,0,0,restaurant,New York,clouds,13.320483922655932,70.82516016705259,27.99,low
8,4,12,0,0,0,park,Sydney,clear,25.68960947119562,52.04981967600508,16.85,low
1,6,5,1,0,0,tourist_spot,Dubai,fog,1.2833607076967501,57.81586692095597,24.35,low
17,3,12,0,0,0,shopping_mall,Rome,clear,22.612272230429504,93.06706526779978,33.4,low
17,1,4,0,0,0,market,Dubai,clear,18.73787182868465,68.76304994874619,34.75,low
2,4,7,0,0,0,beach,Rome,clouds,2.9210314696055084,68.58798975603119,6.48,low
14,2,12,0,0,1,beach,Paris,rain,0.7548660065346668,36.8922452194901,41.54,medium
4,1,3,0,0,0,park,London,rain,26.144508023679812,35.0248664076968,14.49,low
11,5,8,1,0,0,market,London,clouds,4.035859711833143,60.00665374207578,55.6,medium
4,3,2,0,0,0,transport_hub,Tokyo,rain,26.32668173575617,35.12760704546953,3.75,low
13,4,6,0,0,0,park,London,clouds,1.0918575934505936,85.82281956386545,37.46,medium
3,0,3,0,0,0,beach,Paris,clouds,17.87249548391904,49.938365071250715,0.0,low
12,5,7,1,0,0,museum,Tokyo,fog,28.980733608155305,29.127781444908855,63.16,medium
3,2,8,0,0,0,shopping_mall,Istanbul,rain,8.413098450050382,26.80932335543886,0.0,low
11,6,6,1,0,1,shopping_mall,Rome,snow,16.800558090301855,92.11765676224218,100.0,high
11,2,4,0,0,0,transport_hub,Rome,snow,26.08007350584699,37.20191277547174,41.49,medium
2,2,12,0,1,0,beach,Singapore,rain,35.893247819921655,23.402711902224908,41.84,medium
5,0,9,0,0,0,tourist_spot,New York,clouds,30.491513621506336,24.588609521950303,1.65,low
23,2,8,0,0,0,park,Barcelona,clouds,6.985499243823163,58.89497609732683,5.0,low
23,6,6,1,0,0,market,Barcelona,clear,1.1992050700054735,35.30576719310031,33.34,low
20,5,2,1,0,0,transport_hub,Rome,clear,13.263281890301965,86.6615337899899,44.0,medium
23,5,2,1,1,0,market,Bangkok,snow,28.90090868628162,32.73051732676434,40.14,medium
0,2,4,0,0,0,transport_hub,London,clear,19.027574796805773,93.75265904613407,12.22,low
14,1,7,0,0,0,market,Sydney,clear,18.779479235276277,87.71622128236757,55.69,medium
10,3,5,0,0,0,transport_hub,Sydney,clear,29.948756644454406,83.89763536187235,53.19,medium
4,2,7,0,0,0,restaurant,Dubai,clouds,3.2875593731359354,27.10918924804855,8.23,low
9,5,2,1,0,0,museum,London,clouds,12.044325866885707,73.28453516994979,36.87,medium
21,2,4,0,0,0,park,New York,rain,23.174742381695008,90.09683075402775,0.0,low
23,5,2,1,1,0,beach,Amsterdam,clouds,0.5728692242367428,67.59729879020566,63.7,medium
5,3,9,0,1,0,beach,Barcelona,snow,13.756070789023713,67.1534691021922,21.49,low
12,1,8,0,0,0,shopping_mall,London,rain,4.712765140819677,40.94788960486305,42.92,medium
10,6,6,1,0,0,transport_hub,New York,snow,18.252640266194362,27.237755880511934,66.57,high
16,5,12,1,0,0,park,Tokyo,snow,38.590141994750134,29.467112698359514,40.31,medium
14,6,8,1,0,0,museum,Tokyo,rain,13.904969783732412,53.942361792268656,76.41,high
2,4,7,0,0,0,market,Bangkok,fog,33.60051264779996,36.639281870375214,12.82,low
6,1,1,0,0,0,transport_hub,Dubai,clouds,21.222461618496542,23.524641581024962,0.0,low
11,4,6,0,0,0,restaurant,Istanbul,fog,6.349991887848994,71.02976756112773,34.45,low
20,4,10,0,0,0,restaurant,Istanbul,fog,8.087844931608847,23.668413660893265,19.87,low
9,2,2,0,0,0,beach,Dubai,snow,5.444795108302722,90.36074975505092,0.0,low
2,5,1,1,0,0,park,Istanbul,rain,29.33841962013163,64.54886985529723,12.15,low
1,3,3,0,0,0,beach,New York,clouds,32.279531054632386,91.31829595845936,0.0,low
12,1,9,0,0,0,market,Amsterdam,fog,33.373161062719625,25.289872862196557,53.91,medium
4,0,10,0,0,0,beach,Tokyo,fog,6.073848070451939,53.25360164553398,6.45,low
8,0,11,0,0,0,transport_hub,Paris,fog,4.10448842396081,67.14093018236375,14.91,low
7,4,4,0,0,0,shopping_mall,Rome,fog,18.174697206520023,25.280204981692247,31.83,low
8,4,12,0,0,0,tourist_spot,Bangkok,rain,18.661027379605343,63.873393070952595,30.56,low
22,3,12,0,0,0,shopping_mall,Rome,clear,29.270372272526043,91.98008276468906,15.91,low
7,5,1,1,0,0,shopping_mall,Istanbul,snow,4.207603891243705,77.7459189743941,28.19,low
8,0,10,0,0,0,transport_hub,Bangkok,rain,3.3237344065088337,27.58482369394727,18.72,low
7,5,5,1,0,0,shopping_mall,London,rain,31.236877091604715,73.13968164168035,44.52,medium
19,5,7,1,0,1,beach,Sydney,snow,33.52822595643996,68.20083321299673,59.57,medium
18,0,4,0,0,0,museum,Tokyo,clouds,26.90437576452055,87.78422050390715,52.48,medium
12,2,3,0,0,0,tourist_spot,Barcelona,snow,22.933796901527423,59.20740431394962,42.27,medium
20,0,2,0,0,0,beach,Amsterdam,clouds,0.9657769294146501,90.94623185449963,8.6,low
9,1,4,0,0,0,beach,Paris,rain,27.32046793223909,46.42838376029184,3.54,low
8,0,9,0,0,0,shopping_mall,Paris,rain,6.423684420997207,61.885832382818066,25.33,low
20,5,7,1,0,0,transport_hub,Istanbul,rain,6.88232059619422,57.48773049003241,28.85,low
10,5,4,1,0,0,transport_hub,Sydney,clouds,12.233406633525536,88.5628485243436,54.44,medium
20,6,4,1,0,0,beach,Barcelona,clouds,8.085964698994275,84.1981998686098,49.18,medium
11,5,5,1,0,0,transport_hub,Singapore,clouds,12.910391097047128,28.36104519094699,57.07,medium
9,5,8,1,0,0,park,Dubai,snow,3.037414013928057,27.002275487711024,20.17,low
19,5,12,1,0,0,beach,Rome,rain,15.870269576618753,89.0943744323627,38.94,medium
23,6,4,1,0,0,park,Sydney,clear,8.992994261543764,81.96005253536973,35.11,medium
17,4,9,0,0,0,market,Amsterdam,clear,33.32991859170171,93.74467210041834,39.04,medium
7,4,9,0,0,1,shopping_mall,Amsterdam,clouds,0.830958145121139,65.91653858308118,9.5,low
13,6,3,1,0,0,restaurant,Bangkok,fog,25.090204350786465,86.64531057831422,52.28,medium
23,2,2,0,0,0,park,Istanbul,rain,10.542293617521135,47.76713764174721,15.58,low
10,0,8,0,0,0,transport_hub,Tokyo,clouds,33.09791564531797,72.68261129794382,63.27,medium
18,3,7,0,0,0,market,Tokyo,fog,21.41439655825042,27.86057159709943,36.34,medium
7,0,9,0,0,0,transport_hub,Istanbul,fog,8.958552022363673,40.18500784836289,16.3,low
14,3,2,0,0,0,shopping_mall,Singapore,clear,6.853647238646499,61.99690471317709,34.63,low
20,3,7,0,0,0,tourist_spot,Barcelona,clouds,14.176490922395214,91.60506866064041,30.51,low
18,0,10,0,1,0,park,Istanbul,fog,28.16871278416073,90.70611145348667,41.61,medium
6,4,2,0,0,0,shopping_mall,Rome,rain,22.794294595246413,85.69765238535865,12.63,low
4,1,2,0,0,0,transport_hub,Paris,clear,14.33398055656185,28.97625374120897,11.77,low
19,0,3,0,0,0,museum,Dubai,clouds,9.951981300050598,65.11441016964662,28.07,low
5,6,7,1,0,0,tourist_spot,Amsterdam,clear,3.766457124396303,50.26664643027049,25.37,low
21,1,12,0,0,0,beach,Bangkok,snow,13.731813485321283,27.189747492519416,0.54,low
5,4,12,0,0,0,beach,Rome,clouds,8.024291761708318,46.34005135985241,0.0,low
20,2,10,0,0,0,museum,Barcelona,clear,0.8160304663483053,65.46195700442468,22.39,low
1,1,7,0,0,1,transport_hub,Tokyo,fog,12.25055546392606,80.00286298160164,21.28,low
18,5,8,1,0,0,transport_hub,Tokyo,clouds,19.928054267700524,60.14104952199786,64.15,medium
3,1,12,0,0,0,market,Sydney,clouds,28.254702641359877,85.97539583518186,0.0,low
16,4,7,0,1,0,market,Singapore,clear,35.529341685185244,79.52356063241362,74.44,high
9,2,5,0,0,0,park,Tokyo,clouds,6.695412367651046,27.479117716281323,17.78,low
19,6,7,1,0,0,market,Sydney,snow,21.91921735756699,49.16343833360596,49.83,medium
3,1,4,0,0,0,museum,Barcelona,clouds,32.703420070042654,34.12551391537522,0.0,low
1,5,2,1,0,0,transport_hub,Paris,snow,36.38672252287269,73.07280761447447,0.0,low
3,1,8,0,0,0,museum,Amsterdam,fog,28.08823631165197,59.12546135160228,8.15,low
20,4,7,0,0,0,restaurant,Rome,snow,11.71836612947204,66.97544561307087,37.89,medium
13,5,2,1,0,0,beach,Tokyo,snow,22.45011969927087,65.7247427043367,27.0,low
15,3,11,0,0,0,park,Amsterdam,fog,7.523156090611174,26.689062327399746,19.44,low
23,4,8,0,0,0,market,Amsterdam,clear,1.8883019586706729,42.72094416519705,19.81,low
11,1,7,0,0,0,tourist_spot,Amsterdam,fog,7.13160470388698,47.81179436359557,50.5,medium
1,6,12,1,0,0,restaurant,Tokyo,clouds,28.496423161122358,25.47226111257518,23.85,low
15,3,7,0,0,1,restaurant,Sydney,clear,36.01282795947478,28.724826904560757,59.98,medium
0,1,10,0,0,0,restaurant,Amsterdam,rain,39.48341977295749,81.99291584736024,0.0,low
12,0,1,0,0,0,tourist_spot,New York,clouds,10.327411854846709,89.16333348835293,42.25,medium
18,1,11,0,0,0,park,London,rain,0.40909600731353635,81.76661909388741,0.0,low
8,6,1,1,0,0,restaurant,Singapore,clear,15.818738949835103,72.20013247828555,34.93,low
4,2,4,0,0,0,restaurant,Tokyo,clear,31.647601869266275,24.987523620962286,1.41,low
10,1,7,0,0,0,market,Istanbul,snow,11.457558359117751,84.16310699848923,29.58,low
3,6,9,1,0,0,museum,Bangkok,clouds,22.189999475018467,57.34754111661846,32.29,low
16,2,5,0,0,0,tourist_spot,Singapore,clear,33.32378935458179,33.8358746191159,50.65,medium
2,1,12,0,0,0,restaurant,Bangkok,snow,17.680952726901012,77.68449234276184,0.0,low
16,4,11,0,0,0,restaurant,London,clear,37.94357661983685,45.60106191382979,32.4,low
5,2,9,0,0,0,transport_hub,Singapore,clear,6.123900695687916,41.885419919487795,14.47,low
7,0,3,0,0,1,market,Amsterdam,snow,33.736892117791214,65.12450407923568,25.68,low
17,5,10,1,0,0,market,New York,rain,27.390513141492406,50.74431262056193,48.49,medium
0,6,7,1,0,1,market,Istanbul,rain,27.372664282817233,20.442620579831328,48.96,medium
18,1,1,0,0,0,tourist_spot,Bangkok,clear,30.487050005282935,22.639641555196835,39.14,medium
2,3,7,0,0,0,tourist_spot,Amsterdam,snow,25.79160612405978,41.18513380304537,2.25,low
12,5,9,1,0,0,shopping_mall,Istanbul,snow,13.805850142279592,94.09831097537516,65.26,high
15,1,4,0,0,0,market,Singapore,rain,11.47454042348063,74.82339011934762,31.63,low
8,3,2,0,0,0,market,Barcelona,snow,5.759350968168642,54.49490521682693,18.56,low
17,4,12,0,0,0,restaurant,Bangkok,rain,16.231694347006275,86.27163444704877,32.82,low
23,0,4,0,0,0,shopping_mall,Singapore,snow,13.040439386777107,49.916229545947914,0.0,low
6,1,6,0,0,0,restaurant,London,fog,34.944245436581014,69.44944835312242,11.49,low
11,1,9,0,0,0,shopping_mall,Dubai,snow,12.27595931694319,49.46221705973045,46.83,medium
3,3,4,0,0,0,shopping_mall,Rome,fog,7.976389890068214,45.32623645944133,0.0,low
21,4,6,0,0,1,beach,Dubai,snow,22.69571622222469,32.92555924876778,20.45,low
18,1,11,0,0,0,market,Amsterdam,clouds,12.659627636843847,38.427386061118966,32.95,low
15,5,5,1,0,0,transport_hub,Sydney,fog,25.12342479107278,22.647622307495816,77.26,high
2,6,4,1,1,0,museum,Paris,clear,3.5978789071124417,89.86719848688901,52.35,medium
6,6,1,1,0,0,market,London,clear,36.36982420548797,63.75863908111032,9.18,low
15,0,4,0,0,0,transport_hub,Istanbul,rain,22.475502240601894,87.5612793567933,44.44,medium
5,6,6,1,0,0,beach,Tokyo,fog,22.46656285295522,67.15118676586133,54.5,medium
8,0,12,0,0,0,restaurant,Tokyo,clouds,3.88275735249326,22.953375951721558,14.63,low
15,3,1,0,0,0,beach,Singapore,clear,39.51092207966796,47.17881720379489,16.29,low
18,1,3,0,0,0,market,Singapore,snow,22.671320242830756,86.4202896914128,26.14,low
11,1,3,0,0,0,museum,New York,rain,36.67056028529584,28.32288618733927,29.5,low
6,3,11,0,0,0,transport_hub,Rome,clear,39.34283667782475,57.10624222603935,9.38,low
18,4,9,0,0,0,beach,New York,rain,11.209833616625184,59.032370543636304,33.06,low
15,1,1,0,1,0,transport_hub,New York,clouds,10.524535610953286,94.71154486739057,59.98,medium
1,0,12,0,0,0,park,Istanbul,snow,13.31675456502262,22.353035545339722,0.0,low
0,0,10,0,0,0,tourist_spot,Rome,snow,1.4393263147140356,70.39279382878003,0.0,low
12,4,12,0,0,0,transport_hub,Barcelona,snow,13.68514750371579,90.71796917146393,38.79,medium
17,6,9,1,0,0,restaurant,Singapore,clear,36.75104459280011,26.35964766450701,65.14,high
10,1,11,0,0,0,museum,Paris,clear,7.084288708385316,24.87193771861836,32.1,low
7,2,8,0,1,0,museum,Tokyo,clear,13.645392319607609,88.16835698716007,50.12,medium
4,0,3,0,0,0,shopping_mall,Amsterdam,clear,2.246656627699024,30.403620563179985,27.42,low
5,4,3,0,0,0,museum,Istanbul,clear,27.424039910160225,35.76642806641681,6.52,low
12,2,3,0,0,0,transport_hub,Amsterdam,snow,28.329505022743216,57.14752845771116,36.74,medium
5,0,12,0,0,0,shopping_mall,Rome,fog,2.4506537444938203,33.86958854696773,1.09,low
2,4,1,0,0,0,market,London,fog,7.5738235413929855,29.300773052238725,9.79,low
6,5,3,1,0,0,market,Barcelona,clouds,25.411876987230894,64.4231152329889,19.66,low
13,4,9,0,0,0,park,London,rain,21.222033800775723,69.11316254579802,4.33,low
8,4,12,0,1,0,park,New York,clear,36.10773853448456,24.53029831117692,49.17,medium
2,4,3,0,0,0,shopping_mall,Paris,clear,30.85544434676569,88.5857499175592,0.0,low
21,5,12,1,0,0,museum,Sydney,rain,29.687705877710986,56.03366056668203,57.29,medium
9,5,5,1,0,0,shopping_mall,Barcelona,clouds,6.822117579787812,71.81484633287133,70.39,high
14,4,2,0,0,0,shopping_mall,Barcelona,snow,35.96358283293026,53.913230608786364,27.3,low
23,3,5,0,0,0,beach,Bangkok,clouds,15.258294042874017,85.26878790866193,14.24,low
12,3,6,0,0,0,transport_hub,Paris,clouds,37.84171735760856,36.274534032594154,57.54,medium
12,0,1,0,0,1,shopping_mall,New York,clouds,12.140885242753669,91.63968208459093,53.17,medium
8,0,7,0,0,0,restaurant,London,snow,37.89323563921365,31.98654872589305,25.88,low
1,0,11,0,1,0,transport_hub,Tokyo,rain,24.312706079876975,30.61083464053594,19.49,low
15,4,6,0,0,0,restaurant,Bangkok,rain,13.543220350283093,43.29589427489279,30.85,low
13,1,9,0,0,0,museum,Sydney,rain,14.93418777201303,71.63858748828855,56.64,medium
11,3,5,0,1,0,shopping_mall,Tokyo,rain,8.378239555530769,44.465046276309586,75.07,high
10,6,8,1,0,0,shopping_mall,Rome,fog,27.933181880229046,87.63918593179406,67.82,high
20,5,11,1,0,0,restaurant,Istanbul,clouds,9.963962581332897,62.247351521487836,28.76,low
10,3,1,0,0,0,museum,Bangkok,fog,21.169422415179152,54.70169469859438,31.44,low
2,4,9,0,0,0,shopping_mall,Bangkok,rain,14.551298274926179,78.33194575776602,17.38,low
7,0,5,0,1,0,restaurant,Amsterdam,rain,19.302124846541254,30.95901473444939,26.66,low
10,4,10,0,0,0,shopping_mall,Barcelona,fog,32.42914368088292,34.11462926737537,34.19,low
19,0,9,0,0,0,museum,Rome,clouds,20.16516991926916,38.616985226446374,45.18,medium
13,5,1,1,0,0,tourist_spot,Rome,clouds,1.1528493915900473,68.29912097884731,53.36,medium
2,2,3,0,0,0,transport_hub,Singapore,clouds,15.280778275508986,31.773381341534698,4.52,low
10,4,3,0,0,0,museum,Rome,clouds,18.133339370716442,32.2175819723757,26.56,low
10,3,5,0,1,0,tourist_spot,Tokyo,rain,14.752879781053316,43.64515485156569,52.34,medium
17,4,1,0,0,0,tourist_spot,Amsterdam,rain,13.06441861780943,82.7054991725077,24.78,low
20,5,2,1,0,1,park,Barcelona,fog,28.911066865107486,73.52480921812361,61.6,medium
2,2,5,0,0,0,museum,New York,fog,28.554151724282978,26.889455442126597,10.54,low
11,2,1,0,0,0,transport_hub,Tokyo,clear,21.80445523922159,59.35095076431683,53.12,medium
12,4,10,0,0,0,market,Dubai,clouds,4.60996590935113,88.35682813189834,42.64,medium
7,6,9,1,0,1,restaurant,Paris,fog,27.89151079223152,55.90199241921017,65.94,high
7,6,2,1,0,0,restaurant,New York,clouds,12.918010171510357,76.69723076801594,31.46,low
12,5,11,1,0,1,tourist_spot,Dubai,snow,16.597548589119636,25.09711524851435,57.8,medium
18,6,7,1,0,1,tourist_spot,London,snow,23.263328636183424,47.60886727412155,72.34,high
12,5,6,1,0,0,restaurant,New York,fog,22.250508777588777,58.31597178527328,65.64,high
6,0,6,0,0,0,park,Barcelona,rain,26.01850547950915,53.87373277665161,4.95,low
19,6,4,1,0,0,beach,London,clear,4.269184989575563,89.98126555657069,76.33,high
6,5,7,1,0,0,park,Istanbul,fog,14.43753286116712,24.077566590810243,32.95,low
7,2,10,0,0,1,park,London,rain,34.41432038960815,35.47645246587286,41.47,medium
23,3,2,0,0,0,transport_hub,Singapore,fog,36.832758036757184,56.013168037401435,15.22,low
9,0,9,0,0,0,restaurant,Tokyo,clear,24.77106960118652,84.2874483081765,23.7,low
0,5,10,1,0,0,park,Singapore,fog,3.8893067996316644,47.60373235604277,12.23,low
6,1,10,0,0,0,beach,Istanbul,clear,26.14503890943364,42.310244536275235,1.86,low
3,5,2,1,0,0,park,New York,clouds,25.468391401845373,91.43187449229617,33.52,low
15,1,2,0,0,0,market,Paris,clouds,35.4576002299121,72.11889327919752,29.07,low
8,4,10,0,0,0,tourist_spot,Istanbul,clear,6.131794218860738,24.886832496638743,22.81,low
12,6,11,1,0,0,tourist_spot,Paris,snow,38.916284743925644,63.25705146272189,32.29,low
21,1,2,0,0,0,museum,Rome,snow,10.69137752783682,70.34319196192311,21.02,low
7,1,7,0,0,0,shopping_mall,Paris,clear,33.41569926053232,52.650837428277946,24.37,low
15,3,12,0,0,0,restaurant,Istanbul,clear,3.5366399878409727,47.5472865195521,30.49,low
17,5,4,1,0,0,market,Barcelona,rain,21.630680604486372,44.053342864957614,48.07,medium
11,1,10,0,0,0,beach,New York,rain,13.897484769616511,41.93371512794859,11.99,low
15,0,11,0,0,0,beach,Barcelona,clear,35.390893857968294,44.96030568595178,19.08,low
20,1,1,0,0,0,shopping_mall,Singapore,clouds,13.738150449500344,88.87240122615073,29.42,low
4,1,10,0,0,0,transport_hub,Dubai,clouds,22.947703641510394,93.29239835008507,0.0,low
22,5,7,1,0,0,beach,Tokyo,clear,21.759869468801742,58.96766348023823,68.24,high
0,6,8,1,0,0,park,Dubai,clouds,27.36042759113102,79.07931830821543,47.94,medium
3,1,5,0,0,0,transport_hub,Istanbul,rain,15.798420763945881,69.2668921981161,9.13,low
7,1,2,0,0,0,transport_hub,Istanbul,clear,25.756090716616534,31.677588616134194,12.15,low
6,1,12,0,0,0,tourist_spot,Dubai,snow,2.8882669493369395,91.25829512619745,10.79,low
12,0,9,0,0,0,park,London,clear,7.640262849183563,21.21649971106878,29.9,low
3,6,10,1,0,0,restaurant,New York,clear,18.103974446956116,28.921469983784952,17.41,low
21,0,1,0,0,0,beach,Paris,rain,14.99663746608746,42.783995659197046,7.63,low
18,2,9,0,0,0,shopping_mall,Amsterdam,clear,39.080538461064705,57.49961349347523,25.77,low
0,0,12,0,0,0,park,Istanbul,snow,30.791495769621974,51.702625204953065,10.31,low
19,4,8,0,0,0,transport_hub,Amsterdam,clear,38.51073041184199,76.92871058688056,47.24,medium
15,2,3,0,0,0,park,Dubai,clouds,28.62433958986366,89.17331671007291,21.86,low
12,1,4,0,0,1,transport_hub,London,snow,31.086550862801097,84.09816450506392,66.91,high
19,2,8,0,1,0,beach,Tokyo,clouds,27.00970762396899,22.117681094746015,56.94,medium
14,5,6,1,0,0,museum,Dubai,rain,15.527124345692297,89.37353547792672,81.94,high
23,2,11,0,0,0,tourist_spot,Rome,fog,36.090469792999606,42.00421068084709,2.08,low
1,3,6,0,0,0,park,Sydney,clear,38.742590796165,25.761548801766562,8.05,low
15,1,5,0,0,0,restaurant,Paris,clouds,1.7549870318998773,33.70083497283383,23.43,low
21,3,12,0,0,0,shopping_mall,London,clear,5.568212310075462,75.52672947503456,19.01,low
18,1,9,0,0,1,tourist_spot,Singapore,snow,27.752483596887675,67.6123999115925,65.58,high
13,1,4,0,0,0,shopping_mall,Paris,fog,2.67754199063043,26.543221657784045,34.5,low
11,6,11,1,0,0,shopping_mall,Bangkok,clouds,35.02131913230636,29.075815802873638,47.08,medium
2,2,6,0,0,0,market,Amsterdam,fog,10.5202673309683,25.011416396609714,5.11,low
5,5,11,1,0,0,beach,Tokyo,clouds,12.013724187974578,75.99816108204828,31.89,low
0,6,2,1,0,0,transport_hub,Paris,clear,26.63644768771157,63.917963763989114,11.26,low
9,0,1,0,0,0,market,Barcelona,snow,7.546680469523772,55.6069664349456,24.91,low
6,5,5,1,0,0,museum,New York,fog,2.8367415505982585,70.0311760941272,39.28,medium
4,2,6,0,0,0,museum,Singapore,clear,9.88271284906296,76.50603105137606,11.63,low
11,1,10,0,0,1,restaurant,Rome,snow,15.78515351643122,34.44542706291524,48.49,medium
12,2,1,0,0,0,shopping_mall,Sydney,clouds,5.093054020215808,66.1171831652827,26.57,low
13,1,6,0,0,0,market,London,rain,3.0022163488690623,64.98663378744237,55.38,medium
2,5,3,1,0,0,museum,Istanbul,clouds,1.5979419259789962,40.80420743297823,34.77,low
14,5,10,1,0,0,transport_hub,Rome,fog,12.325674550348191,91.13719571563148,52.54,medium
15,3,6,0,0,0,beach,Istanbul,fog,24.208192705911955,69.57566193443688,23.7,low
4,4,8,0,0,0,shopping_mall,Barcelona,snow,21.30956456571745,66.22749945038885,11.31,low
8,6,3,1,0,0,park,Rome,fog,12.522065319663236,87.93581153685098,37.66,medium
18,5,9,1,0,0,restaurant,Barcelona,clouds,20.706870459347996,50.865443281003536,37.18,medium
19,2,9,0,0,0,beach,Amsterdam,fog,5.571106911374453,77.74317720252955,28.34,low
6,6,10,1,0,0,transport_hub,Istanbul,rain,18.507617289349145,59.008450977550226,13.32,low
23,6,5,1,0,0,park,Amsterdam,fog,33.21557055037381,33.73083752800147,35.95,medium
15,3,10,0,0,0,transport_hub,London,rain,18.363168995800198,45.60495742392162,45.86,medium
19,6,9,1,0,0,museum,Rome,snow,39.35470264943867,20.245030447773484,57.4,medium
8,2,7,0,0,0,shopping_mall,Singapore,fog,11.083666536545277,62.55902306390546,33.18,low
8,5,7,1,0,0,tourist_spot,Bangkok,snow,19.054726194492645,49.01635187481081,31.62,low
4,1,5,0,0,1,market,Tokyo,clear,4.298465117362347,60.14169775047207,17.89,low
3,2,5,0,1,0,beach,London,fog,4.457281630517804,93.26271960010381,33.59,low
9,1,10,0,0,0,beach,London,fog,30.06906249127858,89.58886546228963,25.51,low
7,3,12,0,0,0,market,Paris,rain,6.873693408283681,92.47997847858035,22.92,low
6,5,1,1,0,0,tourist_spot,New York,fog,10.78916633413742,56.46928078936224,12.92,low
7,4,4,0,0,0,beach,London,fog,6.941724395044306,36.525621309580664,20.59,low
0,2,4,0,0,0,restaurant,Amsterdam,fog,33.9835817774246,53.462390422851485,0.0,low
3,4,8,0,0,0,museum,Bangkok,snow,35.524736459396934,83.79397862500673,7.54,low
0,2,1,0,0,0,park,London,snow,35.00586853144627,45.67165511962772,3.48,low
15,5,1,1,0,0,beach,Singapore,rain,3.09427815704153,82.77048123940574,40.45,medium
12,4,12,0,0,0,market,Bangkok,rain,10.96567071937491,73.62003387362444,40.96,medium
12,3,8,0,0,0,shopping_mall,Paris,fog,27.9032364680454,53.91843552500177,43.76,medium
12,6,1,1,0,0,transport_hub,Barcelona,snow,17.81310227787138,51.81033623747205,40.04,medium
8,4,3,0,0,0,transport_hub,London,rain,6.741666263084638,84.02352093839716,22.32,low
16,0,10,0,0,1,restaurant,Paris,rain,28.28418192739782,31.90652535802318,48.17,medium
22,5,9,1,1,0,tourist_spot,Rome,rain,11.726112407932888,84.38751896986389,21.87,low
5,3,10,0,0,0,restaurant,Bangkok,fog,34.87240436442821,66.57084870272122,0.0,low
20,3,8,0,0,0,market,Rome,snow,9.449808900708497,80.57965473905696,18.41,low
19,2,7,0,0,0,museum,Tokyo,rain,7.149223844395078,29.310296054403842,46.1,medium
17,2,4,0,0,0,transport_hub,Istanbul,fog,9.825861688526976,20.655986923060112,59.58,medium
8,5,6,1,0,0,tourist_spot,Dubai,clear,6.680050506694455,55.18001669416729,57.66,medium
7,0,5,0,0,0,transport_hub,Sydney,snow,7.005800220432632,28.240713764035902,21.45,low
5,0,9,0,0,1,tourist_spot,Tokyo,clouds,31.953522112952623,70.81440606392465,25.94,low
17,3,2,0,0,0,beach,Dubai,fog,24.220686428985555,73.87668917195558,29.77,low
8,6,2,1,0,0,beach,New York,snow,1.4566669484654104,25.50628039974619,15.69,low
9,3,1,0,0,0,museum,Sydney,snow,14.944936640225603,43.5908885415019,25.01,low
0,5,7,1,0,0,restaurant,Bangkok,clouds,23.61719661668667,76.90671470904275,39.8,medium
20,1,5,0,0,0,park,Bangkok,clear,36.14654703111232,38.96899649134418,22.82,low
14,0,2,0,0,0,shopping_mall,Barcelona,snow,38.384734407468514,38.40245050251042,32.39,low
20,0,5,0,0,0,museum,Rome,rain,15.462273921682392,69.00740135765423,36.75,medium
2,0,3,0,0,0,park,Barcelona,fog,37.35908716361447,85.14717778964409,0.0,low
2,5,5,1,0,0,transport_hub,Barcelona,fog,39.68398246207914,30.945427088628172,16.06,low
17,5,12,1,1,0,park,Paris,clouds,14.850657291454027,53.62689934861588,70.57,high
19,4,12,0,0,0,shopping_mall,Barcelona,rain,32.048958396016815,63.92158731257419,25.85,low
15,5,3,1,1,0,beach,Dubai,fog,22.654023023232142,25.04668857826545,92.71,high
12,1,6,0,0,0,transport_hub,Amsterdam,rain,30.484350596366767,34.725068263629225,67.99,high
12,6,9,1,0,0,park,Bangkok,clear,38.142386416477564,34.58700844182216,65.96,high
6,6,8,1,0,0,beach,New York,fog,36.64285040218114,20.04252362494906,53.68,medium
5,2,3,0,0,0,tourist_spot,Rome,clear,36.60536080038466,32.42029513688112,18.15,low
15,0,11,0,0,0,museum,Tokyo,rain,39.17832534674298,83.7945373368969,45.17,medium
18,3,9,0,0,0,transport_hub,Amsterdam,fog,27.27829153399427,73.74230756784578,55.36,medium
21,5,6,1,0,0,park,Sydney,clouds,0.8890078764776455,56.25469744514033,52.94,medium
16,5,12,1,0,0,park,Singapore,snow,23.667713791234043,80.12553490500483,33.27,low
3,2,9,0,0,0,market,Dubai,clouds,9.949520666702858,87.88809941332318,0.0,low
22,0,4,0,0,0,transport_hub,Bangkok,snow,11.963381195404885,38.18706420945682,10.78,low
15,6,10,1,0,0,museum,Barcelona,clear,32.60243339305154,31.55344568987725,52.85,medium
0,6,4,1,0,0,transport_hub,Barcelona,clouds,39.91194084044122,89.58766372405417,28.42,low
18,4,2,0,0,0,restaurant,Bangkok,clouds,24.422908963122815,32.3670820162322,25.89,low
19,0,6,0,0,0,transport_hub,Sydney,clear,3.292410312948908,75.30726556209281,42.99,medium
17,4,6,0,0,0,beach,Singapore,clouds,0.08349045253042586,33.317980263019706,45.91,medium
9,1,5,0,0,0,transport_hub,Amsterdam,rain,3.50080759538109,32.39161727552101,40.25,medium
10,0,11,0,0,0,museum,Paris,clear,24.5745337010065,81.60723357790212,46.29,medium
5,5,7,1,0,0,beach,Singapore,fog,33.473993100550025,25.376248153933624,38.52,medium
9,2,9,0,0,0,market,Tokyo,rain,31.04300668833933,58.61685903526107,32.36,low
19,2,5,0,0,0,restaurant,Istanbul,snow,26.600343037488017,72.11815785951558,20.66,low
11,6,4,1,0,0,park,Rome,snow,37.219883869625654,79.56931299600676,21.06,low
21,6,11,1,0,0,transport_hub,London,clouds,1.4719060300150888,24.406106427879863,18.91,low
4,6,5,1,0,0,museum,Singapore,clear,13.309128489412604,43.99627933982963,26.07,low
22,4,9,0,0,0,shopping_mall,Bangkok,fog,12.101840060185252,73.18330761591264,16.37,low
20,6,4,1,0,0,tourist_spot,Barcelona,clouds,1.9564873073636013,83.08410140857151,44.19,medium
12,4,9,0,0,0,market,Singapore,snow,34.50297603713857,53.720918446538924,30.55,low
23,3,12,0,0,0,beach,Amsterdam,fog,7.3584753297086625,85.18806188360229,3.12,low
8,5,6,1,0,0,beach,Tokyo,rain,35.3687650383535,38.001753378352745,23.51,low
15,0,9,0,0,1,park,London,snow,14.429101261903408,45.72222452622388,30.52,low
11,4,9,0,0,0,transport_hub,Paris,fog,5.912233690177771,71.02667826712073,48.18,medium
8,4,6,0,0,0,beach,Dubai,fog,7.866440545003908,77.72838775989615,7.59,low
14,3,2,0,0,1,park,Dubai,snow,16.293451961672382,67.02820496545309,25.29,low
15,6,3,1,0,0,beach,Singapore,fog,36.92358056163178,82.61016275224853,47.61,medium
14,2,8,0,0,0,park,Rome,clear,26.73728910219086,63.4672792930949,36.07,medium
8,3,2,0,0,0,tourist_spot,Dubai,clouds,17.969997298413503,49.77351360148773,35.75,medium
1,4,3,0,0,0,museum,Rome,fog,0.6537361448263601,85.14094450656171,0.0,low
9,2,10,0,0,0,tourist_spot,Singapore,clouds,22.094370212422945,78.47560993351321,40.12,medium
12,0,8,0,0,1,transport_hub,New York,clouds,13.150993182314327,38.419723369131916,73.17,high
0,6,5,1,0,0,museum,New York,rain,11.692665121498962,39.281936482848025,31.73,low
13,2,6,0,0,0,restaurant,Istanbul,clear,11.551140341011408,94.84138116742645,41.71,medium
17,6,12,1,0,0,museum,Tokyo,clear,0.13312874841258537,37.966356351589184,61.03,medium
5,1,10,0,0,0,museum,Singapore,fog,31.1815010114288,54.89729194572917,1.85,low
15,4,5,0,0,0,park,Tokyo,clear,15.515227260172932,34.19751208944495,24.41,low
23,2,9,0,0,0,tourist_spot,Sydney,clear,6.491685255114117,45.65758907813941,16.0,low
22,0,6,0,0,1,restaurant,Singapore,rain,31.706612633692117,52.430116517601185,37.24,medium
12,4,6,0,0,0,restaurant,New York,snow,29.9093737296327,25.017542453186913,53.21,medium
21,6,8,1,0,0,shopping_mall,Dubai,snow,14.754832148287615,87.49778988322129,48.51,medium
14,0,2,0,0,0,restaurant,Paris,clear,37.35680203811449,68.65376185927109,19.03,low
23,3,3,0,0,0,tourist_spot,Barcelona,clear,3.8390942199970723,59.03856346090079,0.0,low
18,5,4,1,0,0,market,Singapore,fog,13.628133273051093,66.87099110940247,32.32,low
20,3,2,0,0,0,transport_hub,London,snow,34.34627655344434,24.118475470160284,8.78,low
21,4,11,0,0,0,market,Istanbul,snow,11.226723295432684,83.73027492986796,23.14,low
16,4,3,0,0,0,transport_hub,Tokyo,rain,1.0459113065164871,41.38664126084401,49.82,medium
22,5,7,1,0,0,museum,New York,fog,4.004904735842989,28.503063635057167,26.1,low
10,2,9,0,0,0,transport_hub,Tokyo,clouds,3.153554568147472,23.680902874012414,52.04,medium
17,1,11,0,0,0,museum,Istanbul,fog,21.842584996582982,87.97395602932204,30.79,low
9,6,11,1,0,0,museum,Bangkok,clear,35.11857075100278,26.972560840415305,45.62,medium
8,3,12,0,1,1,tourist_spot,New York,fog,1.7009939161607956,80.71254333171706,100.0,high
17,0,2,0,0,0,museum,Rome,fog,9.903030717971584,45.054712315115964,39.35,medium
20,5,7,1,0,0,museum,Amsterdam,snow,28.326459862786955,32.702718789425674,53.1,medium
16,3,11,0,1,0,restaurant,Bangkok,fog,23.06763017018467,74.73884555116052,36.67,medium
15,1,7,0,0,0,restaurant,Paris,fog,7.698871739216258,59.583585947401616,18.79,low
4,0,12,0,0,0,beach,Sydney,fog,9.96122706424738,84.21049845753295,0.0,low
22,6,5,1,0,1,beach,Rome,snow,23.62949436639694,76.00892263628702,38.39,medium
4,5,12,1,0,0,market,Amsterdam,clouds,1.608247825758351,94.8608733993001,7.85,low
23,3,2,0,0,0,museum,Amsterdam,clouds,4.504542223982431,20.211324907012095,3.24,low
22,3,8,0,1,0,museum,Istanbul,clear,17.882980151290802,31.02406665178809,44.09,medium
3,3,10,0,0,0,transport_hub,Barcelona,snow,27.212581120450672,53.255882931753845,0.0,low
20,1,7,0,0,0,market,London,clouds,34.32454346023952,69.67276653802125,22.3,low
15,2,5,0,1,0,park,Bangkok,clear,6.344203967274602,78.60448156796582,56.13,medium
23,3,3,0,0,0,shopping_mall,Dubai,snow,11.488397461383894,41.25846293531065,8.04,low
13,4,7,0,0,0,tourist_spot,Singapore,fog,18.177162214470798,42.73967674612068,61.28,medium
14,3,8,0,0,0,restaurant,Istanbul,snow,10.785579729216778,56.026271555888826,48.53,medium
4,5,3,1,0,0,tourist_spot,London,snow,37.940613791867065,58.22732827172902,9.79,low
3,6,5,1,0,0,park,Istanbul,rain,10.87248440444541,69.3720362986329,20.44,low
23,0,11,0,1,0,beach,Paris,clear,11.312533394127712,80.72826157005179,51.19,medium
17,3,11,0,0,1,market,Amsterdam,fog,13.095067074445819,71.72283338551588,62.54,medium
13,5,7,1,0,0,transport_hub,Paris,clouds,12.25352219369434,77.31216618317106,77.63,high
22,3,9,0,0,0,park,Sydney,snow,38.42615950154433,62.391175533098355,6.26,low
3,6,1,1,0,0,beach,Singapore,clouds,34.31185762171387,46.766049007727105,19.52,low
17,6,9,1,0,1,transport_hub,Singapore,fog,22.606358497120528,30.27468008807176,70.74,high
1,5,2,1,0,0,restaurant,Singapore,clear,39.59098368165709,61.14260437411135,11.13,low
7,3,5,0,0,0,restaurant,London,clear,36.72813820466388,50.685363590872356,16.07,low
20,5,10,1,0,0,shopping_mall,London,clouds,3.7404062764095647,38.77375084409464,45.73,medium
17,1,9,0,0,0,restaurant,Paris,rain,26.291880833305832,72.19016469754163,30.02,low
15,4,1,0,0,0,restaurant,Bangkok,clear,23.315168389478092,89.36082965266414,20.57,low
0,2,10,0,0,0,beach,Istanbul,rain,22.25147446868986,32.322076611350866,0.0,low
20,6,4,1,0,0,tourist_spot,Amsterdam,clouds,9.368782263241705,23.390312604107084,45.34,medium
6,6,7,1,0,0,restaurant,London,snow,17.978680499084344,66.39846596932878,38.74,medium
3,2,2,0,0,0,restaurant,Barcelona,rain,17.27290098486229,71.59378465075119,1.8,low
15,6,6,1,0,0,beach,Paris,clear,27.37758572188249,86.96752910708449,77.58,high
2,4,4,0,1,0,market,London,snow,9.170285075809815,80.9449661334171,20.98,low
22,4,9,0,0,0,transport_hub,Singapore,fog,22.69174492823707,91.52135788410449,15.07,low
5,6,3,1,0,0,shopping_mall,Rome,fog,29.336575805634887,77.8857149010284,34.01,low
6,4,1,0,0,0,beach,Rome,fog,3.64098992190502,63.605188903592996,7.62,low
4,2,12,0,0,0,tourist_spot,London,fog,4.526595640201818,55.949125733938274,0.0,low
18,5,10,1,0,0,market,Paris,fog,31.9577157874188,38.03621830865811,58.2,medium
16,0,2,0,0,0,museum,London,clear,21.502658752660906,39.47436645318206,20.84,low
17,2,12,0,1,0,market,New York,snow,8.212014776382572,80.21525419691287,57.85,medium
22,6,8,1,0,0,museum,Dubai,snow,28.836793492393035,61.004470966844,45.98,medium
14,5,11,1,0,1,market,Amsterdam,rain,31.201902338064254,78.14781915296733,63.69,medium
0,5,12,1,0,0,tourist_spot,Tokyo,fog,27.518256065375212,56.05849088342226,32.29,low
14,0,4,0,0,1,transport_hub,Paris,fog,14.133472833884962,48.428379449348085,59.45,medium
16,3,4,0,0,0,park,Rome,clear,5.91774451743015,70.11076754502113,28.32,low
15,4,7,0,0,0,park,Singapore,clear,32.97428094244857,41.67328959410009,34.48,low
1,4,9,0,0,0,transport_hub,Bangkok,fog,1.0500541460950386,64.94087363529195,0.51,low
21,0,1,0,0,0,park,London,rain,28.95596907016358,40.630948541705614,10.81,low
12,4,6,0,0,0,beach,Sydney,snow,10.7763712142952,37.08835642263342,26.3,low
11,5,11,1,0,0,tourist_spot,Barcelona,clouds,15.013021150112058,23.140486526792856,44.11,medium
20,3,2,0,0,0,shopping_mall,Paris,clouds,34.24102473682427,61.869678046567536,28.31,low
11,0,9,0,0,0,tourist_spot,Sydney,fog,2.5805807294582594,40.085801446061794,42.14,medium
3,4,2,0,0,0,beach,Rome,clear,36.60939709224988,75.38796596506893,8.81,low
20,6,9,1,0,0,park,Amsterdam,snow,37.23599143296937,58.674751218700514,36.21,medium
22,0,1,0,0,0,restaurant,Dubai,snow,6.194437346756394,24.914791588578904,0.0,low
12,4,12,0,0,0,park,Istanbul,fog,26.67915872649901,43.06224465797163,22.36,low
5,1,11,0,0,0,tourist_spot,London,clouds,29.00914187581527,59.6240784400454,0.0,low
3,0,8,0,0,0,park,Rome,clear,11.665012820199978,93.66562930772024,0.0,low
5,5,2,1,0,0,transport_hub,Barcelona,clear,31.546360620581822,74.08430938185242,7.94,low
10,4,1,0,0,0,market,Rome,clear,18.793282025239208,43.07971031099089,31.74,low
9,4,10,0,0,0,tourist_spot,London,rain,27.896246761372634,58.9060179768808,34.0,low
10,0,10,0,0,0,market,Singapore,clear,13.597160290938906,41.72721439236446,45.17,medium
1,1,10,0,0,0,park,London,clouds,30.601857252102363,46.62975966613492,0.0,low
8,4,6,0,0,0,transport_hub,Istanbul,clouds,32.237919599466224,26.75432203034398,31.33,low
19,5,12,1,0,0,shopping_mall,Dubai,clear,24.258259825584368,34.89641624005306,45.03,medium
2,3,8,0,0,0,restaurant,Singapore,snow,39.977743096863506,22.940835924287942,0.0,low
1,1,2,0,0,0,museum,Tokyo,fog,19.866655992984278,92.12757337509154,8.79,low
3,4,2,0,0,0,shopping_mall,Dubai,fog,20.978963044829335,20.62864609659012,13.57,low
6,5,7,1,0,0,tourist_spot,Paris,rain,4.480585023683439,29.593026062993374,10.53,low
16,0,9,0,0,0,tourist_spot,London,rain,28.11354413549651,39.79153625439544,26.68,low
19,1,10,0,0,0,museum,Istanbul,clear,27.20483011415653,49.38210574979233,30.59,low
11,6,9,1,1,0,market,Paris,fog,4.926945826662061,59.447106405695045,65.04,high
9,5,8,1,0,0,museum,Dubai,clouds,19.093875391170467,82.85489221646048,55.75,medium
4,3,8,0,0,0,beach,London,clouds,24.262733340848857,57.938944146716395,5.11,low
7,3,3,0,0,0,shopping_mall,Rome,snow,10.20589319878157,22.736215123208467,11.21,low
4,5,10,1,1,0,beach,Istanbul,rain,31.120737729082162,45.31188590693212,40.92,medium
12,5,5,1,0,0,beach,Bangkok,clear,3.8394132603742603,75.97571849568921,87.88,high
0,0,3,0,0,0,tourist_spot,London,clear,8.127288329995302,49.29423045245761,2.68,low
2,4,9,0,0,0,tourist_spot,Bangkok,snow,37.61236958061495,35.96400855106064,0.0,low
6,2,6,0,0,0,park,Barcelona,snow,7.336155902218953,62.90311286716182,2.72,low
20,5,5,1,0,0,shopping_mall,Bangkok,clouds,39.356795109657085,82.35436532485284,53.92,medium
23,1,10,0,0,1,tourist_spot,Tokyo,fog,17.89720051891901,34.55518901866448,24.32,low
7,2,11,0,0,0,shopping_mall,Amsterdam,fog,1.8448231255891168,37.53105929780877,11.93,low
19,3,1,0,0,0,museum,Paris,rain,27.758686845914774,65.42615440986503,35.89,medium
16,4,2,0,0,0,transport_hub,Sydney,clear,11.430576614763584,33.633352668003134,44.14,medium
22,0,1,0,0,0,shopping_mall,Rome,clouds,23.914014609504232,62.95905341791486,5.14,low
13,1,10,0,0,0,beach,Amsterdam,fog,30.379785776230896,75.95142584094302,33.58,low
21,4,11,0,0,0,shopping_mall,Tokyo,rain,31.341230382377052,63.44596865629712,18.33,low
18,6,10,1,0,0,restaurant,New York,clear,30.891980081927294,86.55038072332366,58.98,medium
19,0,8,0,0,0,restaurant,New York,clear,31.213398816310587,81.45242334698955,30.4,low
4,5,10,1,0,0,beach,Bangkok,clear,27.98710346906205,94.25169864180043,39.22,medium
4,6,4,1,0,0,beach,Amsterdam,snow,1.2208132868814303,53.149200588789554,24.87,low
9,2,8,0,0,0,restaurant,Dubai,rain,24.096004041391616,47.135128891201454,14.87,low
16,2,9,0,0,0,market,Amsterdam,clear,39.23746683737678,82.1010204794289,28.39,low
13,0,12,0,0,0,museum,New York,fog,13.653589197975364,61.19391467678468,39.95,medium
12,1,5,0,0,0,transport_hub,Dubai,snow,3.7398957561256996,61.29604625465379,55.29,medium
12,3,8,0,0,1,transport_hub,Bangkok,clouds,17.0381522471466,70.40087150257872,89.36,high
4,0,12,0,0,0,restaurant,Dubai,rain,30.01687113052187,38.894790584207236,19.65,low
8,5,7,1,0,0,beach,Dubai,fog,12.429708197642423,58.177343982403045,64.35,medium
1,2,10,0,0,1,tourist_spot,New York,clouds,20.55594427414183,65.02943310365433,29.04,low
2,4,2,0,0,0,tourist_spot,Tokyo,snow,3.0022695902628005,70.1236285232005,0.0,low
10,1,9,0,0,0,tourist_spot,Paris,snow,24.482704892243504,40.943530693708595,27.07,low
20,4,10,0,0,0,museum,Istanbul,snow,7.087568301826264,67.21529270809575,25.9,low
18,2,7,0,0,0,shopping_mall,Amsterdam,clouds,14.734442299756637,67.81271607417625,35.03,medium
0,1,10,0,0,0,shopping_mall,Singapore,rain,2.327279959415005,90.71981995312036,0.65,low
23,1,5,0,0,0,beach,Bangkok,fog,0.7784994111849297,79.90002495724866,0.21,low
23,4,5,0,0,0,shopping_mall,Bangkok,clouds,37.29940670782274,25.009558295335502,0.0,low
0,1,9,0,0,0,beach,Dubai,rain,7.81074112607218,35.19998318731772,6.91,low
2,4,8,0,0,0,market,Barcelona,clouds,36.63277535468764,50.09842249120396,0.0,low
17,0,4,0,1,0,museum,Singapore,clouds,3.143783391394366,32.2537110003444,73.99,high
3,1,1,0,0,0,restaurant,Bangkok,fog,12.710237542497001,55.07957821474303,17.07,low
18,4,7,0,0,0,transport_hub,Bangkok,clouds,35.65602173443917,60.88915956955113,50.64,medium
8,4,11,0,0,0,tourist_spot,Istanbul,fog,5.634045262373335,49.669140629852095,6.71,low
1,2,6,0,0,0,museum,Bangkok,clear,8.195612633838874,38.75944519341016,0.0,low
12,4,4,0,0,0,shopping_mall,Dubai,clouds,29.636658367793803,57.47437298331951,49.18,medium
5,5,6,1,1,0,market,Tokyo,clouds,35.12725934135178,87.06996736338448,45.67,medium
17,6,8,1,0,0,market,Tokyo,rain,38.94713563319079,32.871471553586304,48.96,medium
10,4,7,0,0,0,shopping_mall,Istanbul,snow,17.04082008200393,81.97502942660569,46.47,medium
7,4,7,0,0,0,museum,Dubai,rain,13.538850912126389,62.93190226905302,18.28,low
23,3,4,0,0,0,tourist_spot,Singapore,fog,25.4660062279371,50.208604604422284,6.29,low
14,0,5,0,1,0,shopping_mall,Istanbul,snow,16.20338753410499,78.49143982358592,100.0,high
0,1,5,0,0,0,transport_hub,Paris,clouds,33.62722640363582,33.53367300177452,0.0,low
11,5,10,1,0,0,transport_hub,Amsterdam,snow,26.3822058934094,21.112411419276096,53.23,medium
17,5,12,1,0,0,shopping_mall,Tokyo,snow,29.299585840959,59.21280930822809,71.24,high
2,1,6,0,0,0,market,Barcelona,snow,38.19564850313509,61.814481051992274,9.69,low
21,6,7,1,0,0,park,London,fog,31.333973272659215,85.10582380900138,47.78,medium
4,6,6,1,0,0,tourist_spot,Barcelona,fog,9.191962677929869,83.13229159020761,25.96,low
23,0,3,0,0,0,park,Dubai,clouds,24.223905306375308,83.4601649281148,0.0,low
16,6,9,1,0,0,museum,Amsterdam,rain,21.82769552097764,54.341408850120374,65.29,high
22,6,2,1,0,0,shopping_mall,Tokyo,clouds,21.75875616122881,53.56843780195127,24.88,low
6,4,5,0,0,0,market,Paris,snow,31.209917091724826,92.2642728764699,14.47,low
23,0,3,0,0,0,shopping_mall,Singapore,snow,5.996683197326589,66.77309370111274,1.54,low
16,3,3,0,0,0,shopping_mall,Istanbul,clouds,23.072170971677775,57.04303707602912,34.89,low
20,2,2,0,0,0,transport_hub,Amsterdam,snow,27.293549068331764,79.43039259173813,21.22,low
1,4,1,0,0,0,park,Paris,rain,15.60617726473188,74.576645020138,9.33,low
21,1,12,0,1,0,shopping_mall,Sydney,clear,35.99067018680873,33.193040589827525,52.59,medium
11,5,12,1,0,0,park,Rome,fog,23.74379676403612,34.70804352705599,41.62,medium
19,2,12,0,0,0,park,New York,clouds,29.574420921818373,83.50573372240316,29.0,low
7,6,2,1,0,0,restaurant,Dubai,fog,13.607442797690945,32.33161478902869,22.65,low
21,2,3,0,0,0,transport_hub,New York,rain,37.286444450409064,33.342393327851134,12.77,low
12,6,12,1,0,0,market,Sydney,fog,27.783907122096547,45.74937838860279,51.48,medium
21,4,9,0,0,0,transport_hub,Tokyo,fog,28.424611506229432,47.69235709633914,40.92,medium
20,3,1,0,0,0,shopping_mall,Dubai,snow,22.347396112792595,21.172430781582655,0.0,low
15,4,11,0,0,0,park,Rome,clouds,24.927211737626127,85.83125498635324,44.0,medium
18,4,6,0,0,0,museum,Tokyo,fog,1.87559342358941,59.11569444445401,62.45,medium
10,5,12,1,0,0,restaurant,Rome,clear,8.407434640684945,43.06853593599456,59.39,medium
9,2,11,0,0,0,shopping_mall,Tokyo,rain,8.663834848681828,33.01322450830235,24.06,low
6,2,9,0,0,0,beach,Singapore,fog,31.95214939899745,53.549514516196766,8.44,low
1,0,11,0,0,0,tourist_spot,Sydney,clouds,25.732481718773403,28.182852128601894,5.64,low
1,3,3,0,0,0,transport_hub,New York,fog,39.90373972714355,72.20591533467255,6.51,low
15,2,6,0,0,0,tourist_spot,Sydney,clouds,0.2690611099249196,47.073994351425696,67.44,high
16,0,8,0,0,0,transport_hub,Bangkok,clouds,22.296263518660627,88.46696407127664,50.7,medium
13,2,3,0,0,0,tourist_spot,Barcelona,fog,31.69182382651865,53.733475323160114,50.92,medium
8,2,3,0,0,0,park,New York,rain,39.326157194614964,86.98782239257251,6.21,low
17,4,10,0,0,0,transport_hub,Istanbul,rain,12.69309126961463,73.45071135549415,49.64,medium
9,3,9,0,0,0,market,Dubai,fog,38.70537581532534,80.9313413648942,39.87,medium
10,2,3,0,0,0,tourist_spot,New York,clear,1.7149973380396144,80.12161186347228,49.37,medium
20,1,1,0,0,0,restaurant,Sydney,clouds,9.456850031354396,68.19878742697,0.0,low
10,4,4,0,0,0,transport_hub,Tokyo,rain,1.351572132643133,35.30684528877093,48.6,medium
13,2,10,0,0,0,market,Amsterdam,rain,20.792360462186302,66.2681426013266,41.56,medium
18,1,1,0,0,0,shopping_mall,New York,clouds,35.95475066820437,79.1620734563454,23.85,low
20,3,10,0,0,0,beach,New York,clouds,20.612560804125657,75.40613441002608,12.29,low
11,1,6,0,0,0,park,London,clear,32.21539044784523,32.96554340472396,41.39,medium
3,1,7,0,0,0,market,London,clouds,5.7285043235611965,83.08752837319742,8.58,low
20,5,1,1,0,0,park,Sydney,snow,35.419285324171476,58.96929467734795,12.36,low
8,3,3,0,0,0,shopping_mall,New York,fog,0.9690155185798144,32.37943550586794,23.88,low
12,4,4,0,0,0,museum,Amsterdam,clouds,19.203183193284698,44.06366463397107,36.64,medium
17,5,1,1,0,0,park,Singapore,clouds,37.68550903579407,44.40756790849143,26.16,low
2,1,9,0,0,0,shopping_mall,Bangkok,fog,4.089997825770246,23.982234680675383,0.0,low
22,2,7,0,0,0,shopping_mall,Tokyo,clouds,27.499313716610825,34.8740891979439,19.4,low
18,3,8,0,0,0,market,Paris,clouds,38.207712044380486,88.22311484151102,46.83,medium
23,0,8,0,0,0,beach,New York,snow,26.289884106477338,63.88825525084298,6.57,low
9,2,10,0,0,0,restaurant,Dubai,clouds,13.004100517427819,47.276922223607215,28.2,low
18,3,9,0,0,0,restaurant,Barcelona,rain,4.886261966557268,74.3589547153226,32.29,low
23,3,4,0,0,0,shopping_mall,London,snow,37.67593384372005,62.828278801938986,0.0,low
8,6,9,1,0,0,shopping_mall,Sydney,clear,17.87306892979366,81.86517822441301,54.06,medium
14,6,8,1,0,0,tourist_spot,New York,snow,2.217500904533183,38.486701324612184,57.27,medium
14,6,9,1,0,0,shopping_mall,Istanbul,snow,32.70000974144839,30.370652515205677,74.23,high
16,2,7,0,0,0,restaurant,New York,clear,14.57229089651456,74.69023163835652,43.51,medium
17,4,2,0,1,0,restaurant,New York,clear,22.16840073136849,65.49349740752922,55.57,medium
14,0,12,0,0,0,shopping_mall,Barcelona,rain,14.29457073946482,37.75968911355014,45.56,medium
12,6,7,1,0,0,tourist_spot,Paris,rain,9.451493597789007,49.08883372996385,60.46,medium
18,4,3,0,0,0,transport_hub,Tokyo,rain,6.520189927248414,35.7538562297858,43.29,medium
2,1,8,0,0,0,tourist_spot,New York,clouds,29.190673810788255,64.01596342173121,0.0,low
21,4,12,0,0,0,tourist_spot,Tokyo,snow,34.71427820173565,58.35357345241193,19.22,low
19,0,2,0,0,0,restaurant,Paris,snow,27.470941124404952,57.489893153084004,12.24,low
3,5,9,1,1,0,market,Bangkok,clouds,4.622383775486236,31.805341272472887,18.68,low
22,1,12,0,0,0,shopping_mall,Bangkok,clouds,24.23349254470375,75.95158059528342,10.09,low
3,5,4,1,0,0,museum,Bangkok,clouds,1.6740447643270429,66.31309717241899,15.85,low
14,2,2,0,0,0,market,Istanbul,fog,37.29609645863588,34.84634983845966,28.41,low
23,5,9,1,0,0,restaurant,Paris,clouds,13.492527368188473,60.211134411436916,15.48,low
5,2,11,0,0,0,shopping_mall,Amsterdam,rain,4.145182713756492,77.32700570579675,5.21,low
5,6,10,1,0,0,museum,Tokyo,fog,25.013935722355956,30.5458411883166,24.41,low
0,0,12,0,0,0,transport_hub,New York,rain,0.6845959544156122,81.74286432083764,0.0,low
22,0,7,0,0,0,transport_hub,Barcelona,clear,29.439329998241778,20.09270597548903,20.27,low
22,0,8,0,0,0,transport_hub,New York,fog,0.6835415292867975,27.28760448965983,22.2,low
3,0,4,0,0,0,market,Rome,rain,21.585573067274872,49.05265612915818,0.0,low
6,5,5,1,0,1,tourist_spot,Rome,clouds,37.20740915948611,51.68448421533006,56.0,medium
19,4,1,0,0,0,market,Singapore,snow,6.654073476513265,66.45685817758658,20.85,low
23,3,3,0,0,1,museum,Bangkok,fog,5.059311050179867,41.104908845041244,11.99,low
3,5,10,1,0,0,transport_hub,Barcelona,clouds,27.377947757165053,68.15307371741764,15.6,low
22,1,8,0,0,1,park,Paris,clear,36.20385062859654,91.74418018928935,24.53,low
20,1,8,0,0,0,shopping_mall,Barcelona,rain,14.835520220640976,64.25921738728981,24.83,low
11,4,12,0,0,0,park,Bangkok,clouds,33.66314950776846,30.26443718193296,8.27,low
14,3,9,0,0,0,beach,Paris,fog,4.740383564609005,78.77004573914205,34.34,low
1,4,5,0,0,0,restaurant,Paris,snow,4.01508761922293,49.89787549311481,0.0,low
15,6,4,1,0,1,market,Bangkok,fog,29.070522686897057,47.46829154776104,63.43,medium
4,2,4,0,0,0,tourist_spot,Istanbul,rain,18.538213397394117,34.66143141036652,4.0,low
13,6,2,1,0,0,shopping_mall,Tokyo,snow,13.285571658524145,92.65814824838101,62.89,medium
11,5,10,1,0,0,park,Singapore,snow,28.162589727805134,21.85926091899887,19.29,low
13,2,8,0,0,0,market,Barcelona,fog,17.872793205353137,72.75558201381094,24.84,low
8,6,9,1,0,1,shopping_mall,Paris,fog,26.842030824319547,85.41260747816683,66.05,high
19,0,7,0,0,0,beach,New York,snow,33.53322846814241,86.72273784519587,29.1,low
4,4,3,0,0,0,museum,Barcelona,fog,5.528880864225996,84.03122161049585,11.97,low
1,3,1,0,0,0,tourist_spot,Rome,snow,38.60323796580188,67.01282340436104,2.43,low
2,2,1,0,0,0,museum,Paris,snow,4.9729367834119165,38.92374681533355,0.0,low
23,4,1,0,0,0,park,Sydney,fog,28.596110511696573,76.79654238741875,14.62,low
20,1,12,0,1,0,park,Sydney,clouds,28.30915631824101,43.749943143385096,27.06,low
1,6,6,1,0,0,park,Sydney,clear,11.905154480512156,82.2598215553537,46.89,medium
12,2,5,0,0,0,shopping_mall,Amsterdam,clear,23.612686228459282,71.38667847231659,49.17,medium
12,2,3,0,0,0,park,Tokyo,snow,5.937594537819497,56.371656853699136,21.31,low
15,6,2,1,0,0,shopping_mall,Sydney,clouds,30.48780421087728,52.76702771876864,70.83,high
23,3,8,0,0,0,park,Sydney,clear,17.84271919936341,21.09953586030505,7.37,low
8,5,12,1,0,1,market,Bangkok,clouds,20.62284989975148,81.48602957133751,53.52,medium
5,5,7,1,0,0,museum,Tokyo,clouds,26.370553978511513,67.31184736075784,30.3,low
20,2,11,0,0,0,park,Tokyo,fog,31.96743341794262,37.64080507832224,0.0,low
22,5,12,1,0,0,shopping_mall,New York,clear,38.50076914501582,74.82175490052268,32.69,low
16,2,7,0,0,0,park,Amsterdam,clear,37.12302964896013,87.06226911025256,27.33,low
17,1,11,0,0,0,market,New York,snow,35.33765416027631,59.14597193513736,27.31,low
18,5,8,1,0,0,shopping_mall,Dubai,clear,2.4685793554396263,21.926970626879857,69.82,high
1,5,7,1,0,0,beach,Singapore,clear,7.1931987530346975,34.1685754322912,42.68,medium
2,0,7,0,0,0,park,Sydney,clear,20.43593135207592,57.47632597070585,9.69,low
8,0,8,0,0,0,market,Sydney,fog,6.017480630683618,74.4654082984607,26.95,low
18,0,2,0,0,1,shopping_mall,Amsterdam,rain,28.53527996477901,39.39885815869356,43.02,medium
18,4,4,0,0,0,beach,Tokyo,clear,22.073920262553337,38.60836381671724,36.14,medium
9,0,5,0,0,0,restaurant,Barcelona,rain,37.24040670998081,63.577531239687,27.84,low
21,0,11,0,0,0,beach,New York,clear,37.049083835373075,72.65082734058834,18.36,low
19,0,10,0,0,0,beach,Bangkok,rain,17.172329731470654,39.9233521445057,4.82,low
9,3,6,0,0,0,market,Tokyo,clouds,4.088387008290053,30.675476953279542,29.74,low
18,5,12,1,0,0,restaurant,Amsterdam,fog,0.013732165853035383,92.57459437877145,53.37,medium
8,1,8,0,0,0,beach,Dubai,clouds,35.213371049138374,30.30945423152992,8.1,low
12,3,9,0,0,0,shopping_mall,New York,fog,23.030009886071042,51.868582603738545,35.25,medium
2,6,10,1,1,0,museum,Rome,clear,30.267544089025563,74.35781399623592,47.07,medium
21,0,1,0,0,0,market,London,clear,19.004415488158003,50.57243743600834,19.0,low
10,5,1,1,1,0,market,London,rain,20.441742567537887,50.04562221418174,46.6,medium
0,1,12,0,0,0,market,Barcelona,rain,19.82367847700255,39.66370518760904,3.8,low
3,6,9,1,0,0,beach,Barcelona,clouds,10.9440037692353,79.07734757320173,42.62,medium
12,4,3,0,0,0,museum,Singapore,snow,37.254319711781086,24.90001855738453,38.09,medium
4,1,6,0,0,0,park,Sydney,fog,21.868175131393016,91.73195792784156,4.62,low
12,0,1,0,0,0,shopping_mall,Dubai,rain,10.834803108483392,58.7728695838475,27.67,low
7,0,4,0,0,0,transport_hub,Sydney,snow,37.887397189446226,60.94362636405142,22.52,low
21,6,9,1,0,0,restaurant,Istanbul,snow,21.98208464394409,43.37118401954497,35.82,medium
12,5,6,1,0,0,park,Istanbul,clear,23.534087616568463,93.4172141068926,56.69,medium
1,1,11,0,0,0,museum,Tokyo,fog,2.3435231580789306,71.55894706829227,0.08,low
11,4,5,0,0,0,restaurant,Istanbul,clear,2.8153462631943293,25.895474416659482,45.58,medium
23,4,12,0,0,0,tourist_spot,London,fog,22.209575416893927,49.616432380196564,23.97,low
10,2,3,0,0,0,restaurant,Bangkok,clouds,23.170754092903536,44.57403822190409,33.22,low
1,2,9,0,1,0,beach,Singapore,clear,26.053094140410376,42.58495696279792,53.0,medium
9,4,5,0,1,0,park,New York,snow,27.296336551065416,40.547877318514765,24.68,low
19,1,7,0,0,0,beach,Bangkok,clear,17.432159561553835,32.13719584849946,30.98,low
10,1,11,0,0,0,beach,Barcelona,snow,35.69854439174658,62.84076119807806,7.55,low
10,5,11,1,0,1,restaurant,London,fog,34.28149306244568,47.71472498295188,54.89,medium
12,6,2,1,0,0,market,Amsterdam,snow,11.567617670951007,28.129902033036785,45.55,medium
10,1,10,0,0,0,transport_hub,London,clear,27.010702021567713,32.01981055861832,50.43,medium
3,0,7,0,0,0,market,New York,snow,35.25416835497764,72.04622223413222,0.0,low
9,0,5,0,0,0,beach,New York,fog,1.1099559377599633,25.929880874349276,19.67,low
22,5,10,1,0,0,museum,Tokyo,fog,10.048041800680426,79.76614608451882,31.0,low
12,1,10,0,0,1,tourist_spot,Paris,fog,20.650815064304627,49.706071958616576,77.5,high
15,5,12,1,0,0,market,London,clouds,35.29914198570507,46.87736904849577,42.45,medium
8,4,1,0,0,0,shopping_mall,New York,snow,34.10967176083026,67.89455392136554,0.0,low
2,6,3,1,0,0,market,Istanbul,clouds,21.150475517281446,37.16056749341027,7.6,low
10,5,5,1,0,0,restaurant,Bangkok,fog,34.65593509452312,59.92174587105979,51.03,medium
17,1,4,0,0,0,transport_hub,Amsterdam,rain,6.993137094307822,29.59375265430988,41.83,medium
17,6,11,1,0,0,restaurant,Dubai,rain,30.096858137830573,91.25177174900924,45.02,medium
1,4,2,0,0,0,beach,Rome,rain,18.688962262433527,75.48256364407501,0.0,low
2,3,7,0,0,0,museum,New York,clouds,39.38901944382471,41.40994711020082,12.72,low
19,2,7,0,0,0,shopping_mall,Amsterdam,clear,36.04681544707824,49.86079869651641,37.61,medium
7,6,7,1,0,0,park,Amsterdam,clouds,1.2282038306081722,85.07073761854545,49.4,medium
17,6,7,1,0,0,beach,Amsterdam,clear,14.145207617943516,20.946169153817813,90.78,high
1,0,7,0,0,0,museum,Sydney,clouds,10.197196700856477,73.60686386116313,0.0,low
1,1,7,0,0,0,beach,Sydney,clouds,21.812746674728785,82.2307634790389,9.36,low
19,5,10,1,0,1,restaurant,Barcelona,rain,34.52891221642633,79.08794401271409,72.95,high
16,6,4,1,0,0,museum,Istanbul,snow,11.464229379352503,87.87522364424217,66.35,high
11,6,3,1,0,0,market,Rome,rain,17.099899069514034,81.93888850420916,36.43,medium
17,3,8,0,1,0,transport_hub,Istanbul,fog,18.013458163910148,78.82086635705329,65.49,high
0,2,4,0,0,0,transport_hub,London,clear,18.25973300944119,57.675441901660896,9.09,low
8,2,11,0,0,0,beach,Sydney,snow,21.107751582411662,78.23084106017103,11.1,low
19,5,12,1,0,0,tourist_spot,Rome,rain,28.123102823747665,82.81328302585032,30.04,low
8,0,4,0,0,0,shopping_mall,Amsterdam,snow,32.408953037721425,84.63859177878092,16.42,low
17,1,9,0,0,0,beach,Istanbul,rain,8.149403581512434,61.756029603274996,25.64,low
18,5,8,1,0,0,shopping_mall,New York,clouds,4.128133699580392,93.18394339423419,59.08,medium
21,1,10,0,0,0,shopping_mall,Paris,clouds,22.663249734070973,93.75540761597593,29.14,low
16,2,6,0,0,0,tourist_spot,Istanbul,clouds,4.845063401693728,81.21607485244402,52.3,medium
5,6,1,1,0,0,restaurant,New York,clear,20.88086229143733,54.59818480571947,25.51,low
3,1,1,0,0,0,tourist_spot,Paris,fog,22.32433644519757,80.15286259915791,0.0,low
22,0,5,0,1,0,beach,Tokyo,clear,7.574033252200882,48.77869222137681,56.8,medium
9,2,4,0,0,0,tourist_spot,Istanbul,fog,12.772987976633203,38.29764692549777,37.3,medium
18,1,3,0,0,0,tourist_spot,Singapore,fog,7.799496446508716,43.19975145645516,40.7,medium
10,5,8,1,1,0,museum,Paris,clear,30.063873053871898,88.69994710146231,100.0,high
11,1,1,0,0,0,park,Barcelona,fog,33.36364569501068,44.855558212592356,8.18,low
1,3,12,0,0,0,beach,Bangkok,snow,3.6811012249665698,20.97814346011006,6.49,low
12,2,10,0,0,0,transport_hub,Rome,clear,35.672364828919626,90.69471099868163,41.49,medium
0,6,10,1,0,0,shopping_mall,Dubai,snow,36.89579305538769,64.36109639827043,24.17,low
15,1,9,0,0,0,tourist_spot,Dubai,rain,30.408351479365624,52.24223801103816,25.31,low
6,6,7,1,0,0,park,Dubai,fog,22.584068662473584,50.39423105826914,20.5,low
19,3,2,0,0,0,shopping_mall,Paris,fog,22.216831600677672,87.32795721028693,21.22,low
3,3,8,0,0,0,shopping_mall,Dubai,snow,2.905913997913707,22.29761565346033,20.28,low
13,1,8,0,0,0,market,Barcelona,clear,35.87168734581904,21.753022350303894,55.28,medium
7,4,9,0,0,0,market,Paris,clouds,28.06168787598625,94.1188358656168,17.45,low
20,1,4,0,1,0,market,Bangkok,clear,0.23377441199195825,90.7706078777456,31.27,low
11,2,8,0,0,0,market,Tokyo,rain,12.574183336351936,91.80026832098805,44.28,medium
15,0,4,0,0,0,shopping_mall,Rome,clouds,15.403862775004855,33.86586657765788,42.63,medium
3,4,3,0,0,0,market,Rome,fog,5.510831009072796,39.97033479271055,0.0,low
4,3,6,0,0,0,shopping_mall,Barcelona,clear,32.446510406474154,86.12310856340638,11.41,low
23,2,9,0,0,0,transport_hub,Rome,clear,13.864457810227648,42.02363575222813,12.06,low
1,5,5,1,0,1,transport_hub,Bangkok,clouds,5.053141368795657,85.22326285047579,38.52,medium
0,2,5,0,1,0,tourist_spot,Istanbul,snow,28.165070086263544,45.66283517145109,20.5,low
1,6,10,1,0,0,shopping_mall,New York,clouds,34.58066924512467,94.39096039773449,25.36,low
5,2,5,0,0,1,transport_hub,Istanbul,rain,20.806825951322807,90.89899009787328,22.86,low
5,2,6,0,0,0,market,Istanbul,snow,5.449988840128719,51.47639729407875,9.73,low
17,4,2,0,0,0,transport_hub,Paris,clear,37.71884577347584,68.11103159450829,38.77,medium
2,2,3,0,0,0,museum,Sydney,clear,33.75362022633011,86.44314349103476,0.0,low
21,4,4,0,0,0,museum,Barcelona,clear,1.7447837423885382,47.204548694610274,28.01,low
1,1,3,0,1,0,market,London,snow,17.20751869489206,43.5432576465339,23.52,low
0,6,1,1,0,0,shopping_mall,Rome,clear,22.960099811913842,43.41937808046548,9.59,low
10,5,12,1,0,0,park,London,clouds,20.876118978358868,50.990327108519935,42.71,medium
18,6,7,1,0,0,restaurant,Bangkok,fog,38.2619954562835,77.449333061781,63.32,medium
23,1,2,0,0,0,museum,Sydney,fog,39.096168420951045,35.1638439696879,4.7,low
17,1,11,0,0,1,museum,London,clear,6.149162754951418,78.10123974167574,52.68,medium
19,5,11,1,0,0,beach,London,clear,11.870796744029445,92.81151519062853,56.13,medium
14,2,1,0,0,0,park,Dubai,clouds,36.73584972363231,51.55076458860543,15.31,low
12,3,3,0,0,0,park,Dubai,snow,23.5314403617244,36.42720475218804,24.74,low
9,3,9,0,0,0,restaurant,Dubai,clouds,9.114060217924438,89.08530051711793,11.83,low
9,6,10,1,0,0,beach,New York,rain,17.820643131823658,53.32501254622563,24.33,low
22,1,10,0,0,0,tourist_spot,Bangkok,fog,3.2024649871057465,92.06906996503429,13.17,low
6,0,6,0,0,1,market,Istanbul,fog,36.092533697384525,44.341433555152335,25.59,low
15,6,2,1,1,0,park,Istanbul,fog,9.34284004561003,91.3281492237009,58.89,medium
14,2,4,0,0,0,beach,Tokyo,clear,32.21765228954909,72.8119701570437,47.21,medium
21,5,4,1,0,0,beach,Paris,clouds,0.9517202991613427,73.78150695244736,46.07,medium
7,6,1,1,0,0,transport_hub,Rome,clear,39.92843568344415,86.97266087831538,22.25,low
4,1,11,0,0,0,market,Singapore,fog,38.47915710792572,20.793175673806292,0.0,low
22,5,3,1,0,0,tourist_spot,Tokyo,rain,28.778970220834434,33.73195847859918,11.94,low
20,3,12,0,0,0,park,Singapore,fog,17.522467458999024,23.286941511106654,11.85,low
3,5,5,1,0,0,shopping_mall,Istanbul,clouds,22.02978135631009,89.80627459689913,26.91,low
23,2,12,0,1,0,transport_hub,Amsterdam,clouds,33.16934349112596,23.6108372787327,41.73,medium
9,1,2,0,0,0,restaurant,Rome,clear,35.890496545725526,28.8888116197684,22.66,low
11,2,10,0,0,1,market,Paris,snow,38.89215760240467,41.315852029850404,49.34,medium
17,1,3,0,0,0,park,Amsterdam,clear,39.619426028114916,45.260805271845385,26.27,low
19,5,9,1,0,0,market,Dubai,clouds,27.44098739835089,45.53507079175185,47.99,medium
11,2,2,0,1,0,beach,Tokyo,snow,22.775779348781768,63.3206774367289,42.41,medium
0,6,10,1,0,0,beach,Sydney,fog,21.869412775891238,73.7846617992403,46.04,medium
8,3,5,0,0,0,tourist_spot,Istanbul,snow,27.775527739589833,29.39797910861099,13.82,low
21,4,8,0,0,0,restaurant,Sydney,rain,38.52720617847158,48.122647960793984,18.99,low
0,4,8,0,0,0,tourist_spot,Bangkok,snow,33.86045281802878,45.06307083820462,0.0,low
6,6,1,1,0,0,market,Amsterdam,clear,8.500662739684639,48.4612206629125,13.13,low
4,0,9,0,0,0,beach,New York,snow,7.3508100456336,24.586122908295877,4.65,low
21,0,7,0,0,0,market,London,rain,3.809956332964899,21.142500752897245,27.9,low
18,2,2,0,0,0,tourist_spot,Amsterdam,snow,1.85579399948403,38.32139697239842,21.23,low
17,6,10,1,0,0,beach,Dubai,clear,36.11411664386041,26.628968594982894,66.08,high
14,1,2,0,0,0,restaurant,New York,clear,27.13353137210361,91.82658294696893,25.91,low
10,3,4,0,0,0,shopping_mall,Barcelona,clouds,23.73676351813872,64.519752136096,29.44,low
9,4,3,0,1,0,market,Bangkok,clouds,32.164274121017854,33.4385705724393,52.97,medium
22,6,1,1,0,0,market,Singapore,fog,10.23338033614866,93.74775230700185,3.64,low
22,2,1,0,0,0,market,Paris,clear,13.770089996413507,32.157698101727156,8.98,low
17,0,1,0,0,0,tourist_spot,New York,clouds,31.81046772241426,74.41678650318826,53.99,medium
2,5,6,1,0,0,transport_hub,Dubai,fog,19.55332002722901,20.320694234070622,11.25,low
18,1,1,0,0,0,museum,Bangkok,clear,8.457439999440473,47.85712853017212,24.88,low
17,1,7,0,0,0,museum,Istanbul,rain,18.550000098427347,92.96090450348994,46.64,medium
22,1,6,0,0,0,museum,Bangkok,clear,30.016498265390183,77.98449535276892,12.31,low
15,2,8,0,0,0,restaurant,Tokyo,snow,6.182928236878009,88.14611530781787,46.26,medium
5,6,5,1,0,0,park,Barcelona,rain,26.29426124571993,94.65716983037831,3.97,low
5,6,5,1,1,0,shopping_mall,New York,clouds,24.601676253838995,60.24909332066448,80.52,high
7,1,10,0,0,0,market,Amsterdam,clear,11.096972310168924,56.545601852649625,4.61,low
20,3,10,0,0,0,restaurant,Istanbul,fog,2.641559666830351,93.04535635941828,15.47,low
18,2,1,0,1,0,restaurant,Istanbul,clouds,29.391456548287202,29.568550457870032,35.77,medium
6,3,10,0,0,0,tourist_spot,Rome,clouds,5.248021820361761,73.77046397267283,15.91,low
11,3,5,0,0,0,market,Istanbul,clouds,7.7585318808045445,87.38833604949308,29.97,low
16,5,5,1,0,0,museum,Bangkok,clear,15.834915398669676,20.216437884894344,71.86,high
11,0,2,0,0,0,restaurant,Singapore,rain,23.382487921701014,65.83289336633072,39.59,medium
4,3,8,0,1,0,museum,Amsterdam,clouds,3.5863537835212256,71.19771727367885,21.79,low
23,0,12,0,0,1,museum,Singapore,fog,23.281612023435287,91.68399870258901,36.36,medium
3,4,8,0,0,0,tourist_spot,Rome,fog,2.675233370092136,49.03245299600924,0.0,low
4,3,6,0,0,0,museum,London,snow,20.043488459550463,47.516936737594826,6.16,low
11,1,7,0,0,0,beach,Bangkok,clear,28.01704835712946,89.73961656147893,37.95,medium
18,0,3,0,0,0,beach,Barcelona,rain,31.15211688371511,78.74169296849652,7.47,low
20,4,11,0,0,0,tourist_spot,Singapore,snow,27.39431241338538,65.34943705622679,24.27,low
22,2,7,0,0,0,restaurant,Sydney,clear,24.18073635605836,32.54561214909815,24.43,low
4,3,7,0,0,0,market,Bangkok,clear,38.74629889334978,39.17948157514006,0.97,low
21,5,2,1,0,0,market,Istanbul,fog,10.662202141733804,31.347918455346587,28.51,low
16,0,11,0,0,0,tourist_spot,Dubai,fog,24.70797005238715,75.49289712092354,31.3,low
4,2,2,0,0,0,restaurant,Istanbul,clear,22.83574512085267,48.519969394618485,0.0,low
6,6,8,1,0,0,transport_hub,London,rain,38.964332627652865,33.99942444020701,25.34,low
21,1,1,0,0,0,tourist_spot,Barcelona,clouds,37.96940779754724,91.20228865103974,28.67,low
22,5,2,1,1,0,restaurant,Tokyo,rain,21.160079985710457,50.425084211671404,48.84,medium
23,2,1,0,0,0,park,Barcelona,snow,22.548619411927312,40.14222433755891,0.0,low
14,0,12,0,0,0,beach,Sydney,rain,37.70965662642949,88.71399598329951,17.95,low
6,5,12,1,0,0,transport_hub,London,fog,34.28985395158961,49.477059870954164,9.8,low
16,4,9,0,0,0,beach,Tokyo,rain,7.083327872531875,41.4163031633603,25.82,low
17,6,1,1,0,0,tourist_spot,Sydney,fog,12.253979893936386,26.565377012695713,56.86,medium
5,4,12,0,0,0,beach,Sydney,rain,15.882995516683769,83.3179624267021,0.0,low
3,2,7,0,0,0,restaurant,Paris,rain,14.717709057605157,73.80533500863312,0.0,low
8,0,5,0,0,0,market,Bangkok,rain,26.70791415979175,39.857893502711406,28.25,low
18,2,7,0,0,0,restaurant,London,clouds,32.66312066207645,42.57480701995169,28.51,low
9,0,11,0,0,0,restaurant,Istanbul,snow,8.800428705747567,77.77399174379059,19.07,low
3,5,8,1,0,0,tourist_spot,Paris,clear,21.23320991455067,46.72008960680247,37.77,medium
4,1,6,0,0,0,museum,Tokyo,fog,36.64600966350198,61.77360401350147,0.77,low
5,1,11,0,0,0,restaurant,Barcelona,rain,7.048727700992097,86.6885109092166,0.0,low
14,4,6,0,0,1,park,Rome,snow,25.712632526419586,32.27004837413894,31.86,low
21,3,10,0,0,0,tourist_spot,Istanbul,rain,32.814231558915345,36.69232989005965,19.39,low
14,5,4,1,0,0,shopping_mall,New York,snow,16.269505378097374,34.62344013230721,64.43,medium
3,1,1,0,0,0,park,Paris,clear,25.17199119933425,46.78324383606636,0.0,low
14,0,6,0,0,0,museum,Paris,rain,20.76575984307685,93.80626390443943,62.82,medium
0,0,2,0,0,0,market,Singapore,clouds,2.6285032359328175,33.97314350295175,12.98,low
21,3,4,0,0,0,restaurant,Tokyo,fog,38.70638208796509,71.92247859673236,8.8,low
6,5,5,1,0,0,beach,Dubai,clear,6.579136821160647,22.63117451134667,38.65,medium
6,3,5,0,0,0,beach,Sydney,clouds,15.630616896155551,87.98631384270965,14.71,low
19,4,1,0,0,0,market,Sydney,snow,13.758775927966983,73.9352370650669,21.52,low
11,5,9,1,0,0,restaurant,London,clouds,30.83431297978209,53.202045723892425,64.41,medium
19,0,12,0,0,1,restaurant,Dubai,clouds,18.947256711479987,72.0119554335096,26.71,low
11,1,8,0,0,0,restaurant,New York,snow,14.000322810409326,22.606881672260776,42.42,medium
2,5,2,1,0,0,tourist_spot,Dubai,clear,15.563598456124748,57.33756530354481,4.22,low
16,2,5,0,0,1,market,London,clear,15.857028990917406,46.566557015184024,58.71,medium
7,4,7,0,0,0,market,Istanbul,snow,33.67258060880508,52.605635145516814,20.11,low
8,1,12,0,0,0,park,Bangkok,rain,10.506224075264967,30.886145500365746,1.28,low
22,2,8,0,0,1,market,New York,fog,24.29712781072763,39.031723028312406,21.12,low
11,1,6,0,0,0,market,Istanbul,clouds,38.334172473472044,50.37705312883104,50.49,medium
5,6,1,1,0,0,transport_hub,London,clear,9.689726779793535,87.28166284156872,10.45,low
7,5,5,1,0,0,museum,Amsterdam,clear,27.34696829109871,56.883222838368106,49.33,medium
7,0,4,0,0,0,tourist_spot,Singapore,clouds,37.99111583974673,77.91276569777614,39.61,medium
17,1,10,0,1,0,transport_hub,New York,clear,15.41467135385119,50.09694758491504,55.69,medium
16,0,2,0,0,0,park,Amsterdam,fog,18.941063480630802,47.403126127710365,29.51,low
10,6,3,1,1,0,park,Singapore,rain,2.908858895087887,33.07099234505564,40.06,medium
21,2,10,0,0,0,museum,Barcelona,rain,22.64905743790481,88.87339968601079,10.41,low
10,5,12,1,1,0,beach,Rome,clear,15.039010224469024,93.85744445669648,100.0,high
10,1,8,0,0,0,shopping_mall,Dubai,clouds,32.13712483660219,80.8402605003237,40.14,medium
8,2,1,0,0,0,market,Bangkok,clear,34.675088719138195,57.20978056793696,23.87,low
23,4,5,0,0,0,museum,New York,clouds,30.075910602942848,52.2497350569462,14.75,low
12,3,9,0,0,0,shopping_mall,Dubai,snow,22.655787752536256,59.241488170567784,53.89,medium
2,1,8,0,0,0,market,Bangkok,snow,31.915595114809904,93.88174725910159,0.0,low
4,5,7,1,0,0,shopping_mall,Amsterdam,clear,13.564755825833341,63.258171880897905,32.4,low
17,2,6,0,0,0,shopping_mall,Amsterdam,rain,25.49609838007968,35.60036518091594,34.98,low
21,0,10,0,0,0,park,London,clear,15.289249518160721,43.15750207102453,14.43,low
16,1,2,0,0,1,transport_hub,New York,clouds,2.770123288623343,83.16236780407968,52.67,medium
15,5,12,1,0,0,beach,Rome,fog,31.981635964411737,41.306930564309255,60.98,medium
22,5,1,1,0,0,tourist_spot,Paris,fog,12.246814164276962,60.85666425454315,1.67,low
15,2,3,0,0,0,beach,Rome,fog,12.38037970209524,90.57473180202406,25.22,low
6,0,3,0,0,0,beach,Barcelona,clear,13.225034783192351,21.729019213489835,9.79,low
11,3,9,0,0,1,transport_hub,Istanbul,clouds,39.00205977928627,62.3784729614619,75.54,high
5,6,9,1,1,0,shopping_mall,Singapore,fog,5.494127443227099,72.19590778285092,75.69,high
10,2,8,0,0,0,restaurant,Paris,fog,0.3182811079163095,47.60051322156446,24.75,low
5,5,4,1,0,0,market,Singapore,clouds,9.39082949979548,25.877235077317078,22.44,low
19,4,11,0,0,0,park,Dubai,fog,30.538026790439837,65.8793044426316,31.24,low
9,5,12,1,0,0,beach,Amsterdam,rain,30.148769993104104,85.59942508179316,20.6,low
23,3,10,0,0,0,restaurant,Rome,clear,12.214100841279837,29.098420326889638,6.4,low
19,0,8,0,0,0,restaurant,Sydney,rain,18.03561606558826,36.98112147390093,23.41,low
13,1,10,0,0,0,park,Paris,fog,8.981150998992987,64.4990731747009,23.35,low
13,6,5,1,0,0,market,Sydney,clouds,26.76031435059679,59.98839518570075,64.53,medium
18,0,6,0,0,0,park,Tokyo,clear,39.908254413073124,77.01866107304036,24.9,low
4,6,4,1,0,0,tourist_spot,Istanbul,snow,19.157207407600723,42.601894046685345,6.58,low
11,4,6,0,0,0,restaurant,Rome,snow,18.904705286131176,63.92038367609215,36.27,medium
1,0,5,0,1,0,restaurant,Paris,rain,33.93026271593173,48.61260879537112,12.44,low
4,0,3,0,1,0,restaurant,Sydney,clear,29.491868577790736,46.682862326485704,12.81,low
3,4,5,0,0,0,restaurant,Istanbul,rain,34.57276593334646,59.65737598406828,6.19,low
12,5,9,1,0,0,restaurant,Barcelona,snow,22.215089482045315,52.2683088318551,50.65,medium
18,1,3,0,0,0,restaurant,Tokyo,rain,7.566102820448548,72.18222178179178,29.33,low
12,5,2,1,1,0,restaurant,Tokyo,fog,1.9223171129876393,35.35276731287505,67.9,high
6,3,7,0,0,1,beach,New York,clouds,12.401094871020106,41.95663182983823,8.17,low
13,3,9,0,0,0,restaurant,Amsterdam,rain,18.030489896001104,63.458417476537754,29.78,low
23,3,6,0,0,0,beach,Dubai,clear,36.064260896616155,91.21555990602361,14.59,low
22,4,11,0,0,0,market,Sydney,snow,38.37053181234688,31.474297877096177,7.9,low
2,2,11,0,0,0,shopping_mall,Singapore,clear,7.532945869430003,22.815490384827218,0.0,low
10,0,8,0,0,0,tourist_spot,New York,rain,6.534780908223099,81.13000524737939,38.68,medium
8,6,9,1,0,0,beach,Bangkok,snow,29.193308613342236,76.5418773827785,37.55,medium
6,0,6,0,0,0,restaurant,New York,clouds,9.350924792682909,30.221913093463545,5.99,low
10,2,5,0,0,0,beach,Sydney,clouds,0.398432978904788,21.647492248262974,23.48,low
8,4,7,0,0,0,beach,Singapore,clear,17.11105131605661,54.22206865541642,34.48,low
14,1,1,0,0,0,beach,New York,fog,30.036150459596726,43.63915252450302,33.86,low
5,0,2,0,0,0,park,Amsterdam,clear,36.14046072156476,88.26763873779979,10.17,low
17,5,8,1,0,0,park,Singapore,clear,28.669554864734348,91.30710042588623,73.59,high
1,6,5,1,0,0,market,Dubai,clear,31.982196742751498,80.71245693121043,9.21,low
2,0,1,0,0,0,shopping_mall,Istanbul,clouds,5.296110002003336,23.908939593143778,0.0,low
1,2,1,0,0,0,shopping_mall,Istanbul,rain,21.858581442406756,74.72354857783088,5.08,low
15,4,4,0,0,0,shopping_mall,Barcelona,snow,31.46638954651494,65.05401585384189,41.6,medium
8,3,7,0,0,0,tourist_spot,Bangkok,fog,34.89588675513809,53.052968506190645,49.71,medium
15,5,11,1,0,0,market,Barcelona,clear,12.666315912841917,23.007743583618353,47.2,medium
22,1,8,0,0,0,transport_hub,Bangkok,fog,10.188898418801454,58.03499269748502,2.68,low
7,1,5,0,0,0,shopping_mall,London,snow,37.61954309830342,79.58218715319794,27.42,low
4,2,4,0,0,0,museum,Tokyo,clear,38.64041045710824,23.14727233855399,0.0,low
11,4,12,0,0,0,beach,Istanbul,clear,1.9793501087885668,81.82843734588357,30.95,low
22,2,10,0,0,0,tourist_spot,Amsterdam,fog,4.142760213541075,92.8718312193228,16.0,low
8,0,9,0,0,0,transport_hub,New York,clear,6.906539552063609,30.65787313803063,45.01,medium
12,5,5,1,0,0,park,London,snow,0.8585606100310539,84.28662591945084,61.07,medium
4,4,6,0,0,0,museum,Bangkok,rain,10.42692321273762,85.93025530467683,7.6,low
6,4,1,0,0,0,restaurant,Istanbul,fog,8.09426694397985,41.7422585716998,3.33,low
14,6,11,1,0,0,tourist_spot,Rome,fog,23.9688126981588,89.18364725853891,64.83,medium
8,3,1,0,0,0,shopping_mall,Paris,clear,24.553986693357395,48.314236979534044,23.6,low
21,6,6,1,0,0,transport_hub,Tokyo,rain,27.274840011654806,57.262639733429246,31.43,low
22,6,10,1,0,0,market,Bangkok,clouds,35.105925976554346,75.5810678656394,36.36,medium
7,2,3,0,0,0,park,New York,snow,31.791616133003338,32.001348051455906,7.24,low
18,1,1,0,0,0,market,Paris,snow,3.3485982244491197,80.71409076708545,27.98,low
0,2,5,0,0,0,transport_hub,Sydney,clouds,11.43350127846766,25.350190208804033,8.18,low
6,5,2,1,0,0,tourist_spot,New York,rain,28.045256907214416,50.16673954162265,16.63,low
7,3,3,0,0,0,shopping_mall,Amsterdam,clouds,6.894418843587675,66.68172433379286,21.71,low
21,0,10,0,0,0,market,Paris,clear,10.368357784599773,58.57790438108212,11.06,low
21,1,10,0,0,0,transport_hub,Tokyo,clear,21.532390940273736,83.84999456281633,14.73,low
8,0,2,0,0,0,restaurant,Istanbul,clear,3.348318391078773,83.78777966937423,5.5,low
5,3,4,0,0,0,museum,Barcelona,fog,35.33743116636656,73.34215985936456,8.19,low
4,3,7,0,0,0,beach,Dubai,snow,11.918170122393814,20.632707460214114,7.28,low
3,6,8,1,0,0,transport_hub,Rome,clear,39.552872570036264,76.25574503106915,14.64,low
0,1,11,0,0,0,tourist_spot,Bangkok,fog,19.913120699597645,67.87107102074701,15.85,low
7,6,5,1,0,0,transport_hub,Dubai,snow,11.27075908950912,85.26622123976934,32.26,low
23,1,11,0,0,0,museum,Sydney,clouds,26.340160125581203,28.384479550932532,9.97,low
22,2,5,0,0,0,beach,New York,clouds,12.225530949287716,24.797288428324535,0.0,low
5,2,10,0,0,0,park,Dubai,clear,19.423902016181025,58.330992451144326,0.0,low
22,5,8,1,0,0,museum,Tokyo,fog,33.01529400359136,50.46884532354447,43.54,medium
19,6,9,1,0,0,park,Sydney,clear,20.547490626069592,34.93718630311656,65.93,high
0,0,7,0,0,0,tourist_spot,London,snow,29.500018861350085,75.88445356195317,0.0,low
0,0,12,0,0,0,tourist_spot,Paris,clouds,21.569654743868277,34.50438418088769,2.58,low
6,4,2,0,0,0,museum,Paris,clear,7.178417226717708,38.320384371818555,0.0,low
7,1,6,0,0,0,tourist_spot,Barcelona,clouds,33.69805121729276,66.1958334804975,25.14,low
18,1,11,0,0,0,tourist_spot,Paris,fog,6.560563988278791,54.304147822569966,46.32,medium
7,3,3,0,0,0,restaurant,New York,clouds,20.064066532079508,86.97176250742628,16.6,low
6,1,11,0,0,0,restaurant,Singapore,clear,25.399989519728635,86.24546179423442,9.61,low
12,0,7,0,0,0,market,Bangkok,clouds,12.188111831287216,78.27286119125421,47.9,medium
2,5,1,1,0,0,restaurant,New York,clouds,9.024353240995481,65.65803491642022,18.54,low
21,1,4,0,0,0,restaurant,Barcelona,snow,29.13291628841708,24.747551602323526,8.32,low
10,3,5,0,0,0,tourist_spot,Bangkok,snow,3.7988768966921027,23.258656760207522,39.51,medium
23,5,10,1,0,0,transport_hub,Sydney,fog,34.25202389186298,80.99139913901745,17.13,low
2,6,9,1,0,0,market,Singapore,snow,36.72883555387496,72.1095170326544,18.02,low
18,1,12,0,0,0,beach,Sydney,clouds,11.956343159062715,69.55558655642638,20.99,low
23,5,7,1,0,0,tourist_spot,Istanbul,clouds,15.07481556196196,72.19483745471072,11.17,low
17,0,2,0,0,0,beach,New York,rain,3.7680316383736745,44.27545866829382,21.06,low
9,4,7,0,0,0,market,Barcelona,fog,17.40621257670956,67.73464520035262,31.17,low
23,5,4,1,0,1,park,New York,fog,19.007180673694425,77.36241356507458,41.27,medium
13,6,2,1,0,0,park,Tokyo,fog,19.37724859165957,62.18268990731643,47.8,medium
19,4,7,0,0,0,shopping_mall,Rome,snow,14.077733363385176,66.33551995303941,41.86,medium
9,1,8,0,1,0,beach,Rome,fog,24.33050328552206,57.8051263356469,67.49,high
3,6,11,1,0,0,beach,Singapore,snow,25.19654999475559,35.469341202826044,22.03,low
17,5,8,1,0,0,museum,Bangkok,fog,10.608843949441837,43.70278221175613,78.48,high
5,1,9,0,0,0,beach,Paris,clouds,35.50518989163195,22.35492763893291,0.0,low
4,0,2,0,0,0,shopping_mall,Paris,rain,36.069272178771065,21.35586383186315,11.32,low
5,2,7,0,0,0,park,Dubai,rain,30.80689764661775,20.04085761845966,3.89,low
18,4,7,0,0,0,restaurant,Amsterdam,rain,26.670291666627975,60.56428273267963,39.05,medium
19,2,8,0,0,0,shopping_mall,Rome,clear,16.63976162202596,84.91202818410233,35.45,medium
4,5,1,1,0,1,shopping_mall,Barcelona,clear,13.796536839069082,49.27830000954063,16.21,low
12,0,11,0,0,0,museum,Sydney,fog,8.132230346586521,88.33703516139143,39.84,medium
12,0,1,0,0,0,park,Tokyo,fog,17.530996793135376,60.602172910217064,8.87,low
13,5,10,1,1,0,shopping_mall,Sydney,snow,36.490647798629304,69.02207709009674,88.18,high
15,2,6,0,0,1,market,Bangkok,clear,8.161796458878158,47.92709258676818,55.44,medium
3,2,12,0,0,0,tourist_spot,London,rain,38.757157698889074,29.864502922512393,9.66,low
1,5,9,1,0,0,beach,Singapore,rain,22.345043689723877,89.68442186761793,16.64,low
5,3,1,0,0,0,park,Paris,clouds,36.40644769197493,65.84613736571177,14.07,low
15,3,3,0,0,0,market,Barcelona,clouds,34.20433556461335,29.36631389464535,29.46,low
10,6,1,1,0,0,restaurant,London,rain,1.1759824331461743,57.417795494554476,24.74,low
12,6,5,1,0,0,park,Dubai,rain,8.913493335480172,52.78050534031778,27.26,low
3,4,6,0,0,0,restaurant,Dubai,clear,3.2734265832451426,30.288491260709158,10.69,low
23,3,12,0,0,0,transport_hub,London,fog,29.6408928183129,49.57898366882976,5.23,low
5,0,11,0,0,0,museum,Tokyo,snow,31.152037572888286,30.738979075089464,0.0,low
15,3,4,0,0,0,market,Bangkok,fog,29.260256065839755,66.31141275903492,39.53,medium
10,0,7,0,0,0,transport_hub,Dubai,clouds,12.210953584406127,71.0950886691165,55.01,medium
4,2,12,0,0,0,transport_hub,Tokyo,fog,14.729735736533339,26.302504678420725,11.64,low
1,3,3,0,0,0,transport_hub,Paris,clear,23.97145363472287,39.374476623667505,12.94,low
9,1,4,0,0,0,park,Singapore,rain,14.2648803509406,30.585955510416873,7.83,low
16,5,3,1,0,0,park,Tokyo,snow,23.223238378846716,72.6745878937343,16.62,low
14,1,8,0,0,0,restaurant,Rome,fog,13.334801564028265,56.624779278717064,33.93,low
0,6,7,1,0,0,restaurant,London,clouds,34.95387696847776,25.148575467084072,34.08,low
7,0,7,0,0,0,market,Bangkok,fog,21.397915747649797,33.131193339127144,12.29,low
2,1,7,0,0,0,transport_hub,New York,snow,11.409640558722591,61.613895875287206,0.0,low
10,4,7,0,0,0,museum,Barcelona,snow,16.343748070810655,82.37991749917742,49.5,medium
10,5,8,1,0,0,restaurant,Singapore,fog,20.475362409509735,84.7607744340114,62.33,medium
13,5,12,1,0,0,shopping_mall,London,snow,29.408826672789697,53.20198119188105,72.26,high
5,0,1,0,0,0,beach,Sydney,rain,32.54530531050377,30.24137898590086,0.0,low
18,1,9,0,0,0,park,Bangkok,snow,36.24140749617071,23.949371507163,10.83,low
18,4,8,0,1,0,tourist_spot,Istanbul,clear,22.164143425310947,55.976792067964574,82.29,high
0,1,8,0,0,0,restaurant,Amsterdam,clouds,3.399375242085032,64.58382320195366,9.08,low
16,5,11,1,0,0,park,Rome,rain,29.44490252074093,58.59498376575055,33.69,low
9,2,6,0,0,0,shopping_mall,Sydney,clouds,35.07366847125746,81.79139117251913,20.23,low
10,3,5,0,0,0,transport_hub,Dubai,fog,33.703480837445184,23.850659828158154,41.01,medium
2,4,5,0,0,0,shopping_mall,Istanbul,fog,35.88776101546722,83.42962624385957,0.0,low
4,3,3,0,0,0,park,Dubai,fog,18.074128597591425,26.146196720444838,0.0,low
10,5,1,1,0,0,park,Rome,clear,31.792201377738962,35.45830113372992,42.89,medium
5,2,5,0,0,0,beach,Dubai,clouds,25.527812847401172,35.7440033898669,0.0,low
10,1,5,0,0,0,beach,Dubai,clear,24.390184279105508,93.9380036434256,26.54,low
2,3,7,0,0,0,park,Barcelona,clear,24.68780537149047,88.76899089653025,0.0,low
20,3,8,0,0,1,market,Tokyo,fog,22.41096075220199,51.89190826822724,44.92,medium
18,4,3,0,0,0,restaurant,London,rain,33.16235651284246,43.481072901476274,32.05,low
17,3,6,0,0,0,tourist_spot,Istanbul,clear,26.757438277726443,34.63691524781465,57.23,medium
12,1,11,0,0,0,tourist_spot,Istanbul,clear,31.490592236665794,25.986516742278948,47.96,medium
17,0,9,0,0,0,market,Sydney,rain,34.645582531437014,46.2171302668355,35.23,medium
23,2,9,0,0,0,beach,Paris,fog,21.40045964646372,27.57982480651806,1.52,low
22,1,5,0,0,0,museum,Paris,clear,11.973474386983337,73.59752352966285,26.45,low
12,6,7,1,0,0,museum,Barcelona,fog,15.164585935332177,50.15427392340874,87.97,high
2,0,3,0,0,0,restaurant,Istanbul,fog,9.813841047580777,46.49223892502178,0.0,low
1,1,9,0,0,0,tourist_spot,Amsterdam,rain,39.062887654088655,83.11656179148349,7.75,low
2,4,3,0,0,0,transport_hub,Amsterdam,snow,3.437928751308177,45.07341887472617,7.39,low
12,1,1,0,0,0,restaurant,Sydney,clouds,31.594156288272362,28.676762376685808,13.61,low
9,1,1,0,0,1,restaurant,Bangkok,fog,20.32232401103185,37.998814660051906,36.03,medium
5,5,5,1,0,0,shopping_mall,Paris,fog,39.870738615307005,68.76176885042915,45.55,medium
0,4,2,0,0,0,transport_hub,London,fog,32.28951729979736,39.23185609394014,0.0,low
21,5,12,1,1,0,beach,Tokyo,clear,27.862714368649474,91.91747237860581,92.98,high
20,0,11,0,0,0,restaurant,Barcelona,rain,10.624039185897614,93.14846741406524,23.54,low
1,6,5,1,0,0,restaurant,Amsterdam,clear,39.20516854941643,20.620442031356742,31.81,low
15,4,5,0,0,0,beach,London,fog,10.531884918737413,39.437229266259195,34.34,low
14,2,10,0,0,0,museum,Dubai,clouds,31.769877139155447,89.49237549022271,44.52,medium
13,6,8,1,0,0,tourist_spot,Bangkok,rain,34.42254421634755,69.44567262768767,56.05,medium
20,3,9,0,0,0,tourist_spot,Sydney,fog,34.32784923261988,90.38633596915719,23.27,low
14,1,6,0,0,0,park,Barcelona,rain,28.276474546530686,82.33686143426186,25.48,low
17,5,12,1,0,0,shopping_mall,New York,clear,35.5306393493849,21.595473834389907,76.86,high
17,6,3,1,0,0,museum,Tokyo,rain,30.62666440874335,22.633609177411568,54.04,medium
6,2,11,0,0,0,museum,Dubai,fog,26.07598297220853,46.93581746619227,7.35,low
7,4,6,0,0,0,restaurant,London,snow,33.17600376935866,27.071981709011734,3.75,low
19,6,1,1,0,0,tourist_spot,Sydney,rain,33.036186288868066,85.50107435461011,28.95,low
5,0,1,0,0,0,market,Bangkok,rain,38.795537364339594,89.2872274268229,7.58,low
20,4,3,0,0,1,market,London,fog,18.008409876175307,30.046288188913543,50.67,medium
8,6,10,1,1,0,museum,Paris,snow,33.55462631707027,40.40835456906153,83.19,high
6,2,8,0,0,0,market,Rome,clouds,25.729861877943083,24.462292578844806,7.13,low
22,2,5,0,0,0,park,Tokyo,clouds,11.081913871761003,91.40885095984643,11.64,low
18,5,1,1,0,0,shopping_mall,New York,rain,22.973450245521615,35.35145743749975,33.84,low
11,4,7,0,0,0,museum,Singapore,clouds,0.5595511987849244,82.4286298957135,49.31,medium
20,1,12,0,0,0,restaurant,New York,clear,24.874278620367555,22.658452573652696,18.41,low
12,2,11,0,0,0,beach,Tokyo,clouds,0.4799682346908085,60.96165079587491,25.08,low
22,2,4,0,0,0,market,Paris,clouds,1.2719013078680064,45.14158773018016,7.67,low
12,2,8,0,0,0,beach,Istanbul,fog,16.370806383620554,60.77760218645952,31.53,low
0,1,2,0,0,1,transport_hub,Singapore,rain,9.735800366569007,45.01537648326621,20.47,low
0,0,7,0,0,0,tourist_spot,Singapore,snow,30.105409556237564,22.59554664847357,0.0,low
5,5,4,1,0,0,market,Tokyo,fog,22.65486509837402,75.7433304428958,4.15,low
2,5,4,1,0,1,beach,Singapore,clear,12.648534140032162,89.15369948927977,81.98,high
23,4,10,0,0,0,beach,Tokyo,clear,21.88630604974719,94.46075023957324,24.68,low
15,5,3,1,0,0,tourist_spot,Singapore,clouds,39.330015474072326,30.852481327049002,51.91,medium
9,4,8,0,0,0,park,New York,clouds,15.8924564765086,30.805304912284697,26.1,low
6,1,7,0,0,0,park,Tokyo,clear,12.20363639053935,81.74696299028263,3.18,low
5,0,5,0,1,0,beach,Sydney,clouds,25.020396814680765,43.68547027616205,40.43,medium
4,4,8,0,1,0,shopping_mall,Bangkok,snow,12.004317855894593,61.78935234850632,39.8,medium
4,5,11,1,0,0,park,Barcelona,rain,14.030222926123962,48.66986954792703,13.45,low
3,6,5,1,0,0,museum,Sydney,rain,21.48096280736988,89.16405121326092,18.52,low
5,0,4,0,0,0,beach,Dubai,rain,32.093349854904595,86.36721105144761,0.0,low
15,0,9,0,0,0,beach,Dubai,clouds,15.174767076709053,24.409057036706024,20.39,low
16,0,1,0,0,0,park,Rome,clear,9.228851031756996,81.56482826397709,11.71,low
2,1,7,0,1,0,museum,Sydney,rain,22.690151074716297,26.431552453255215,30.56,low
1,4,11,0,0,0,tourist_spot,Bangkok,fog,30.741397408763717,90.67907413904665,0.0,low
12,1,7,0,0,0,market,London,clouds,10.760620686370581,52.7784701830255,52.96,medium
1,2,4,0,0,0,market,Tokyo,fog,10.972842106727793,34.06187423395041,13.17,low
5,0,1,0,0,0,museum,New York,snow,29.70174525630009,84.96649422564253,0.0,low
10,1,1,0,0,0,tourist_spot,London,clear,0.7269482459258247,58.92478628656083,37.62,medium
9,0,9,0,0,0,beach,Singapore,clear,0.13434753303467328,59.081920816602526,29.87,low
2,5,8,1,0,1,museum,Rome,clear,34.015789059503454,48.83623218222563,58.45,medium
4,3,10,0,0,0,restaurant,New York,clouds,29.68658233632719,63.647920157716115,2.21,low
18,3,6,0,0,0,shopping_mall,Istanbul,clear,21.6710808262696,74.9791444112575,45.94,medium
17,4,11,0,0,0,museum,Dubai,rain,1.6252184065169661,21.72932516114377,45.51,medium
18,0,9,0,0,0,park,Amsterdam,snow,3.871242917481812,82.62744827809847,2.77,low
2,6,4,1,0,0,museum,Dubai,rain,24.165162311582552,68.43213318067417,29.14,low
8,1,12,0,0,0,transport_hub,Dubai,fog,12.361836776161557,92.95838018032039,36.8,medium
20,2,7,0,1,0,park,Amsterdam,rain,30.505565476171228,40.830056674521195,15.79,low
0,5,2,1,0,0,shopping_mall,Barcelona,fog,10.01531430583702,63.65034991348391,21.43,low
8,4,12,0,0,0,beach,Bangkok,clear,22.021457892044833,40.02474211970413,26.26,low
23,6,10,1,0,0,tourist_spot,New York,fog,27.548733206688052,31.41556590086809,21.05,low
20,6,5,1,0,0,restaurant,Dubai,rain,5.971672523311495,86.8012187207576,57.98,medium
1,2,5,0,0,0,transport_hub,Dubai,snow,12.990466923962384,30.195738338438225,20.62,low
11,6,8,1,0,0,restaurant,Bangkok,clouds,18.17735195678378,20.631595008816145,58.39,medium
5,3,3,0,0,0,museum,Dubai,fog,4.287314876601709,28.714652258875944,0.0,low
2,6,3,1,0,0,market,Amsterdam,rain,11.474587817656584,84.97081754296325,14.43,low
3,6,2,1,0,0,tourist_spot,Paris,clouds,10.580087133190194,50.62988819006735,19.68,low
2,4,2,0,0,0,market,Dubai,clouds,1.1849886446389757,74.2554713109389,0.0,low
6,2,6,0,0,0,market,Sydney,snow,3.5828519240300194,22.20238006945548,21.63,low
17,2,9,0,0,0,transport_hub,Paris,snow,13.00409204494606,91.67902168718915,36.81,medium
9,3,9,0,1,0,beach,Istanbul,rain,35.75334612856106,93.38520536560901,39.48,medium
7,0,3,0,0,0,park,Bangkok,clear,3.5245035090733445,37.7448365875577,5.95,low
15,1,1,0,0,0,restaurant,Istanbul,clouds,13.988893198470551,92.08268945395336,35.36,medium
15,6,3,1,0,0,beach,Dubai,rain,29.978130066212696,29.46632017905832,48.12,medium
21,5,4,1,0,0,market,Bangkok,clear,33.892160480709535,72.76942801246781,23.62,low
11,2,2,0,0,0,beach,New York,rain,38.25570670562917,66.60508700422255,7.89,low
13,2,3,0,0,0,shopping_mall,Dubai,rain,11.738072476775937,55.03111423730999,44.38,medium
21,3,3,0,1,0,market,Sydney,clouds,1.459977153772396,93.12254194132018,21.9,low
16,4,4,0,0,0,park,Dubai,rain,5.022162865189754,43.49052551990062,17.74,low
6,3,10,0,0,0,park,Paris,snow,30.156000965357926,61.07628156562915,3.08,low
4,6,4,1,0,0,museum,Barcelona,snow,24.184049885944958,76.34074715317058,8.23,low
11,4,6,0,0,0,park,Sydney,clear,26.39699241249453,40.7309207698497,32.29,low
20,0,10,0,0,0,museum,Tokyo,fog,7.8225912292903566,61.282342791729334,18.68,low
4,2,6,0,1,0,shopping_mall,London,snow,9.013892214704505,70.78761629020386,33.56,low
16,5,10,1,1,0,market,Istanbul,fog,32.0548300205992,60.26302566185543,67.55,high
12,6,2,1,0,0,park,Paris,clear,39.718532277268885,33.63086277122126,39.48,medium
11,1,6,0,0,0,park,London,rain,29.048295076634915,38.53509183778792,22.71,low
3,0,1,0,0,0,beach,Paris,fog,32.951825543036485,37.978809865194144,0.0,low
3,3,5,0,0,0,beach,Paris,clouds,39.98010060157399,35.12333216426963,0.0,low
14,4,9,0,0,1,tourist_spot,Tokyo,rain,11.912561034853333,90.25900863567955,51.7,medium
7,5,4,1,0,0,museum,Istanbul,clear,18.665390837767,68.9173666880145,42.67,medium
1,2,3,0,0,0,museum,Amsterdam,clouds,37.596269951694765,71.28071813767161,5.8,low
1,6,9,1,0,0,park,Tokyo,rain,25.445301671820676,81.6106704942231,26.7,low
11,5,12,1,0,0,tourist_spot,Amsterdam,clouds,13.629044658975861,45.327285302863906,72.05,high
22,6,6,1,0,0,museum,Paris,clouds,27.039828558930257,82.78407319093527,33.85,low
23,1,6,0,0,0,tourist_spot,Singapore,snow,2.2495239123877475,37.002320364833764,0.0,low
13,0,4,0,1,0,museum,Bangkok,fog,24.622778436536088,93.19609699852181,70.15,high
4,2,6,0,0,0,restaurant,Amsterdam,fog,15.36789126733369,56.08413310185634,25.59,low
17,2,5,0,0,1,restaurant,Singapore,clouds,22.386327941206442,27.953178826535282,71.72,high
5,5,1,1,1,0,park,Dubai,fog,14.075919528461123,85.03486873783949,31.99,low
1,6,5,1,0,0,tourist_spot,New York,rain,30.721294622109365,35.996545856635436,2.02,low
5,3,2,0,0,0,market,Tokyo,clear,15.378070951242687,70.16672523510736,7.1,low
17,4,1,0,0,1,transport_hub,Singapore,snow,27.28961041052314,46.73804819563024,68.8,high
19,4,3,0,0,0,museum,London,rain,37.584121786794626,90.74914303163303,40.77,medium
10,5,4,1,0,0,tourist_spot,Istanbul,snow,32.938057227489836,49.12963930854553,38.51,medium
15,2,1,0,0,0,tourist_spot,London,clear,38.1996467153341,68.65833009929307,36.8,medium
5,3,9,0,0,0,park,London,clear,34.62810135547262,63.34154788606998,5.79,low
17,6,10,1,1,1,park,Dubai,clear,29.54360825571012,65.05152635799845,100.0,high
0,4,3,0,1,0,transport_hub,London,clear,2.8507302335074503,55.72033795697344,9.5,low
22,0,1,0,0,0,beach,Istanbul,clouds,34.70943836442176,66.08483679359877,3.41,low
7,6,12,1,0,0,park,Dubai,clear,32.80741516306744,86.03483413963805,43.95,medium
15,0,10,0,0,0,beach,Rome,clouds,32.81051570426965,63.89058525892234,26.6,low
3,5,3,1,0,0,transport_hub,Singapore,rain,30.59673485588851,84.81705276919553,32.28,low
17,5,5,1,0,0,museum,Singapore,rain,5.35945631093091,64.42064987800046,73.71,high
15,0,7,0,0,0,museum,Barcelona,clouds,37.55553085788841,23.421083704993443,46.99,medium
19,6,11,1,0,1,shopping_mall,New York,snow,11.708751152495047,76.87837884098985,68.79,high
8,5,1,1,0,0,beach,Singapore,clear,17.661717862411027,22.048735205471083,46.52,medium
1,3,7,0,0,0,shopping_mall,Tokyo,rain,19.22737375842292,94.61809458651618,4.86,low
15,2,8,0,0,0,tourist_spot,London,rain,9.130836585186803,21.195930937109527,41.9,medium
14,6,7,1,0,0,park,Tokyo,fog,28.227113026088098,70.37892061159083,79.95,high
1,5,1,1,0,0,market,Sydney,rain,15.777089501992219,59.60579805234073,0.85,low
14,2,6,0,0,0,market,Dubai,rain,17.94779521722181,52.145808590951376,51.29,medium
0,4,5,0,0,0,shopping_mall,Amsterdam,clouds,37.82381596195632,84.47500949809411,0.0,low
6,0,12,0,0,0,transport_hub,London,snow,27.665142160166248,46.86009012371788,15.24,low
6,0,5,0,0,0,beach,Istanbul,snow,16.25747886178518,70.38664454263595,0.0,low
8,0,1,0,0,0,beach,Sydney,clouds,13.384355837157994,47.78872350831746,8.21,low
8,0,8,0,0,0,tourist_spot,Barcelona,fog,24.159364930392158,30.85926935501324,35.37,medium
18,6,7,1,0,0,beach,Istanbul,rain,17.974881359655942,91.36585503297245,48.61,medium
10,0,1,0,0,0,restaurant,Amsterdam,rain,2.31092027924817,55.526748281079314,27.75,low
14,5,9,1,0,0,shopping_mall,Istanbul,rain,34.02153494267894,64.00223998602314,58.23,medium
7,5,1,1,0,0,park,New York,snow,16.097648069137087,82.79700126325967,17.36,low
23,2,4,0,1,0,restaurant,New York,clouds,25.738597556121658,56.160899942715155,18.4,low
2,1,4,0,0,0,shopping_mall,Barcelona,snow,4.827680578444005,56.88648498055038,0.0,low
5,4,3,0,0,0,tourist_spot,Rome,fog,11.558004697622316,82.78622851846023,3.51,low
18,5,2,1,0,0,restaurant,Paris,clear,38.214156502063524,20.589772057159056,37.83,medium
5,1,8,0,0,0,market,Paris,snow,39.35787754316297,79.60350812390058,24.31,low
3,5,1,1,0,0,park,New York,rain,3.09728654043377,51.67271625978901,16.28,low
2,2,1,0,0,0,shopping_mall,Singapore,clear,32.24893718892103,26.028880216215978,0.0,low
14,0,7,0,0,0,tourist_spot,Barcelona,clear,7.931380334102682,33.85622382905454,61.98,medium
5,5,4,1,0,0,park,Rome,clouds,34.52101999769804,53.04271911824663,40.47,medium
8,0,7,0,0,1,shopping_mall,Bangkok,fog,22.512865672263892,75.60747034719131,58.65,medium
8,1,11,0,0,0,tourist_spot,New York,fog,32.704946394753655,61.253126966794945,14.26,low
22,4,4,0,0,0,restaurant,Istanbul,clouds,6.320147213729164,76.85829734052882,1.96,low
17,0,7,0,0,0,museum,New York,clear,8.8883469546025,68.91630525575466,64.47,medium
18,2,11,0,0,0,beach,Paris,snow,18.1024999604025,68.44112414743435,14.88,low
14,5,6,1,0,0,market,Dubai,rain,23.524484184161416,39.858124269225826,55.55,medium
18,2,10,0,0,0,transport_hub,Paris,clear,21.84526307429345,42.60144696537286,42.68,medium
13,0,1,0,0,0,shopping_mall,Barcelona,clear,21.82561159438776,69.88305031221456,8.91,low
18,5,4,1,1,0,market,Sydney,clouds,36.164734176219596,78.24721296799159,56.78,medium
7,3,11,0,0,0,tourist_spot,Rome,fog,23.391263254037664,33.001454378712324,22.22,low
11,4,6,0,0,0,restaurant,London,clear,9.787140595174098,25.042674228960834,43.39,medium
11,1,6,0,0,0,transport_hub,Barcelona,clear,35.389449515755594,36.96815657763402,45.89,medium
9,0,12,0,0,0,transport_hub,Istanbul,clear,16.19280504610993,57.82202311595494,38.49,medium
17,5,7,1,0,0,park,Istanbul,fog,31.030593587637917,34.45610795643946,54.6,medium
9,3,6,0,0,0,restaurant,Bangkok,fog,0.289698485090053,60.30527269094379,30.04,low
18,3,12,0,0,0,restaurant,Tokyo,rain,3.6186346893585597,85.97778680536199,21.64,low
14,0,2,0,0,0,transport_hub,Sydney,fog,5.355892166906249,24.23313721152268,33.79,low
7,4,5,0,0,0,shopping_mall,Bangkok,snow,23.519925883917587,40.83913916352378,11.03,low
0,2,3,0,0,0,beach,New York,rain,22.6542884716837,87.62652831979285,6.0,low
19,5,12,1,0,0,museum,Sydney,snow,28.119625219428542,27.49059197397022,64.02,medium
7,1,1,0,0,0,beach,New York,rain,6.045790811711487,83.97852795684483,3.16,low
12,5,10,1,0,0,park,Bangkok,clouds,35.614249295237904,51.92925813820149,51.11,medium
7,2,4,0,0,0,tourist_spot,Paris,clouds,35.17438040168467,87.678931878086,12.21,low
4,5,11,1,0,0,park,Paris,clear,27.643329569778352,84.50448837049207,28.26,low
0,4,12,0,0,0,transport_hub,Tokyo,clouds,25.593890281041702,42.463452017547255,2.3,low
1,1,11,0,0,0,shopping_mall,Singapore,snow,10.437133153121994,65.40984722254319,22.02,low
11,1,5,0,0,0,park,New York,clear,9.450679930506936,81.3978884672964,21.88,low
21,4,10,0,0,0,transport_hub,Istanbul,clear,29.43815080156056,92.68453780976515,38.91,medium
17,6,11,1,1,0,shopping_mall,Singapore,snow,33.18059252935085,34.87057020606981,95.47,high
7,1,8,0,0,0,market,Sydney,fog,3.8110000961924895,85.4455309459071,21.85,low
5,0,2,0,0,0,transport_hub,Singapore,rain,10.997484641471518,86.25653087334632,17.97,low
20,3,12,0,0,0,transport_hub,Istanbul,clouds,21.65943478697426,92.94953937167536,32.68,low
22,4,11,0,0,0,beach,Istanbul,clouds,6.876043384668069,75.4742054126684,16.24,low
12,4,9,0,0,0,shopping_mall,New York,clouds,36.95911086103513,84.66976522289558,41.38,medium
10,6,10,1,0,0,transport_hub,Tokyo,snow,6.360959164087028,33.76751784397832,58.59,medium
0,6,12,1,0,0,museum,Dubai,snow,35.316919383066015,42.49067990885422,33.75,low
17,6,6,1,0,0,beach,London,rain,25.84476322314512,26.79797540479245,37.89,medium
5,3,6,0,0,0,restaurant,Rome,fog,23.76086593015333,79.10457559681203,0.0,low
22,2,9,0,0,1,beach,Bangkok,snow,0.009868819199856382,88.89205844944946,21.19,low
1,5,12,1,0,0,transport_hub,Bangkok,clear,11.401613249485463,22.950358960086323,4.22,low
19,4,8,0,0,0,museum,Paris,clear,9.82441287360654,77.22616437866847,47.02,medium
19,3,7,0,0,0,market,New York,snow,37.98550832029767,36.66445865239287,44.9,medium
22,3,1,0,0,0,tourist_spot,Bangkok,fog,19.434141415082166,22.795390032439006,6.84,low
8,1,2,0,0,0,beach,Tokyo,snow,2.1957160454993296,93.17123437445225,7.16,low
12,4,5,0,0,1,park,London,rain,9.13076682777072,33.009811304445485,38.16,medium
13,2,10,0,0,0,museum,Singapore,clouds,26.931867036618037,35.41895008629493,50.79,medium
13,4,7,0,0,0,museum,Paris,fog,28.502051858053647,92.37482002113359,37.02,medium
4,3,11,0,0,0,restaurant,Istanbul,rain,32.68509426346583,28.722815242815674,0.0,low
14,3,7,0,0,0,market,Singapore,snow,19.064351603693346,51.516744882406066,49.19,medium
13,2,2,0,0,0,restaurant,Rome,clouds,1.8001159485547102,40.80824051797362,35.6,medium
2,2,3,0,0,0,shopping_mall,Barcelona,clear,17.655211991003995,94.8504054284893,0.0,low
19,0,5,0,0,1,restaurant,New York,clouds,22.41447663879176,53.39722453112851,24.96,low
8,5,10,1,0,0,museum,Singapore,rain,31.236191789877743,79.70979269391147,49.16,medium
12,0,5,0,0,0,park,Singapore,clear,34.96585884494242,77.95331534150962,27.41,low
23,5,1,1,0,0,restaurant,Bangkok,clouds,22.712798726994524,41.065548633158805,11.36,low
5,0,4,0,0,0,restaurant,Dubai,rain,0.4835176406064168,91.7958783748818,0.0,low
10,5,9,1,0,0,restaurant,Dubai,rain,37.74425991413501,33.0785808477757,54.84,medium
23,6,2,1,0,0,park,London,fog,33.40916269960498,22.437603612365784,20.25,low
15,6,8,1,0,0,museum,Rome,clear,33.85719884858828,67.63182573610834,55.37,medium
9,3,4,0,0,0,restaurant,Singapore,fog,8.491146700691111,23.8422003739584,30.98,low
2,4,1,0,0,0,shopping_mall,Amsterdam,rain,10.256288616686282,51.05703826010953,10.8,low
4,0,4,0,0,0,beach,London,clear,11.877385342797053,72.05051177393342,7.0,low
11,4,6,0,0,0,tourist_spot,Paris,snow,6.6774864723875105,83.23424714244709,28.7,low
16,2,1,0,1,0,park,Barcelona,snow,33.50511716666801,48.87940594205662,19.57,low
7,1,10,0,0,1,transport_hub,Bangkok,snow,9.115744741525615,38.598399000730566,47.14,medium
13,5,10,1,1,0,restaurant,London,snow,26.634876194891433,21.668987693687914,80.79,high
15,6,2,1,0,0,museum,Dubai,clouds,16.825187924597444,86.5889422544958,53.77,medium
18,1,5,0,0,0,park,Tokyo,fog,25.881709011514992,52.31809306653039,16.93,low
16,4,8,0,0,0,transport_hub,Amsterdam,clear,30.057194890155255,62.948084742600116,60.44,medium
9,4,7,0,0,0,market,Istanbul,fog,20.14860116122332,56.11833992642057,38.66,medium
0,1,2,0,0,0,transport_hub,Amsterdam,clear,25.47202506741384,62.825127656413436,13.6,low
3,0,5,0,0,0,shopping_mall,Paris,fog,28.006351818097333,25.83121266871599,6.59,low
21,3,2,0,0,0,shopping_mall,Paris,clouds,2.4476899989058376,25.22961042945411,19.31,low
18,3,6,0,0,0,tourist_spot,Singapore,fog,30.66950763373908,58.17276386877823,56.67,medium
2,5,9,1,0,0,market,Singapore,clouds,12.914326478772011,86.26769570790104,25.36,low
7,3,7,0,0,0,shopping_mall,Tokyo,clear,32.89434129907444,43.09707325552364,23.28,low
5,0,9,0,0,0,beach,Sydney,clear,27.818241593646526,60.1671677941251,0.0,low
7,6,11,1,0,0,museum,Amsterdam,rain,39.58268393270184,65.11280415151025,44.13,medium
3,3,1,0,0,0,park,Barcelona,fog,17.98564613663675,94.54129273838252,5.94,low
5,2,9,0,0,0,museum,Sydney,fog,0.07967036004794092,39.3847659954247,1.3,low
16,3,9,0,0,0,market,Rome,fog,11.117442744579598,78.97622699589897,33.56,low
22,4,2,0,0,0,market,Istanbul,clear,21.551087829961194,51.07139624923988,17.0,low
0,1,5,0,0,0,beach,Amsterdam,rain,27.11203310307794,45.780487181448294,4.7,low
16,0,10,0,0,0,tourist_spot,Tokyo,rain,23.236750340762157,74.20348159494051,30.14,low
20,3,5,0,1,0,museum,Barcelona,snow,4.577505730376834,24.079941066121165,61.23,medium
4,2,9,0,0,0,beach,Amsterdam,snow,8.14348340960974,58.48831111328892,14.52,low
1,4,7,0,0,0,museum,Singapore,clouds,24.025531097015495,51.096431920454535,10.22,low
20,1,6,0,0,0,park,Rome,rain,1.207628744993614,83.79942261757732,11.43,low
4,4,4,0,0,0,transport_hub,Sydney,snow,3.5526925549691812,51.42112784451073,10.08,low
13,0,1,0,0,0,museum,Istanbul,snow,6.859620153847059,55.41858926758794,24.74,low
4,0,2,0,1,0,tourist_spot,Dubai,clouds,9.604309685498604,29.003516541583167,30.46,low
20,0,2,0,0,0,market,Bangkok,rain,8.733681239504683,80.230146494617,32.35,low
20,3,1,0,0,0,market,Amsterdam,fog,35.00179782049446,87.49926954835821,14.76,low
5,4,3,0,0,0,tourist_spot,Istanbul,clouds,26.305177771122835,48.045124494442504,0.0,low
19,2,2,0,0,0,tourist_spot,Sydney,clouds,18.341173936197713,38.64830125623658,26.63,low
17,3,7,0,0,0,park,Sydney,clear,15.068901076622364,77.0783798297081,23.68,low
4,5,1,1,0,0,park,London,clouds,35.65589090874964,43.125401535273696,15.62,low
11,1,12,0,0,0,restaurant,Istanbul,rain,3.1663676202035873,59.959135175767834,29.44,low
11,0,3,0,1,0,park,Amsterdam,clouds,33.082761973645205,40.39829502277084,29.01,low
17,2,6,0,0,0,market,Tokyo,fog,19.936518743267555,58.83280718853996,45.12,medium
22,1,10,0,0,0,beach,Bangkok,clouds,9.232843347754338,22.88302789320768,14.22,low
14,4,2,0,0,0,beach,Rome,clouds,12.416477670355919,81.24474507827415,14.35,low
5,1,11,0,1,0,market,Istanbul,rain,20.977394100115173,33.838916737093896,25.65,low
18,5,2,1,0,0,market,Paris,snow,18.14819602627388,89.85621633149456,39.84,medium
13,0,8,0,0,0,market,London,snow,23.600341650450567,86.7265653319562,57.24,medium
21,4,9,0,0,0,market,Sydney,fog,29.360640510368825,38.59612570069892,21.14,low
17,4,11,0,0,0,shopping_mall,Bangkok,snow,18.03759235468955,34.04682940179609,45.34,medium
0,1,3,0,0,0,park,Tokyo,fog,20.93029259071562,85.02001703203436,0.0,low
19,3,9,0,0,0,restaurant,Tokyo,fog,7.583975784792973,77.33268629731083,31.76,low
4,0,3,0,1,0,market,Bangkok,clear,11.583714573827635,23.72527576184167,13.25,low
22,0,11,0,0,0,shopping_mall,Bangkok,fog,37.75580229381882,91.74380205147496,13.18,low
23,2,11,0,0,0,restaurant,Paris,fog,12.020759915771713,21.25120088688577,0.0,low
18,1,6,0,0,0,shopping_mall,Barcelona,fog,1.326880631278966,65.96731674306812,32.84,low
20,2,3,0,0,0,transport_hub,Amsterdam,clouds,26.685172897524133,72.2971073922323,29.53,low
0,0,10,0,0,0,transport_hub,Sydney,clouds,7.30605817840464,45.26252129952469,0.0,low
0,4,8,0,0,0,shopping_mall,Bangkok,clear,10.440751182645354,87.93080547104094,6.16,low
4,2,2,0,0,0,tourist_spot,Amsterdam,rain,5.268343651100023,20.323538157255417,0.0,low
21,0,5,0,0,0,transport_hub,London,clear,16.339647295784992,27.537803018343055,29.59,low
13,4,6,0,0,0,transport_hub,Singapore,rain,0.26910254645946097,38.59316106628776,50.14,medium
15,4,11,0,0,0,park,Tokyo,rain,2.901704209044116,34.56283730389282,15.76,low
19,2,11,0,0,0,transport_hub,Bangkok,clear,19.83472323311844,68.17726900962643,34.41,low
15,3,3,0,0,0,transport_hub,Paris,clear,30.471806127798825,33.45039809085327,34.93,low
4,2,2,0,0,0,transport_hub,Sydney,fog,2.839306172962872,34.87069680297918,6.61,low
6,3,5,0,1,0,restaurant,Singapore,rain,32.414603022910114,83.8838093707188,29.68,low
8,0,11,0,0,0,shopping_mall,Rome,clear,19.735292026773664,21.925451929083902,14.94,low
13,6,7,1,0,0,market,London,clear,35.3941994920785,71.88711649008505,56.93,medium
13,3,4,0,0,0,transport_hub,Tokyo,fog,18.848680147491375,22.558702217856627,35.3,medium
17,2,12,0,0,0,transport_hub,Tokyo,clouds,6.658348102533216,60.365967485917444,51.4,medium
2,3,12,0,0,1,park,Barcelona,rain,22.333775697584706,46.55133037392989,14.08,low
11,6,1,1,0,0,transport_hub,Dubai,clear,33.40671254750839,39.54290248709647,39.16,medium
12,2,9,0,0,0,transport_hub,London,clear,1.8756403465904148,56.89227001066776,48.05,medium
0,6,4,1,1,0,tourist_spot,Rome,clouds,32.04637557643695,73.76183668793125,50.41,medium
9,2,11,0,0,0,museum,Dubai,clear,9.945782901110345,89.2339551384349,24.53,low
17,5,12,1,0,1,market,New York,fog,15.30475836803205,77.67090813833398,65.54,high
7,3,2,0,0,0,transport_hub,Dubai,rain,27.7349265646169,21.57813168693602,21.45,low
17,5,4,1,0,0,tourist_spot,New York,clouds,13.51784559802503,92.81196056006225,73.23,high
9,4,1,0,0,0,beach,Istanbul,clouds,13.701831913242625,51.31427567386132,17.23,low
1,6,7,1,0,0,restaurant,Sydney,rain,0.8266009399704766,88.09122944654641,34.95,low
13,3,2,0,0,0,shopping_mall,Paris,fog,39.69600825572647,23.192008992609118,20.22,low
1,2,6,0,0,0,museum,Sydney,clear,28.915431744553068,71.95667387686751,7.7,low
7,6,10,1,0,0,museum,Tokyo,clouds,15.142892628985635,27.218638249832626,42.5,medium
8,2,7,0,1,0,transport_hub,Dubai,clouds,9.638752992889499,69.36046960911054,49.87,medium
19,0,4,0,0,0,beach,Paris,snow,26.889430280860815,31.91991631690788,10.54,low
10,2,1,0,0,0,restaurant,Sydney,clear,38.078918538283354,47.2518849249006,20.09,low
9,3,10,0,0,0,shopping_mall,Istanbul,clear,27.155843940887596,70.91836905437088,26.92,low
20,5,5,1,0,0,restaurant,Tokyo,clear,29.83591379923485,81.71557006477559,52.07,medium
10,3,8,0,0,0,restaurant,Sydney,snow,39.912086846880335,29.920289110082912,44.77,medium
5,2,2,0,0,0,restaurant,Barcelona,fog,0.11104117730321938,37.40668656838483,11.25,low
4,4,1,0,0,1,beach,Tokyo,rain,32.51818077430845,88.04119727486243,7.61,low
6,4,1,0,0,0,beach,Dubai,rain,2.073351262024259,37.73780251379867,7.5,low
12,4,2,0,0,1,restaurant,Bangkok,rain,35.4839770916316,26.579751882876835,59.95,medium
13,2,10,0,0,0,park,Paris,fog,34.3832442809211,63.99812466118581,27.09,low
3,2,8,0,0,0,market,Paris,clouds,5.726495791922943,30.1441709454947,9.71,low
8,4,9,0,0,0,transport_hub,New York,snow,22.736947973814875,72.20853552080084,45.14,medium
7,2,1,0,0,0,museum,Sydney,clouds,1.6664010433968857,66.74607387740602,21.39,low
13,5,7,1,0,0,tourist_spot,New York,snow,32.58910237178873,56.97475135388491,55.99,medium
21,6,10,1,0,0,transport_hub,Rome,fog,1.7537898776003003,41.43724863259118,35.56,medium
19,1,7,0,0,0,park,Istanbul,rain,3.6225176228152867,61.807845616502675,13.76,low
17,6,10,1,0,0,museum,Istanbul,snow,14.015639284072074,35.85210298191394,59.79,medium
10,0,10,0,0,0,beach,Bangkok,clouds,27.433149925170742,31.205604368828965,20.99,low
19,6,5,1,0,0,shopping_mall,Paris,snow,9.389349809142189,80.87132342628509,74.26,high
13,5,4,1,0,0,market,Rome,clear,11.85330761936597,84.77695571650582,48.7,medium
13,1,6,0,0,0,beach,Paris,rain,2.5155131119407637,57.79759073546114,33.26,low
2,4,1,0,0,0,transport_hub,London,clear,27.17562965328565,67.61062876384389,4.72,low
13,6,4,1,0,0,shopping_mall,Tokyo,clear,17.601508370662216,24.6378782243019,56.81,medium
5,4,5,0,1,0,park,Rome,clouds,12.303629649382124,62.53757201061488,25.79,low
22,6,2,1,0,0,beach,Rome,rain,27.2003763352783,43.99054785877276,2.21,low
18,0,4,0,0,0,tourist_spot,Barcelona,clear,29.41358866690156,76.88534526693772,52.6,medium
20,3,6,0,0,0,beach,Bangkok,rain,16.184629374961986,36.11060598661295,18.63,low
12,0,12,0,0,0,museum,Dubai,rain,19.79584612364863,67.04009536870902,42.29,medium
14,3,7,0,0,0,beach,Dubai,rain,1.9670411264886667,33.93015643799817,20.94,low
23,1,9,0,0,0,shopping_mall,Singapore,clear,9.774426178794705,20.448437857838734,20.91,low
3,4,10,0,1,0,market,New York,rain,9.67582023650821,34.22402924875292,6.75,low
22,5,5,1,0,0,shopping_mall,London,clouds,39.931659656945165,50.36543817581375,31.9,low
1,4,9,0,0,0,market,Dubai,rain,6.554624681316956,49.60873205295093,13.17,low
12,0,4,0,0,0,market,Rome,snow,24.87797854335667,73.18314609646069,56.08,medium
23,3,8,0,0,0,transport_hub,Amsterdam,clouds,7.29443550756308,63.14237372610013,7.09,low
22,3,9,0,0,0,tourist_spot,Tokyo,clouds,31.935049943681708,58.71992693034949,23.49,low
4,4,10,0,0,0,restaurant,Rome,clear,21.0108495203706,86.70934927171537,12.33,low
21,0,1,0,0,0,shopping_mall,Barcelona,clear,10.74916025699483,45.65723813707254,6.06,low
1,4,2,0,0,0,shopping_mall,Barcelona,fog,8.0695803615791,91.95487258274326,0.0,low
0,6,5,1,0,0,tourist_spot,Istanbul,rain,8.537763557861634,31.604409767857774,23.24,low
20,6,3,1,0,0,market,New York,snow,8.150081318388413,25.657417744864226,45.36,medium
22,5,6,1,0,0,tourist_spot,Bangkok,rain,1.1310860292652514,80.19912554488508,27.0,low
6,1,1,0,0,0,transport_hub,Paris,clear,12.52767746730617,66.79286992368662,0.16,low
4,1,11,0,0,0,park,Tokyo,clear,31.64341619850976,42.31333799357968,17.16,low
4,3,2,0,1,0,shopping_mall,Rome,snow,30.34443061555144,57.97546634469431,32.38,low
14,2,3,0,0,0,beach,New York,clear,17.18799705219461,31.99257728483159,27.24,low
7,3,2,0,0,0,beach,London,rain,31.754411700240553,90.78775581170245,8.2,low
13,0,9,0,0,0,museum,Rome,rain,19.428048326280376,63.96484524507026,60.83,medium
16,6,4,1,0,0,restaurant,Sydney,fog,29.94246440360409,82.89821409155621,61.23,medium
8,2,12,0,0,0,museum,Rome,fog,23.571092408923153,66.51656405371281,30.54,low
10,5,11,1,0,0,tourist_spot,Rome,clouds,16.677837304794053,85.42949738158953,59.36,medium
6,0,10,0,0,0,market,New York,fog,15.240240723320625,29.807172101462797,8.35,low
22,4,6,0,0,0,museum,Amsterdam,clear,11.532665658707879,89.95892189784026,28.22,low
8,0,8,0,0,0,tourist_spot,Paris,clouds,17.477495295200498,72.4258846348395,17.49,low
4,4,6,0,0,0,restaurant,Sydney,rain,12.00684850592166,82.00331704104526,0.0,low
5,6,10,1,0,0,transport_hub,Bangkok,fog,2.5685593030586062,58.50438656714814,14.73,low
16,0,5,0,0,0,market,New York,fog,25.957261765920776,24.33564297659012,31.17,low
17,6,11,1,0,0,park,Tokyo,clear,3.081398900583272,74.8465465381342,55.17,medium
23,5,12,1,0,0,park,Sydney,snow,29.903736108404946,63.121580183203356,19.21,low
8,1,7,0,0,0,beach,Paris,rain,27.4679411780306,66.76491055786954,25.59,low
12,4,8,0,0,0,restaurant,Amsterdam,clear,34.32320234725736,53.35805190028545,49.82,medium
12,1,7,0,0,0,museum,Paris,clear,5.628354971760761,26.275551235782586,48.52,medium
4,2,2,0,0,0,tourist_spot,Tokyo,rain,29.298195972925,71.32878655934749,0.16,low
8,1,2,0,0,0,transport_hub,Singapore,fog,12.898947992258748,76.37059086485712,20.86,low
15,1,1,0,0,0,transport_hub,Tokyo,clouds,17.238135717689147,20.429065156829687,28.79,low
12,2,2,0,0,0,shopping_mall,Barcelona,snow,34.23344407462848,41.837760517351334,32.44,low
11,0,2,0,0,0,museum,Bangkok,rain,6.156249992586695,86.8830584306388,26.11,low
8,6,11,1,0,0,museum,Dubai,snow,0.19753102771052244,80.12566174270404,29.63,low
6,1,7,0,0,0,beach,Dubai,clear,9.3352481235556,43.87080629575004,13.38,low
1,3,4,0,1,0,museum,Singapore,clouds,1.8232747560432205,66.66582083234509,36.44,medium
4,6,10,1,0,0,restaurant,Dubai,clear,31.8925445359011,44.95884098000191,19.17,low
17,5,2,1,0,0,restaurant,Paris,rain,8.503646632765175,70.09800693675115,50.06,medium
18,3,1,0,1,0,beach,Amsterdam,fog,19.391637405159045,83.34753013362891,46.75,medium
15,6,8,1,0,0,market,Rome,clouds,4.380635085625921,47.19339079553667,60.83,medium
8,6,9,1,0,0,tourist_spot,Rome,clear,14.15749929949969,77.75555039437906,58.04,medium
15,5,12,1,0,0,park,Dubai,clear,19.93061442381734,67.93687143549741,66.69,high
18,2,8,0,1,0,park,Amsterdam,rain,25.117492604633675,61.13801031102839,29.75,low
21,1,5,0,0,0,beach,Paris,fog,5.885555044017314,85.3934710521673,9.17,low
7,1,2,0,0,0,museum,Barcelona,fog,5.5964819586645165,59.04383887371048,12.73,low
0,0,9,0,0,1,shopping_mall,London,clouds,29.764071238046434,69.8740921503881,12.48,low
9,4,4,0,0,0,beach,Singapore,rain,4.547151522727613,43.15719243140538,6.52,low
13,5,6,1,0,0,park,Amsterdam,clouds,20.03441021501488,76.59609589199096,63.59,medium
19,4,5,0,0,0,transport_hub,Amsterdam,snow,32.239236217009946,40.73402783238581,37.01,medium
13,1,8,0,0,0,market,London,clouds,35.66000921409216,22.334597932265318,45.07,medium
11,5,10,1,0,0,beach,Istanbul,rain,16.79960007627119,56.04241681799416,32.04,low
6,1,6,0,0,0,museum,Singapore,clear,7.271732045240515,64.27666154520759,8.95,low
20,5,11,1,0,0,museum,Barcelona,fog,31.929160882340742,26.774607003893163,36.74,medium
16,5,7,1,0,0,market,Rome,snow,32.868092161382954,62.234481859435846,57.01,medium
19,2,3,0,0,0,tourist_spot,Bangkok,clouds,28.997308654907854,36.50476957881639,40.59,medium
3,0,5,0,0,1,shopping_mall,Sydney,fog,6.8505123937126955,55.36447585335541,20.98,low
1,3,8,0,0,0,tourist_spot,Istanbul,snow,10.90930875328812,79.9589903174717,0.0,low
20,0,7,0,0,0,shopping_mall,Paris,fog,18.640618021616557,53.49711182392666,17.87,low
22,6,11,1,0,0,park,Tokyo,snow,12.5584078770502,35.18937848136672,9.51,low
2,3,6,0,0,0,tourist_spot,Singapore,snow,14.109694535489536,24.860147267806674,0.0,low
19,6,5,1,0,0,tourist_spot,Dubai,rain,24.340979982049937,73.4155647981097,36.51,medium
5,5,2,1,0,0,beach,Dubai,rain,17.731754902310644,35.40222681600058,10.81,low
4,0,1,0,0,0,tourist_spot,Amsterdam,clear,23.747112869962486,71.09440709023225,0.0,low
3,0,7,0,0,0,tourist_spot,Amsterdam,clear,32.2912050923177,27.482621160160537,0.0,low
20,4,8,0,0,0,beach,Amsterdam,clear,5.352604036176007,80.63160972290834,35.85,medium
15,4,10,0,0,1,tourist_spot,Bangkok,fog,18.187263782661077,29.896637808221985,67.53,high
4,0,5,0,0,0,market,Bangkok,clouds,36.21156296325925,58.35356645067424,0.0,low
21,4,3,0,0,0,park,Sydney,clear,12.647312892746543,51.5542346746641,16.5,low
14,4,12,0,0,0,beach,Dubai,clouds,7.640356820320848,46.573492786204625,22.51,low
0,6,4,1,0,0,shopping_mall,Singapore,clear,33.594573678193136,69.36501247741165,27.37,low
3,4,8,0,0,0,transport_hub,Barcelona,clear,30.70526996800057,52.998371874607614,0.0,low
11,3,2,0,0,0,market,Amsterdam,snow,27.020074390522865,75.4363022871187,33.84,low
8,1,6,0,1,0,park,Rome,rain,21.49579650438922,27.85029715217198,7.61,low
9,6,3,1,0,0,museum,Rome,clear,28.062427968502853,76.44070570490382,44.75,medium
20,6,8,1,0,0,transport_hub,Paris,fog,4.553233481734793,67.08389085720404,44.55,medium
17,1,2,0,1,0,museum,Istanbul,snow,18.01336992320721,53.480651418339555,63.65,medium
4,3,2,0,0,0,restaurant,Amsterdam,rain,20.495124844289577,39.755344136812,22.84,low
18,6,4,1,0,0,park,Paris,clouds,16.930337466487057,84.2168583873322,52.95,medium
0,2,11,0,0,0,museum,Bangkok,clouds,19.190633362123304,76.87868827876213,0.0,low
21,5,6,1,0,0,restaurant,Tokyo,snow,28.256739055215267,32.01252207239342,45.24,medium
21,4,12,0,0,0,market,Amsterdam,clear,38.46927659498461,78.05173967575982,12.79,low
22,1,8,0,0,0,tourist_spot,New York,clear,14.731550491382674,72.89155784727379,16.51,low
20,1,11,0,0,0,market,London,rain,34.18145745774067,75.22910060706452,12.59,low
17,5,3,1,0,0,transport_hub,Amsterdam,fog,17.314417599766543,49.179588718693324,55.32,medium
6,6,4,1,0,0,park,Rome,snow,15.551048271860473,74.53665747623799,16.51,low
23,1,12,0,0,0,transport_hub,Dubai,clear,19.48224671713554,75.5542757354069,5.55,low
3,6,9,1,0,1,beach,Tokyo,rain,6.623392724073698,58.52152135096734,29.64,low
12,3,4,0,0,0,museum,Amsterdam,rain,3.955274888255169,79.0801729428814,58.32,medium
8,4,11,0,0,0,shopping_mall,Bangkok,clear,10.20582163849426,62.18395233344044,16.68,low
15,1,12,0,1,0,shopping_mall,Rome,clouds,28.758622366019658,29.40311990828134,90.16,high
9,6,2,1,0,0,restaurant,London,clear,16.99009506754374,83.95559514001845,44.21,medium
23,4,12,0,0,0,tourist_spot,Sydney,fog,32.766802068699775,28.74312942353836,20.42,low
13,2,7,0,0,0,beach,Singapore,fog,39.59790719017025,51.03972045826207,37.95,medium
0,0,3,0,0,0,market,Barcelona,clouds,32.452309116759864,89.12895237956472,5.03,low
4,2,5,0,0,0,market,Amsterdam,clouds,23.535323901241377,22.971337217299556,0.0,low
23,1,8,0,0,0,shopping_mall,Bangkok,snow,24.68787900816482,21.21090510512926,3.65,low
14,0,5,0,0,0,museum,Barcelona,rain,16.14421579846669,40.576086059454276,56.4,medium
19,4,1,0,0,0,market,London,rain,12.1618181024391,49.6589670188533,26.61,low
13,3,1,0,0,0,park,New York,snow,4.401746854062516,48.77975753303592,0.0,low
4,2,5,0,1,0,beach,London,fog,14.268167535979774,87.84469260434389,36.24,medium
19,3,1,0,0,0,transport_hub,Barcelona,clouds,19.438704158457845,52.900372729988256,38.83,medium
2,1,9,0,1,0,park,Sydney,clouds,38.7498488404789,88.9434635346867,30.5,low
10,5,7,1,0,0,tourist_spot,New York,rain,29.144294477107042,93.40773020402692,47.2,medium
9,2,10,0,0,0,park,Dubai,clouds,36.42419860838165,37.15203630141704,24.41,low
9,5,1,1,0,0,shopping_mall,London,clear,14.447888218162452,48.347790836104224,36.07,medium
2,3,12,0,0,0,transport_hub,Amsterdam,fog,5.952676045178804,26.95962446618268,0.0,low
22,5,9,1,0,0,shopping_mall,Dubai,fog,8.54625048146476,30.050981421870304,30.0,low
0,2,12,0,0,0,park,Paris,rain,19.821884527990665,52.65850455961705,13.31,low
16,4,4,0,0,0,restaurant,Paris,rain,2.390981644363781,74.23149952481143,35.21,medium
15,0,7,0,0,0,restaurant,Tokyo,fog,3.6839684660192518,24.869218682965617,34.05,low
13,1,8,0,0,0,shopping_mall,Dubai,clear,0.5912856715575554,79.88238577647321,46.6,medium
17,0,3,0,1,0,shopping_mall,Tokyo,snow,12.803340084327663,42.58942246187883,83.98,high
14,0,12,0,0,0,tourist_spot,Bangkok,clear,17.112550086369556,63.363953562385795,72.86,high
7,4,7,0,0,0,museum,Barcelona,clouds,7.847037319015673,50.31832838425805,39.75,medium
5,3,2,0,0,0,restaurant,Paris,fog,13.409625284912225,68.52739424894514,1.33,low
22,5,12,1,0,0,tourist_spot,Amsterdam,clouds,29.636017708652147,27.187822436509332,36.11,medium
0,1,6,0,0,0,beach,Bangkok,clear,10.243782198357131,75.39015061528798,0.0,low
4,3,8,0,0,0,tourist_spot,Tokyo,snow,9.99395078593691,83.66034098352597,13.87,low
4,4,6,0,0,1,market,New York,rain,9.28428735407023,93.29862821126703,22.98,low
5,5,5,1,0,0,market,Paris,clouds,3.8242316129446863,69.7441163691656,20.73,low
1,3,9,0,0,0,museum,Tokyo,rain,8.363036281951413,63.19070601893332,0.0,low
7,6,7,1,0,0,market,Barcelona,snow,4.669748782100398,36.10079342033184,30.29,low
23,2,9,0,0,0,park,Barcelona,snow,13.330262638998157,36.24337526277412,0.0,low
16,6,7,1,0,0,beach,Rome,rain,17.127871749714394,20.373239539524153,36.99,medium
18,2,9,0,0,0,beach,Bangkok,clouds,29.187300148677767,63.75074391295513,20.33,low
7,6,1,1,0,0,beach,Singapore,snow,34.6787842574551,38.18772253211284,15.05,low
18,3,11,0,0,0,transport_hub,New York,clouds,33.39356773328693,26.908636913415975,40.27,medium
5,2,12,0,0,0,beach,Bangkok,rain,2.6534277997943967,56.59439669774692,0.0,low
5,5,2,1,0,0,transport_hub,London,fog,36.64489520089497,51.2366833724899,12.16,low
8,0,4,0,0,0,shopping_mall,Barcelona,snow,27.918767741581824,31.94404677779055,33.12,low
8,2,3,0,0,0,beach,Bangkok,clouds,22.447720641064706,72.40565837699907,10.33,low
13,0,12,0,0,0,market,Amsterdam,fog,13.563355430346032,38.738123488107306,39.26,medium
6,0,10,0,0,0,beach,Singapore,clouds,13.5501904710594,26.134716136374077,3.76,low
14,3,10,0,0,0,beach,London,fog,12.95926280959053,35.937686491861655,36.04,medium
9,1,11,0,0,0,beach,Dubai,snow,23.110046096484123,50.97190882160827,11.84,low
12,3,4,0,0,0,market,Rome,fog,24.63644463074759,76.40380674381862,36.13,medium
21,4,7,0,0,0,museum,Bangkok,clouds,20.003722632915498,27.612958211629508,35.87,medium
20,0,6,0,0,0,restaurant,Istanbul,clear,19.884111525536493,35.61644420436609,13.18,low
12,5,5,1,0,0,tourist_spot,Singapore,clear,10.954787294955688,66.01584398575812,87.63,high
17,1,5,0,0,0,tourist_spot,Dubai,snow,22.953633430006036,28.836847244844712,39.18,medium
9,4,5,0,0,0,beach,London,rain,17.68086266424077,33.79576511121247,11.5,low
8,4,10,0,0,0,market,Istanbul,clouds,28.101250915687604,45.835450599334735,15.29,low
6,0,2,0,0,0,restaurant,Sydney,clouds,23.40317364352184,80.48943172505005,0.0,low
9,6,10,1,0,0,tourist_spot,London,fog,33.859222431464126,25.994288992216347,59.48,medium
3,2,11,0,0,0,market,Amsterdam,snow,22.686278361131123,26.63233881094784,10.53,low
14,4,2,0,0,0,tourist_spot,Bangkok,fog,13.145462638340483,65.00617596000669,38.13,medium
3,3,2,0,0,1,beach,Tokyo,fog,28.73661227431849,62.57648602219221,22.15,low
23,3,10,0,0,0,tourist_spot,Tokyo,clouds,10.875873927904415,55.717853112691195,0.0,low
13,0,11,0,0,0,shopping_mall,Amsterdam,rain,4.0156347398301495,23.41928554262477,30.32,low
17,0,7,0,0,0,park,Tokyo,clear,19.744952201990912,36.23825935890743,32.15,low
8,3,3,0,0,0,museum,Tokyo,rain,28.415089127515216,69.71875771378785,15.41,low
0,6,3,1,0,0,tourist_spot,Rome,clouds,1.5461004228955888,59.72276312959636,10.13,low
13,5,3,1,0,0,museum,Bangkok,clear,2.8941487896952056,66.563332678129,54.66,medium
7,3,2,0,0,0,park,New York,clouds,35.812747997855546,90.09012270483744,10.14,low
17,6,11,1,0,0,park,New York,clouds,2.9874853567681026,24.603755676388143,41.9,medium
18,4,5,0,0,0,museum,Singapore,fog,36.831228000982165,48.66181846266278,33.39,low
10,2,3,0,0,0,shopping_mall,Tokyo,clear,4.640245200180462,85.76787967340923,14.91,low
3,6,12,1,0,0,park,Paris,rain,26.760276218483362,20.32310792891605,14.37,low
17,6,6,1,0,0,museum,Rome,clouds,18.375062600101344,67.40006884508242,78.16,high
4,0,11,0,1,0,shopping_mall,Istanbul,fog,17.445592426191823,83.68498700302638,14.77,low
15,4,1,0,0,0,beach,Rome,clouds,9.55368475738398,79.14635153337399,14.9,low
1,2,3,0,0,0,shopping_mall,Rome,clear,15.158033109341332,78.68430505186059,0.0,low
5,4,10,0,0,0,restaurant,Amsterdam,rain,1.9154051173136066,73.24898710705446,14.31,low
10,5,3,1,1,0,restaurant,Barcelona,fog,38.63247026857424,33.91595772758278,64.92,medium
13,3,3,0,0,0,park,Barcelona,rain,26.239521949543985,75.46952484839849,16.56,low
0,4,3,0,0,0,market,Amsterdam,snow,2.600183169316419,73.06900318705179,3.01,low
17,0,8,0,0,0,park,Dubai,rain,24.180361116625825,58.00126774434731,0.0,low
7,1,9,0,0,0,tourist_spot,Paris,fog,28.030247607966942,45.55498411842764,30.79,low
11,5,4,1,0,0,beach,London,fog,5.825782076042225,94.28922421349104,62.5,medium
20,2,4,0,0,0,museum,Singapore,snow,26.13640587378302,50.382020976557385,29.78,low
8,3,1,0,0,0,beach,Paris,clear,34.36085700957028,69.04321278686524,45.27,medium
3,6,10,1,0,0,restaurant,Paris,snow,38.22883425981354,51.573448438837694,7.97,low
8,0,7,0,0,0,tourist_spot,Istanbul,clear,0.13721554530103042,67.8628592456498,52.3,medium
13,6,2,1,0,0,tourist_spot,Amsterdam,clear,21.451945346808014,20.57807553841493,56.2,medium
5,2,2,0,0,0,restaurant,Dubai,clear,31.709744232774053,32.10033230856452,4.9,low
4,1,8,0,0,0,market,New York,clouds,21.44200154474914,55.328184250784375,2.09,low
16,3,6,0,0,0,restaurant,Barcelona,fog,1.2779912356402923,40.468965224327206,30.61,low
23,2,2,0,0,0,park,Singapore,clear,35.59627407245496,27.633488460181866,0.0,low
7,4,4,0,1,0,transport_hub,Amsterdam,rain,38.68728362911006,90.7759312035495,48.04,medium
5,0,5,0,0,0,market,Paris,snow,25.58226397639777,90.20061761042372,0.0,low
15,2,1,0,0,0,tourist_spot,Sydney,fog,5.105030216763686,60.53370525158585,43.8,medium
0,2,3,0,0,0,park,Tokyo,rain,3.0880518595172246,44.96872555739452,0.0,low
16,1,5,0,0,0,museum,Amsterdam,snow,31.994697884956672,41.58777810601362,35.37,medium
4,4,10,0,0,0,tourist_spot,New York,fog,37.053535166455255,36.74544887015939,0.0,low
7,0,1,0,0,0,transport_hub,Singapore,fog,38.72270793465897,70.52664372812217,24.46,low
14,6,8,1,0,0,museum,Amsterdam,clouds,24.822603680308262,87.86757077205436,71.42,high
8,5,4,1,0,1,restaurant,Istanbul,fog,22.101983822334674,91.83662299689685,73.35,high
11,5,5,1,0,0,park,Istanbul,fog,7.462898962471649,87.10945725621885,53.05,medium
13,5,1,1,0,0,beach,Sydney,rain,6.12904772753176,65.58026686366793,33.06,low
13,1,7,0,1,0,tourist_spot,Bangkok,clear,16.81514485469393,38.04445510741037,100.0,high
8,6,4,1,0,0,transport_hub,Singapore,clear,5.756065083789634,51.078087031785444,51.34,medium
13,2,8,0,0,0,museum,Rome,fog,14.30857396720409,67.62637057555598,52.5,medium
8,4,6,0,0,0,restaurant,Singapore,fog,25.605909410974267,83.66596393162553,27.35,low
8,6,10,1,0,0,park,Singapore,snow,7.214001513453909,80.20305242935534,25.5,low
17,0,1,0,0,0,park,Amsterdam,clouds,6.9643560685491135,42.61111504153373,26.57,low
1,2,1,0,0,0,park,Tokyo,clouds,28.805851438937786,45.650600854270444,0.0,low
19,6,2,1,0,0,museum,Barcelona,rain,33.833781467881195,63.871930573973735,47.24,medium
12,6,1,1,0,1,market,Singapore,snow,14.756904677205798,24.607558570333843,51.49,medium
7,6,8,1,0,0,market,Sydney,fog,7.251325527106962,36.6680866004844,33.79,low
10,5,3,1,0,0,market,Dubai,clear,36.46593684796671,30.48660889552954,43.86,medium
12,2,3,0,0,0,market,Istanbul,clear,3.9683507339277657,42.161808955266224,37.64,medium
19,4,6,0,1,0,market,New York,clear,21.662964203241817,77.68239750163636,54.07,medium
11,1,5,0,0,0,restaurant,Sydney,snow,8.396642349612428,84.38284050143385,35.92,medium
12,3,1,0,0,0,restaurant,New York,clear,4.84439994066999,37.29710973037561,35.42,medium
16,4,6,0,0,1,tourist_spot,Rome,rain,16.719473926788467,70.3568322872959,62.61,medium
3,5,2,1,0,0,restaurant,Amsterdam,rain,19.576361061392817,56.54101756480669,26.97,low
1,0,9,0,0,0,tourist_spot,Paris,clouds,25.92124263691652,52.2715186138358,0.0,low
4,5,1,1,0,0,market,Barcelona,rain,2.5596134406693993,75.49714604493205,3.39,low
19,3,12,0,0,0,park,Paris,fog,32.4758186633939,30.696988307072502,26.54,low
9,5,1,1,0,0,transport_hub,Istanbul,clouds,9.37331261719578,92.17798720211019,38.21,medium
20,6,10,1,0,0,shopping_mall,Singapore,fog,11.394552985280054,48.26333509178383,57.78,medium
23,1,3,0,0,0,park,London,clear,37.79923640398293,46.45578209076731,0.0,low
19,5,11,1,0,0,museum,Tokyo,snow,16.828806910365344,52.10083246602565,42.61,medium
11,1,3,0,0,0,market,Amsterdam,snow,1.0601084779958425,63.16239812976921,20.63,low
2,5,7,1,0,0,transport_hub,Singapore,snow,31.88614300529993,66.87106836207627,8.06,low
4,3,6,0,0,0,restaurant,Tokyo,snow,21.883778774664595,89.55206828664934,9.97,low
12,1,1,0,0,0,shopping_mall,Amsterdam,rain,6.046744644171742,71.29665144884646,24.77,low
17,5,5,1,0,0,transport_hub,Sydney,clouds,25.430356418137766,74.0346290643237,65.92,high
16,2,10,0,0,0,transport_hub,Bangkok,snow,11.442680014909236,31.41664307915085,39.28,medium
6,2,11,0,1,0,tourist_spot,Paris,clouds,13.466082147630791,88.12479099947483,37.39,medium
17,0,8,0,0,0,market,London,clear,10.386123787568135,45.843470878585165,34.92,low
20,0,11,0,0,0,beach,Bangkok,clouds,30.198629487884567,60.1529476308854,14.16,low
3,3,9,0,0,0,shopping_mall,Amsterdam,snow,22.804987451904513,86.17884877255094,0.0,low
6,4,12,0,0,0,market,Paris,rain,1.2133544130698182,49.087643588238464,7.5,low
5,2,12,0,0,0,beach,Bangkok,snow,31.720647477157225,36.524673926553426,0.0,low
2,4,1,0,0,0,market,Singapore,rain,13.817048734607503,92.1677073134846,10.25,low
15,0,9,0,0,0,transport_hub,Amsterdam,snow,39.0971131356754,39.513328482733016,53.74,medium
16,1,3,0,0,0,park,Sydney,clouds,32.08678292565236,41.59843037360783,22.86,low
3,3,1,0,0,0,tourist_spot,Rome,clouds,38.34295553364626,63.3945846536833,13.01,low
13,5,8,1,0,0,transport_hub,Bangkok,rain,5.719781165845221,70.41258673420359,61.01,medium
4,2,3,0,0,0,shopping_mall,Bangkok,clouds,9.256601852087698,43.96825144187734,15.85,low
19,6,1,1,0,0,shopping_mall,Sydney,rain,10.771635432980279,30.386228043371375,46.46,medium
18,6,5,1,0,0,museum,Rome,rain,7.441858395142633,79.05665747591308,63.66,medium
15,3,10,0,0,0,shopping_mall,Dubai,clear,13.795556715865654,56.9559970068035,45.08,medium
14,4,8,0,0,0,market,Barcelona,fog,26.217570022326573,54.42166001958438,37.7,medium
7,3,7,0,0,0,market,Tokyo,fog,37.87336884252535,93.87831524805945,13.4,low
7,5,5,1,0,0,restaurant,Singapore,clouds,37.05859260779202,72.4037584866361,38.83,medium
10,1,10,0,0,0,museum,Istanbul,snow,29.193754328866905,20.88130369526752,33.17,low
13,3,7,0,0,0,restaurant,Amsterdam,fog,0.17377171302549232,25.052270920075205,31.55,low
4,6,5,1,0,0,tourist_spot,Paris,fog,36.724234303361705,29.48751385567612,32.11,low
17,5,9,1,0,0,restaurant,London,clouds,18.05435439219924,63.219290141589376,56.01,medium
16,0,1,0,0,0,market,Istanbul,snow,29.602646421831086,26.43454773201339,28.32,low
12,6,7,1,0,0,tourist_spot,Barcelona,rain,11.441611316994589,52.61494462008108,47.34,medium
4,2,9,0,0,0,tourist_spot,Dubai,snow,28.60769147692425,23.899892855654258,0.0,low
4,1,7,0,0,0,park,Sydney,clear,37.221138243421606,48.06503142225658,3.96,low
0,1,10,0,0,0,museum,Tokyo,rain,19.007737739378396,79.03123723322354,0.0,low
22,2,6,0,0,0,tourist_spot,Dubai,clouds,29.34993550466629,63.280780486160324,16.95,low
9,6,2,1,1,0,park,Amsterdam,rain,9.679611344300024,46.14282150138181,22.89,low
16,0,1,0,0,0,transport_hub,Tokyo,rain,25.372216300526308,27.72708669739242,46.5,medium
20,0,6,0,0,0,restaurant,Singapore,rain,1.9975472083941082,23.154708980283917,29.29,low
0,1,10,0,0,0,museum,Bangkok,rain,17.89514723717864,56.52936993583753,3.05,low
17,4,4,0,0,1,park,Paris,fog,31.612392935722227,69.27934674697414,69.33,high
19,6,2,1,0,0,restaurant,Singapore,snow,14.632545565353894,89.58822555239995,30.93,low
16,5,3,1,0,0,beach,Tokyo,fog,33.264179940634996,52.890554716576546,56.66,medium
23,3,8,0,0,0,restaurant,Amsterdam,snow,34.791405213381175,73.95628678846037,6.3,low
10,5,1,1,0,0,restaurant,Barcelona,rain,2.6789538824744374,46.08331335074194,40.51,medium
14,4,12,0,0,0,market,Dubai,rain,39.49555553420338,63.387682730034136,52.93,medium
16,3,8,0,0,0,market,Rome,snow,3.7705738747491147,87.90661538584722,47.51,medium
15,1,12,0,1,0,transport_hub,Dubai,rain,10.70738581688122,51.899180688573225,75.91,high
15,6,7,1,0,1,restaurant,Paris,clouds,13.638895512970848,31.81927243300721,78.53,high
5,2,4,0,0,0,shopping_mall,Bangkok,fog,8.879142777635533,43.74918390231153,0.0,low
11,0,10,0,0,0,tourist_spot,New York,fog,11.992968745967477,27.987150718428644,49.42,medium
0,4,9,0,0,0,shopping_mall,London,clear,22.572116233068016,55.392602416721154,2.95,low
20,6,1,1,0,0,shopping_mall,London,clouds,31.7343254313218,55.1857031449008,25.46,low
3,4,4,0,0,0,park,New York,snow,36.86166834531305,34.88146502585897,19.6,low
1,6,9,1,0,0,tourist_spot,Singapore,clouds,33.09121314929605,73.72459899124661,31.58,low
4,3,10,0,0,0,restaurant,Rome,snow,27.11241989264249,23.88717987507512,6.42,low
15,0,11,0,0,0,shopping_mall,Singapore,fog,31.348129723016616,87.74682929396248,32.08,low
21,2,5,0,0,0,shopping_mall,Tokyo,fog,30.875229358303827,50.19769085738727,17.3,low
13,2,4,0,0,0,park,Paris,snow,9.38114827715497,41.567905198211974,7.68,low
0,4,9,0,0,0,tourist_spot,Sydney,clouds,32.96480263460458,41.116169883856415,3.7,low
21,6,5,1,0,0,beach,Amsterdam,clouds,24.965719938364845,91.78909780153495,53.36,medium
4,2,7,0,1,0,museum,Sydney,rain,24.950678260153655,20.996389496319754,22.82,low
11,5,1,1,0,0,park,Singapore,snow,4.560706417135871,56.963132836999826,24.99,low
18,2,10,0,0,1,museum,Tokyo,rain,1.754248758924839,49.772407026312784,58.0,medium
13,6,6,1,0,0,tourist_spot,Paris,clouds,22.421001962369857,73.83258548133162,74.74,high
8,4,11,0,0,0,shopping_mall,Barcelona,fog,8.132323688464478,43.89833775666861,12.37,low
16,6,6,1,0,0,restaurant,Barcelona,clear,4.311878169682033,62.784126886866794,60.69,medium
18,5,4,1,0,0,museum,Rome,fog,39.39804751681396,49.05039611443715,73.75,high
21,1,10,0,1,0,restaurant,New York,clouds,39.79658184936897,57.11413835697245,37.25,medium
21,0,5,0,0,0,beach,Bangkok,fog,15.713815551616563,44.980444794820414,2.62,low
5,2,8,0,0,1,shopping_mall,Amsterdam,clear,35.223189215254024,70.64759663743655,19.48,low
0,2,5,0,1,0,beach,Amsterdam,rain,15.079612669322113,21.31010170260232,9.62,low
18,2,3,0,0,0,tourist_spot,Dubai,rain,5.72963550552942,85.80587259375021,33.86,low
20,2,2,0,1,0,restaurant,Istanbul,clouds,12.810730009853968,51.56064367574588,30.53,low
6,4,11,0,0,0,beach,Sydney,clouds,3.576366575680523,24.365929992979993,4.15,low
18,1,2,0,0,0,tourist_spot,Dubai,fog,22.12177409033992,59.07808500190715,47.01,medium
9,1,1,0,0,0,tourist_spot,New York,clouds,38.07357200344772,24.835171998535973,19.1,low
19,1,7,0,0,0,market,Sydney,fog,1.9747575889415803,39.68840809889721,23.82,low
20,6,8,1,0,0,shopping_mall,Bangkok,clouds,15.756324282405876,60.03421920325047,51.68,medium
0,5,10,1,0,0,museum,New York,snow,13.951604918554278,93.81065592088756,30.51,low
9,2,8,0,0,0,shopping_mall,Istanbul,snow,34.872597559536274,88.35204309847639,22.15,low
2,6,8,1,0,0,museum,Paris,fog,26.97372727982846,75.62613899512601,2.92,low
19,6,1,1,0,0,beach,Singapore,fog,20.153527048294517,93.40489875870281,35.09,medium
17,3,4,0,0,0,museum,Istanbul,snow,18.974832892029937,50.614391006592584,46.49,medium
20,5,12,1,0,0,tourist_spot,Istanbul,snow,27.603164573542458,27.372021028261873,41.19,medium
15,1,5,0,0,0,beach,New York,fog,8.669759455074978,89.51277101571905,26.22,low
17,6,3,1,0,0,transport_hub,Paris,snow,31.29267204996356,32.10987668105787,44.71,medium
5,3,2,0,0,0,market,New York,snow,33.23210081193741,58.61590345084279,12.48,low
22,0,8,0,0,0,restaurant,Singapore,clear,39.580419903106346,44.36484871563022,0.0,low
17,0,7,0,0,0,tourist_spot,Singapore,fog,12.719644178629093,60.15954831960004,59.89,medium
10,3,5,0,0,0,transport_hub,Sydney,snow,12.908642880478943,65.24462139379932,49.97,medium
12,1,5,0,0,0,park,Paris,clouds,14.774300444004531,75.65390504833371,30.67,low
10,2,1,0,0,0,tourist_spot,Tokyo,rain,17.63266983907236,86.89562161297977,17.34,low
10,2,2,0,0,0,shopping_mall,Dubai,fog,32.918593030892346,64.26734743114531,27.9,low
12,1,12,0,0,0,transport_hub,Tokyo,snow,4.566030157063454,93.27467089986607,31.39,low
13,4,6,0,0,0,tourist_spot,Paris,rain,0.1745118851659644,65.26017951795961,36.73,medium
8,0,9,0,0,0,market,Dubai,fog,19.651011928791036,67.9589004794446,27.83,low
20,6,2,1,1,0,restaurant,Amsterdam,clouds,0.7207140694532344,27.625651954348974,45.94,medium
10,4,6,0,0,0,tourist_spot,Tokyo,snow,1.445156780900838,40.642778559168065,36.17,medium
0,2,8,0,0,0,beach,Amsterdam,rain,7.246324468270222,37.02964502441626,4.6,low
13,2,7,0,0,0,restaurant,Tokyo,clear,35.45742036159269,21.023006131383973,37.26,medium
20,4,5,0,0,0,restaurant,Paris,rain,36.18794124868354,68.8406198344672,31.76,low
4,4,3,0,0,0,park,Istanbul,snow,18.782941384670345,79.44537691852656,0.0,low
9,4,10,0,0,0,tourist_spot,Istanbul,snow,27.615182129151133,80.50697116665597,21.87,low
9,1,10,0,0,0,beach,Amsterdam,rain,27.13157349138641,88.12378866376605,16.64,low
1,0,9,0,0,0,beach,Dubai,clouds,12.157155350790028,90.48082111739238,2.18,low
8,5,8,1,1,0,transport_hub,Istanbul,snow,35.85293786197098,93.13873443927197,62.45,medium
13,4,11,0,0,0,transport_hub,Dubai,rain,31.461955993376236,62.117325444561985,43.79,medium
21,1,8,0,0,0,transport_hub,Amsterdam,snow,34.18704015508023,82.40937476671678,29.24,low
13,2,8,0,0,0,beach,Rome,clouds,34.427067238985124,80.8553034033942,17.9,low
11,6,4,1,0,0,shopping_mall,Paris,fog,6.3627242365895365,86.28663203703856,73.02,high
19,3,2,0,0,0,restaurant,Amsterdam,rain,34.85070108634137,74.66001467627859,15.51,low
22,0,9,0,1,0,transport_hub,Dubai,clear,31.617822738171093,43.934545069770806,41.6,medium
11,3,3,0,0,0,tourist_spot,Sydney,rain,6.607398609166251,81.70488000373759,37.93,medium
14,1,2,0,0,0,restaurant,Rome,fog,22.685782326960084,72.27072358174652,13.73,low
7,0,4,0,0,0,shopping_mall,New York,fog,25.39744877471595,89.15644072668232,11.32,low
20,1,11,0,0,0,tourist_spot,London,clear,5.5082906291134615,61.93209502444049,24.64,low
3,0,12,0,0,0,transport_hub,Paris,clear,13.73986721729029,69.34502179827061,0.0,low
3,6,7,1,0,0,park,London,clear,18.559808610863996,39.86174421670587,56.6,medium
21,5,12,1,0,0,restaurant,London,fog,30.337297716919103,34.10680287256987,34.55,low
3,2,4,0,0,1,market,London,fog,6.674792886109651,46.84772937632198,26.28,low
8,0,4,0,0,0,market,Dubai,snow,32.2449742757791,45.79595080260718,25.01,low
1,6,12,1,0,0,transport_hub,Singapore,clouds,27.075882956414617,46.14211959348373,1.0,low
2,5,12,1,0,0,park,Amsterdam,clear,32.95188632871421,66.93572246329207,35.28,medium
7,1,8,0,1,0,transport_hub,Tokyo,rain,14.29916540165677,76.68491610377829,51.06,medium
22,6,8,1,1,0,shopping_mall,Istanbul,snow,7.459079189245776,83.39007957334829,73.99,high
14,3,3,0,0,0,restaurant,London,snow,33.737640422701006,83.43920533742883,27.75,low
10,2,11,0,0,0,shopping_mall,Barcelona,clouds,10.293124879291708,27.612773128114544,25.52,low
0,5,3,1,0,0,park,Dubai,snow,0.5646242467032181,66.60771895176319,4.31,low
13,2,3,0,0,0,restaurant,Tokyo,snow,31.60398448827337,37.61535290048299,32.57,low
19,1,9,0,0,0,transport_hub,Tokyo,snow,12.430586616869817,22.436458158647785,51.0,medium
23,6,12,1,0,0,market,New York,snow,27.06795090551049,27.49686692709634,19.05,low
6,0,6,0,0,0,park,London,fog,21.22370599426917,22.885872670585176,7.8,low
11,1,5,0,0,0,museum,Amsterdam,clouds,14.771893503608315,81.19326161721251,52.57,medium
9,2,2,0,0,0,transport_hub,Paris,clouds,31.41733191083425,37.81598223768191,17.15,low
8,5,9,1,0,0,market,Singapore,rain,18.6623305633084,65.47838975282417,51.02,medium
3,0,3,0,0,0,transport_hub,Rome,rain,7.76330020883683,26.38106662109714,2.52,low
6,1,12,0,0,0,park,London,fog,36.61406034098429,26.341732229999433,18.45,low
21,2,2,0,0,0,market,Amsterdam,snow,27.128146780287274,28.040229596584982,7.14,low
13,0,1,0,0,0,market,Amsterdam,snow,15.593074233308425,78.6694447099853,44.54,medium
2,2,12,0,0,0,shopping_mall,London,fog,17.094428581373265,71.39812563418431,7.1,low
23,6,3,1,0,0,tourist_spot,Istanbul,clouds,6.224791752317813,27.346266839860338,25.72,low
7,1,7,0,0,0,beach,Sydney,rain,27.175895708951177,52.63621057086477,10.27,low
3,3,5,0,0,0,tourist_spot,Barcelona,fog,19.492955804162865,53.15531908169537,0.0,low
11,3,10,0,0,0,museum,Barcelona,clear,12.711840883230696,20.776421171909853,49.2,medium
0,4,7,0,0,0,market,Amsterdam,fog,19.774690137789115,65.96883582000535,3.62,low
23,6,8,1,0,0,park,Amsterdam,clear,12.648334653079187,49.982379145504396,29.66,low
1,5,2,1,0,1,restaurant,Amsterdam,rain,31.547161998067924,40.485687856424754,36.96,medium
22,6,12,1,0,0,shopping_mall,Amsterdam,clear,28.944055183588162,38.00702072054577,36.76,medium
17,5,3,1,1,0,museum,Paris,clouds,26.601231435585753,53.48054113193778,88.35,high
1,1,3,0,0,0,transport_hub,Tokyo,rain,4.022001786676661,43.28782835585051,0.9,low
0,3,6,0,0,0,museum,London,fog,31.84376932264742,33.035946543250006,12.5,low
23,1,7,0,0,0,restaurant,Amsterdam,snow,28.94659304014896,67.78811749689726,0.0,low
13,1,8,0,0,0,tourist_spot,London,clear,28.056550168658525,94.27678662102652,69.75,high
19,2,1,0,0,0,tourist_spot,Singapore,fog,25.92064186516164,52.1308006432705,14.86,low
1,4,7,0,0,0,tourist_spot,Paris,clear,28.690855234778866,78.54074957800327,8.18,low
0,0,5,0,0,0,shopping_mall,Tokyo,rain,34.85446089335592,22.068841342510193,1.62,low
21,2,11,0,0,1,transport_hub,Tokyo,snow,30.589912566581123,86.16143441633174,37.58,medium
2,1,8,0,0,0,park,Amsterdam,rain,16.812629284116003,55.44582080567335,0.0,low
12,6,9,1,0,0,transport_hub,Barcelona,clear,18.140781053240925,57.388722456012296,69.2,high
14,1,8,0,0,0,shopping_mall,Istanbul,clear,27.02918574244553,57.535694846105024,54.88,medium
13,2,5,0,0,0,restaurant,Sydney,clear,16.069000293288347,82.18858587463355,42.67,medium
17,1,3,0,0,0,restaurant,Paris,snow,3.937823234676472,60.83529553156384,25.96,low
15,3,6,0,0,0,park,Paris,clouds,26.211070396789708,73.80410575946317,31.64,low
21,6,10,1,0,0,beach,Tokyo,snow,7.036350218724925,51.81971900432939,20.26,low
0,4,8,0,0,0,park,Amsterdam,snow,3.870492781459629,42.364271156927074,7.73,low
21,2,10,0,0,0,museum,Barcelona,fog,24.038619517321024,94.27624810404942,30.8,low
6,2,3,0,0,0,beach,Rome,rain,15.084307056262439,93.27180387380156,11.71,low
18,2,2,0,0,0,shopping_mall,Paris,fog,38.45164752940136,20.224243306540036,20.16,low
17,2,10,0,0,0,restaurant,Singapore,clouds,9.080527034430279,83.22044715960953,31.69,low
18,0,12,0,0,0,market,Istanbul,fog,25.75396304359053,56.19156923240545,25.65,low
12,1,3,0,0,1,transport_hub,Sydney,clear,15.084814948686,90.24810277983056,62.61,medium
18,6,5,1,0,0,museum,Tokyo,clouds,6.275127613772691,55.98606798280619,69.15,high
6,4,6,0,0,0,tourist_spot,Tokyo,snow,30.907069143325515,90.95001883831539,0.0,low
1,0,10,0,0,0,shopping_mall,Barcelona,fog,31.602346252355325,74.53841845726953,0.0,low
8,4,11,0,0,0,shopping_mall,Rome,snow,2.275208924926466,32.09224421336789,16.98,low
3,3,5,0,0,0,shopping_mall,Tokyo,fog,31.621097426340473,94.08835650468744,0.0,low
16,5,12,1,0,0,museum,Dubai,clear,35.65543382403272,20.70598671175645,54.9,medium
15,6,3,1,0,0,restaurant,Amsterdam,rain,9.73015937051561,94.4865069582693,52.61,medium
3,6,7,1,0,0,market,Sydney,rain,17.945253496758966,33.35063543814034,18.01,low
3,2,3,0,0,0,beach,Sydney,snow,36.55423806922248,58.033742869848716,0.0,low
18,4,4,0,0,0,restaurant,Dubai,fog,35.48237818039877,24.01639755366213,29.65,low
5,2,6,0,0,0,tourist_spot,Tokyo,clear,17.040729818078326,57.03137189972718,15.39,low
21,2,7,0,0,0,market,Tokyo,clouds,4.821373463371521,82.8183925014419,33.24,low
15,6,3,1,0,0,transport_hub,Rome,clear,24.082051764367165,24.221174629035932,44.13,medium
21,2,5,0,0,0,market,Sydney,rain,31.060996750863872,57.76416083326979,14.1,low
22,4,12,0,0,0,beach,London,fog,33.234601355690465,31.486144633123136,20.8,low
23,3,10,0,0,0,restaurant,Sydney,clouds,31.087828564963957,86.8982101652915,0.98,low
14,1,4,0,0,0,park,Tokyo,clouds,35.22338446324094,25.007665024707247,23.11,low
15,6,9,1,0,0,beach,New York,clear,39.65830838149701,73.00013116814361,81.42,high
1,0,2,0,0,0,museum,Istanbul,clouds,10.4448060268186,39.365599992313165,0.0,low
23,0,8,0,0,0,park,Barcelona,rain,31.039234713530917,65.2330808578216,12.66,low
15,6,1,1,0,0,beach,Dubai,rain,24.870495213908388,68.79591348793913,26.32,low
22,2,3,0,0,0,park,Barcelona,fog,5.424454399835392,40.817382958531255,2.33,low
17,2,2,0,0,0,market,Istanbul,snow,35.68141257410719,44.64665303985614,28.54,low
13,2,4,0,1,0,beach,Dubai,clouds,24.86800207807676,34.408210442013406,64.45,medium
14,3,3,0,0,0,tourist_spot,Singapore,clear,9.054516466442472,42.03006947857568,36.03,medium
22,2,1,0,0,0,market,Rome,clouds,29.399011388714303,90.88223207949073,19.46,low
22,3,4,0,0,0,restaurant,Paris,clouds,9.387539158427565,43.450344042037315,8.83,low
3,5,1,1,0,0,museum,Amsterdam,rain,11.861235428088674,92.90180039745582,19.2,low
4,2,10,0,0,0,tourist_spot,New York,clouds,30.157508363680748,20.549215095698827,10.41,low
9,4,9,0,0,0,shopping_mall,Bangkok,clear,29.433544729576656,51.93475137876533,22.63,low
10,1,3,0,1,0,beach,Rome,fog,12.357172219453094,46.36647570453892,61.1,medium
17,3,9,0,0,0,museum,London,rain,25.451499561737517,42.50614473900052,41.42,medium
2,1,11,0,0,0,tourist_spot,Dubai,clouds,3.0437316499344202,87.63634150203828,7.75,low
0,0,3,0,0,0,restaurant,Barcelona,fog,29.973957412811277,64.52242329162168,0.0,low
1,2,6,0,0,0,market,London,snow,26.558602731389236,94.92334661451719,0.71,low
5,3,9,0,0,0,market,Sydney,clouds,3.730821182930808,38.75362550441091,0.0,low
20,1,3,0,0,0,restaurant,Sydney,fog,31.337665854093864,42.91578136020334,19.96,low
20,5,10,1,1,0,market,Rome,snow,20.495491845810363,34.08655006633637,47.76,medium
6,4,2,0,0,0,restaurant,Rome,fog,38.090879094043366,39.30157013722898,0.0,low
11,5,4,1,0,0,museum,Istanbul,snow,10.17607263673983,22.796186976729146,57.63,medium
11,2,3,0,0,0,park,New York,fog,37.751064783400935,90.85358656954995,19.36,low
10,5,7,1,0,0,transport_hub,Paris,clouds,33.31455380371477,63.32133002316699,53.83,medium
5,3,12,0,0,0,transport_hub,Sydney,snow,34.62515235193274,38.655400482556715,12.14,low
19,1,3,0,0,0,beach,Rome,rain,33.58027454074832,55.2743076560223,8.07,low
1,5,12,1,0,0,park,Singapore,fog,0.18120886016952387,77.15165897752225,9.05,low
10,5,8,1,0,0,park,New York,snow,10.990867610560384,41.36014517745295,32.58,low
20,0,9,0,0,0,beach,Amsterdam,snow,23.56171415415224,65.84679002653289,1.86,low
14,3,9,0,0,0,tourist_spot,Bangkok,snow,34.20547087266379,21.668677035076122,22.06,low
18,0,3,0,0,0,tourist_spot,Tokyo,fog,3.2814190032462998,21.97376550922577,32.1,low
16,1,8,0,0,0,park,Istanbul,snow,15.687559688220754,82.19519583051833,15.87,low
13,6,3,1,0,0,transport_hub,Paris,clear,20.207327432148897,90.77620924636878,63.13,medium
3,0,12,0,0,0,beach,Singapore,rain,28.928180242505846,33.55264906086597,2.88,low
22,1,10,0,0,0,restaurant,Barcelona,snow,13.10664862950043,86.22075604819035,3.15,low
10,2,10,0,0,0,tourist_spot,Amsterdam,snow,28.296379916850967,79.32408586985898,32.21,low
15,1,8,0,1,0,transport_hub,Rome,rain,31.816191542443654,52.5975131646363,74.25,high
22,4,4,0,0,0,market,Barcelona,clear,1.3317009343160535,29.75398011343837,13.57,low
21,6,2,1,0,0,restaurant,Dubai,snow,6.897186564078894,48.229405474594444,20.67,low
16,5,11,1,0,0,museum,Amsterdam,clouds,11.500884167245097,38.33703578938223,36.21,medium
17,1,2,0,0,0,tourist_spot,Amsterdam,rain,8.829388326092161,74.00678133958866,21.45,low
0,0,3,0,0,0,museum,New York,fog,13.338541115540012,92.5128517336282,3.33,low
20,0,9,0,0,0,restaurant,Paris,fog,5.897189648911723,85.11700911654282,18.59,low
15,2,12,0,0,1,shopping_mall,Barcelona,snow,13.101916138814058,31.001074156689732,51.5,medium
23,0,7,0,0,0,beach,London,rain,23.80533762519508,50.22247544042954,0.0,low
12,1,9,0,0,0,restaurant,London,clear,6.02156853561886,36.67627377665626,38.31,medium
21,0,3,0,0,0,beach,Tokyo,clear,8.793633830010435,29.302390861832798,2.06,low
9,0,4,0,0,0,park,Barcelona,snow,16.539057460484557,30.19286497763777,16.92,low
12,3,9,0,0,0,shopping_mall,Dubai,clear,36.069153818336055,61.57009958186938,33.78,low
15,1,9,0,0,0,shopping_mall,Rome,rain,27.365533496992086,68.754742502846,33.58,low
16,3,10,0,0,0,transport_hub,New York,clouds,18.387831982139193,39.03124351697653,29.07,low
7,5,1,1,0,0,shopping_mall,Bangkok,fog,1.0008875325734667,85.40894926542285,25.99,low
15,0,1,0,0,0,beach,Singapore,rain,14.029290735638513,42.3535685361923,19.14,low
10,5,3,1,0,0,shopping_mall,London,clouds,23.534422236141218,79.15747659224172,58.5,medium
22,5,10,1,0,0,tourist_spot,Sydney,clear,14.90402620983958,46.78012571817591,37.83,medium
4,5,6,1,0,0,restaurant,Istanbul,rain,21.013349885699434,91.89426057068083,36.18,medium
20,3,12,0,0,0,beach,Barcelona,clouds,34.596767627249356,29.760026042249006,8.5,low
13,6,2,1,0,0,tourist_spot,Amsterdam,clear,1.4727664769376503,54.981128589568556,55.85,medium
23,1,8,0,1,0,museum,Tokyo,clouds,23.396572467565527,76.50982428286682,30.23,low
13,4,1,0,0,0,museum,Tokyo,fog,23.66277478206106,49.93266629067142,43.64,medium
2,4,11,0,0,0,museum,Dubai,rain,29.955030668277026,53.58665078183007,0.0,low
12,1,10,0,0,0,beach,Tokyo,rain,17.002008832489494,26.975705648247175,23.11,low
20,5,10,1,0,0,beach,Dubai,clear,18.462330917441143,63.766278072227955,64.02,medium
21,1,2,0,0,1,beach,Dubai,fog,5.3266892936408805,50.30870501497394,41.19,medium
18,3,9,0,0,0,transport_hub,Paris,fog,28.73316263081767,72.60377278514417,38.96,medium
7,6,12,1,0,0,tourist_spot,Istanbul,clouds,36.33072563581843,84.15240523443507,48.9,medium
8,6,11,1,0,0,shopping_mall,Amsterdam,fog,36.58503090011062,25.03140012922334,58.5,medium
11,5,2,1,0,0,museum,London,fog,1.2892607773324816,56.34151107120979,43.48,medium
7,4,4,0,0,0,restaurant,Dubai,clear,29.329293590977645,57.52570413402329,1.32,low
8,1,6,0,0,1,shopping_mall,Rome,clouds,10.498224878914947,27.733370186772387,29.01,low
5,0,11,0,0,0,restaurant,Dubai,clouds,39.6844876057168,60.29529201748409,8.5,low
22,3,11,0,0,0,beach,Bangkok,snow,3.8204813610872534,26.76294302719152,0.0,low
11,3,7,0,0,0,museum,Dubai,clear,20.56466918405534,34.669653364011495,46.52,medium
10,6,3,1,0,0,museum,Barcelona,fog,31.032807987321718,47.350993065738365,57.31,medium
22,1,6,0,0,0,museum,Singapore,rain,24.90471238098477,66.49075403318881,15.23,low
16,1,8,0,0,0,park,Istanbul,clear,38.84502410827849,61.550042282346325,33.39,low
10,4,1,0,0,0,transport_hub,Dubai,clear,13.806473540633437,66.56252442550725,32.38,low
17,1,8,0,0,0,restaurant,Tokyo,rain,38.18375634310832,26.87748932152892,45.51,medium
23,5,2,1,0,0,tourist_spot,London,clear,34.64594494854792,34.18089452709018,10.84,low
22,2,5,0,0,0,market,Rome,clear,35.05206238328678,63.06749615630709,6.46,low
1,0,9,0,1,0,museum,New York,rain,36.18410831486939,42.13940141201647,25.27,low
9,3,3,0,0,0,beach,Tokyo,clear,25.644532846319215,47.18324076148338,28.69,low
2,4,2,0,1,0,transport_hub,London,clear,11.873302462775328,53.73351885431506,32.98,low
2,4,6,0,0,0,museum,Paris,snow,21.96118304225181,69.77328429076107,4.71,low
10,3,11,0,0,0,shopping_mall,Bangkok,snow,32.00880327982509,44.41522441131248,39.22,medium
3,0,11,0,0,0,market,Sydney,clouds,24.554984229113753,87.86296345179032,0.0,low
10,5,10,1,0,0,market,Paris,clear,36.69444016627746,80.27685633095658,59.34,medium
13,0,1,0,0,0,museum,Istanbul,snow,3.731337790867495,24.41550718350608,45.19,medium
23,3,12,0,0,0,market,New York,clouds,4.939915956407139,60.166042079066116,11.28,low
16,5,3,1,0,0,market,New York,snow,25.52146387163056,32.787441341420724,57.38,medium
19,3,1,0,1,0,beach,New York,clouds,19.862773887197736,79.9723215768479,36.45,medium
2,2,12,0,0,0,tourist_spot,Paris,clouds,31.986118744058857,67.50143043090611,0.0,low
11,2,10,0,0,0,shopping_mall,New York,fog,1.9662525366125072,35.09275556983462,30.12,low
0,0,5,0,0,0,tourist_spot,Amsterdam,rain,24.627383796377707,75.12620478616164,7.77,low
6,6,9,1,0,0,shopping_mall,Tokyo,rain,13.387084658821319,87.57256801270977,26.8,low
10,1,2,0,0,0,tourist_spot,Istanbul,fog,32.240544968874254,23.293836650272528,44.73,medium
0,3,7,0,0,0,market,New York,snow,33.88793507231352,86.48066629307684,13.46,low
14,1,9,0,0,1,beach,Istanbul,rain,10.287026128359038,26.25736823374274,44.71,medium
23,1,5,0,0,0,transport_hub,Bangkok,rain,3.7507342995941784,49.16965689280754,9.11,low
11,3,10,0,0,0,beach,New York,fog,20.346364655120986,58.28378083713213,17.3,low
11,3,1,0,0,0,beach,Istanbul,fog,9.506199679991273,35.450269015144265,12.13,low
1,0,11,0,0,0,beach,Amsterdam,clouds,0.9212040557625523,26.61381724791051,10.73,low
23,0,4,0,0,0,restaurant,Dubai,rain,23.564868353931367,69.90568594256578,10.31,low
2,0,4,0,0,0,tourist_spot,London,clouds,30.397119438955478,74.77072107960522,0.88,low
18,6,6,1,0,0,transport_hub,Istanbul,clouds,22.78151252563246,43.10297828544928,54.66,medium
22,6,8,1,0,0,museum,Rome,fog,38.28132699778296,37.501882821857265,21.77,low
4,1,3,0,0,0,restaurant,Sydney,clear,16.3535754305816,36.128964707034484,0.0,low
18,6,2,1,0,0,transport_hub,Istanbul,snow,32.313135730204934,39.18856289118423,52.99,medium
16,2,6,0,0,0,beach,Amsterdam,snow,13.26914679408009,71.65749191911678,7.61,low
18,3,6,0,0,0,market,Barcelona,fog,34.90550425228656,31.913770917171874,41.52,medium
22,5,6,1,0,0,tourist_spot,Tokyo,clouds,8.386743081132892,52.759219537458065,45.56,medium
16,2,6,0,0,0,transport_hub,Bangkok,rain,33.272125548841146,56.37188518791343,40.96,medium
20,4,2,0,1,0,shopping_mall,Dubai,snow,32.06840650786879,36.41081617006846,60.85,medium
23,0,10,0,0,0,park,Sydney,fog,5.862371945187275,37.32882560645092,10.38,low
6,5,10,1,0,0,museum,Singapore,rain,28.364770808742353,64.97752075745252,28.9,low
16,6,6,1,0,0,shopping_mall,Rome,snow,3.4794238111281306,71.43734201660567,95.45,high
20,6,12,1,0,0,park,Dubai,clouds,12.929221618358175,29.022525235468777,33.0,low
3,0,10,0,0,0,shopping_mall,Bangkok,clouds,16.25036637651703,79.034777424276,9.27,low
11,1,3,0,0,0,beach,Rome,fog,21.175536691800282,52.007594353100004,22.24,low
1,6,1,1,0,0,restaurant,Barcelona,clouds,4.4102911341198014,78.82125339936721,24.9,low
2,1,2,0,0,0,transport_hub,Sydney,clouds,11.231274349863384,29.468952486845957,4.31,low
17,5,10,1,0,0,restaurant,Rome,fog,15.262816074553074,61.497291093032736,46.93,medium
20,5,8,1,0,0,park,Bangkok,clear,32.17857528739225,85.56835202843925,62.4,medium
8,4,2,0,0,0,tourist_spot,London,rain,2.8795787210778423,84.07491862791248,0.15,low
14,5,8,1,0,0,restaurant,Barcelona,fog,39.47058223094666,56.44777896124508,71.47,high
10,2,12,0,0,0,park,Rome,clear,23.430821941566784,86.93721733593435,29.93,low
19,4,2,0,0,0,beach,Singapore,snow,5.511444954804361,30.202476595385637,18.56,low
10,5,10,1,0,0,restaurant,Bangkok,rain,2.5186604580538052,64.94755995881218,59.66,medium
22,0,6,0,0,0,transport_hub,Bangkok,clouds,14.577230434972943,23.19303078803,17.94,low
11,1,3,0,0,0,transport_hub,Istanbul,clouds,34.43581462490862,70.51832133743582,41.68,medium
10,0,4,0,0,0,transport_hub,Dubai,clouds,16.671399551576854,36.31580923258869,36.3,medium
11,3,9,0,0,0,beach,Singapore,rain,15.816960037507917,53.435827248457066,10.93,low
0,6,9,1,0,0,shopping_mall,Barcelona,fog,37.52633634211269,65.53624047238702,38.09,medium
14,1,3,0,0,0,shopping_mall,Barcelona,clouds,27.519695543449156,42.4201499089472,47.12,medium
19,4,11,0,0,0,market,Barcelona,clear,11.0237054884173,60.612324799137006,29.6,low
21,5,6,1,0,0,restaurant,Dubai,rain,19.034749350581556,52.998109671254426,46.37,medium
11,1,3,0,0,0,beach,Barcelona,clear,14.465789892120252,42.7244284331524,21.11,low
8,2,9,0,0,0,restaurant,Amsterdam,clouds,17.276375155759887,55.30629649231734,28.74,low
3,5,5,1,0,0,transport_hub,Bangkok,clouds,29.036959410510327,82.25513215116928,15.96,low
19,4,9,0,0,0,tourist_spot,Singapore,clouds,4.5021320419830735,35.78817927834131,67.45,high
14,3,8,0,0,0,shopping_mall,Tokyo,clear,37.989865342684354,68.25867521702935,39.52,medium
14,2,4,0,0,0,restaurant,Rome,rain,2.8702622111580345,87.08232890400842,29.28,low
22,0,9,0,0,0,shopping_mall,New York,rain,20.01926074527695,50.09681492367519,12.85,low
7,6,4,1,0,0,transport_hub,Rome,snow,15.740316371311911,44.659925629684444,34.07,low
11,4,10,0,0,0,shopping_mall,London,rain,34.428136689832016,60.23050071674504,34.27,low
11,1,1,0,0,0,tourist_spot,Amsterdam,rain,23.912186116400918,82.46482775796156,15.7,low
16,4,1,0,0,0,museum,Amsterdam,clear,35.91704932151691,59.817728534385054,41.1,medium
20,0,9,0,0,0,museum,London,clouds,29.442481593847592,79.03240179400711,32.39,low
9,0,10,0,0,0,shopping_mall,Paris,snow,16.017886938710145,64.4677269069988,20.67,low
20,5,4,1,0,0,museum,Rome,snow,19.56559143077262,80.7018119506372,57.81,medium
7,1,12,0,0,0,park,Tokyo,rain,39.78775979332331,58.86511570561746,15.84,low
15,2,8,0,0,1,park,Barcelona,snow,7.638540151263209,81.8484225431293,36.18,medium
0,3,4,0,0,0,museum,Singapore,clear,1.5725468867953074,27.86451200302472,2.97,low
12,6,2,1,0,0,shopping_mall,Sydney,rain,19.555248183904894,52.43571205105396,54.81,medium
5,0,9,0,0,0,transport_hub,Barcelona,snow,6.243831548047649,76.19458377256609,0.0,low
18,0,1,0,0,0,restaurant,Amsterdam,fog,16.072169744031402,38.74900051556932,19.44,low
13,4,7,0,0,0,shopping_mall,London,rain,23.773854198312527,23.410658141067117,32.78,low
14,1,3,0,0,0,market,New York,clouds,3.414989998054101,36.02233940576236,42.64,medium
3,1,12,0,1,0,restaurant,Sydney,rain,24.144040783672192,88.308167824859,8.23,low
5,0,11,0,0,0,shopping_mall,Amsterdam,fog,16.207543269117423,70.42790710342157,15.53,low
10,4,8,0,0,0,shopping_mall,Istanbul,fog,30.74502075319995,86.33291993060462,39.01,medium
8,2,12,0,0,0,tourist_spot,London,clear,36.56691922434477,70.51583091965873,32.96,low
11,0,8,0,0,0,beach,Barcelona,clouds,1.0075955133635262,33.05797135884468,25.85,low
5,5,12,1,0,0,beach,London,snow,37.839030404215016,73.06564948246091,21.19,low
4,4,3,0,0,0,beach,Bangkok,clear,5.050231418674929,29.631691290203893,12.92,low
5,2,7,0,0,0,museum,Rome,clouds,6.3626679197263725,48.320809127357805,0.0,low
18,3,4,0,0,0,shopping_mall,Amsterdam,clouds,32.40047890505083,84.88601358950173,44.22,medium
10,2,2,0,0,0,shopping_mall,Rome,rain,14.892061263342637,36.10776047084302,30.33,low
21,3,1,0,0,0,transport_hub,Rome,clear,3.902229606298384,77.93490485522852,4.74,low
21,4,6,0,0,0,transport_hub,Tokyo,snow,38.65484476634571,71.53620839386848,25.4,low
1,5,5,1,0,0,restaurant,Dubai,fog,23.72448063385122,53.34193723509163,43.05,medium
16,3,3,0,0,0,park,Tokyo,rain,37.563985014042615,39.51280872263116,3.91,low
4,5,11,1,0,0,market,Paris,rain,9.753204345204312,38.22005491162269,3.02,low
1,5,10,1,0,0,museum,Tokyo,clouds,36.45673107778053,20.856343952340115,30.42,low
16,6,1,1,0,0,shopping_mall,Bangkok,snow,1.8483950890048018,62.975746473614365,46.21,medium
21,2,3,0,0,0,shopping_mall,Bangkok,fog,18.60128413951887,30.82859117936116,7.5,low
11,0,9,0,0,0,tourist_spot,Singapore,snow,2.627217661293928,51.20269860264385,35.0,low
15,3,4,0,0,0,market,Paris,fog,15.790074634824443,23.699430445267264,30.04,low
3,3,11,0,0,0,beach,Sydney,clouds,26.85145084912636,49.034197802627816,9.3,low
20,1,11,0,0,0,transport_hub,Bangkok,snow,4.36753022337625,65.96557863986932,31.59,low
1,2,2,0,0,0,transport_hub,Istanbul,clouds,0.817326422603033,78.84705777003768,5.43,low
18,2,9,0,0,0,tourist_spot,Sydney,snow,9.178722291698396,29.80162900106594,32.46,low
3,3,11,0,1,0,shopping_mall,Amsterdam,fog,34.535054377843046,61.89899353712881,49.79,medium
6,2,4,0,0,0,beach,Dubai,snow,0.43098582696066146,40.795400724830955,3.57,low
10,6,5,1,0,0,restaurant,Tokyo,snow,31.23835410911715,45.56960803601922,51.35,medium
12,5,6,1,0,0,tourist_spot,New York,snow,37.168889867285266,21.881294446291182,55.5,medium
16,1,12,0,0,1,shopping_mall,Barcelona,fog,37.122258723820494,37.392876110404785,82.24,high
17,3,1,0,0,0,restaurant,Dubai,clouds,24.862303924196464,26.20121695339403,13.48,low
11,3,2,0,0,0,shopping_mall,London,rain,19.20071909174275,45.355395070245265,26.36,low
12,5,9,1,0,1,restaurant,Istanbul,clear,3.259498567658121,23.531367838762417,76.43,high
4,4,4,0,0,0,restaurant,London,rain,38.06049872481405,63.71800182752332,1.27,low
18,1,5,0,0,0,tourist_spot,London,fog,19.71127686767193,56.970816411885934,45.34,medium
22,5,5,1,1,0,tourist_spot,London,snow,36.30218716173885,86.99387854326298,45.35,medium
2,0,11,0,0,1,market,Rome,snow,15.686416403463488,60.56529708718026,31.12,low
20,4,8,0,0,0,transport_hub,London,snow,4.612132536189009,61.80143761646683,43.71,medium
14,5,2,1,0,1,shopping_mall,Amsterdam,clear,12.406560279308971,90.63067478360726,58.74,medium
22,4,11,0,0,0,shopping_mall,Amsterdam,clouds,25.562110174464728,55.43143445270373,3.36,low
1,2,8,0,0,0,restaurant,London,fog,29.936674186205032,74.19217500386446,3.24,low
10,5,4,1,0,0,shopping_mall,Rome,rain,0.012891680656275106,60.71338602206082,70.46,high
1,5,7,1,0,0,park,Istanbul,snow,8.68866230359593,28.780073490776847,25.34,low
11,1,4,0,0,0,beach,Paris,rain,2.0585746929091675,64.57636183842112,16.05,low
11,0,8,0,0,0,park,Singapore,clear,2.048999513422487,91.50223683187521,27.04,low
15,6,8,1,0,0,beach,Rome,rain,29.727189049450544,51.3745684966932,33.3,low
4,1,4,0,0,0,shopping_mall,New York,fog,20.27639697130124,40.12723550755902,8.8,low
0,1,11,0,1,0,restaurant,Sydney,fog,27.411245817013253,59.63185484983296,28.71,low
23,5,12,1,0,0,beach,Paris,snow,29.156555115419366,33.64972363533578,11.5,low
22,5,10,1,0,0,beach,Tokyo,clouds,31.271510585505183,55.72683690140211,51.72,medium
14,0,10,0,0,0,shopping_mall,Singapore,rain,30.274753467516447,35.38404537523337,42.59,medium
13,2,8,0,0,0,market,Bangkok,snow,35.173669679590816,80.59228168360849,60.2,medium
2,4,3,0,0,0,museum,Paris,clouds,4.9281081944753025,61.54239777312088,0.0,low
5,0,3,0,0,0,market,Amsterdam,snow,36.04024846945943,88.7215008779942,0.0,low
6,5,10,1,0,0,market,London,clouds,5.723901157282327,66.2586946353614,18.81,low
8,2,8,0,1,0,park,Bangkok,snow,35.58387965784369,82.58888515541173,25.72,low
18,6,1,1,0,0,park,Istanbul,clear,13.751593427171054,29.78860567737139,56.85,medium
14,4,12,0,0,0,beach,Barcelona,fog,5.461606534078212,45.772590511910664,35.57,medium
22,1,5,0,0,0,tourist_spot,Paris,rain,35.43124998451113,61.67648684400976,8.03,low
17,5,10,1,0,0,shopping_mall,Barcelona,clear,25.270047114325592,77.35015206014197,51.79,medium
0,5,6,1,0,0,park,New York,rain,21.176291347194088,20.48460438325078,31.74,low
14,6,9,1,0,0,beach,Rome,rain,1.194543385407707,61.78481150025865,30.96,low
17,5,3,1,0,1,shopping_mall,Dubai,clouds,38.03821478189867,32.65878497940113,93.72,high
2,1,9,0,0,0,shopping_mall,Paris,clear,28.683273167481115,44.452138632638,0.0,low
13,2,2,0,0,0,restaurant,Sydney,clouds,18.879013528186167,59.336260283404705,38.72,medium
5,3,5,0,0,0,shopping_mall,London,clear,6.300217451323795,43.228638377441435,10.18,low
13,4,1,0,0,0,market,Sydney,snow,23.097498235792465,43.22821354516803,28.9,low
13,3,4,0,0,0,tourist_spot,London,clouds,20.26233643490947,55.325553829496215,55.34,medium
10,3,1,0,1,0,museum,Istanbul,fog,13.539014960758312,25.94660052101853,55.32,medium
4,5,1,1,0,0,market,Istanbul,clear,35.49787923368763,47.06392330912358,13.93,low
8,2,1,0,0,0,museum,Bangkok,snow,26.341941018369305,72.21320506268225,18.77,low
8,5,2,1,0,0,beach,Bangkok,snow,29.58885789451195,78.49392047022016,18.36,low
5,5,12,1,0,0,beach,Amsterdam,snow,6.83240736282964,23.810058476298185,22.16,low
1,6,2,1,0,0,shopping_mall,Dubai,rain,21.714116612674115,90.41384157073277,21.1,low
6,2,7,0,0,0,tourist_spot,Sydney,fog,5.670349270727293,37.84307510897209,0.0,low
6,6,7,1,0,0,beach,Dubai,clear,31.824838545299926,84.83214642458542,60.07,medium
14,5,12,1,0,0,market,London,snow,29.661064643758465,59.86437414339226,48.41,medium
22,6,5,1,0,0,museum,Sydney,clear,1.7713924415012805,28.014308418424577,27.59,low
15,6,3,1,0,0,shopping_mall,Amsterdam,fog,2.9445581351093297,29.802185956139212,42.75,medium
17,1,5,0,0,0,market,Dubai,rain,9.073788435766685,31.20459510173539,28.4,low
14,2,8,0,0,0,tourist_spot,Rome,clouds,23.41962317838247,57.91406498934626,54.33,medium
3,3,8,0,0,0,transport_hub,Dubai,rain,32.42216352370171,25.799399928761446,0.0,low
19,4,8,0,0,0,shopping_mall,Tokyo,clouds,36.161510285007374,54.99841447970653,59.73,medium
9,6,4,1,0,0,museum,Rome,rain,18.70975995860274,37.86678801262224,49.77,medium
5,6,2,1,0,0,beach,New York,clear,21.816544007579864,71.98254682314948,35.35,medium
9,5,7,1,0,0,shopping_mall,Istanbul,snow,18.443519318108695,32.888831206710165,68.2,high
9,3,9,0,0,0,restaurant,Amsterdam,rain,24.905436008195796,54.682987361527246,25.69,low
5,1,5,0,0,0,beach,Barcelona,rain,30.1073335739982,83.8557201106391,1.38,low
16,2,8,0,0,1,tourist_spot,New York,fog,10.808425524263313,60.045571502637536,74.87,high
20,3,1,0,0,0,park,New York,fog,38.4403503091826,66.98631616154938,21.51,low
18,0,2,0,0,0,park,Paris,snow,19.317168959395442,55.841169067770046,23.82,low
9,2,5,0,0,0,market,Bangkok,clouds,10.46796220359187,31.53422906408612,19.79,low
7,3,2,0,0,0,beach,Sydney,fog,28.713296639163815,40.13225569741012,0.91,low
1,5,10,1,0,0,museum,Amsterdam,snow,37.768909248931536,28.52366672017171,19.08,low
5,0,4,0,0,0,market,Bangkok,clear,38.40006436892852,44.619411167374345,0.0,low
0,2,8,0,1,0,tourist_spot,Amsterdam,rain,24.41505724107778,36.70806569089795,21.11,low
19,6,12,1,0,0,park,Singapore,clouds,21.54815990846498,38.17678278352922,44.57,medium
10,2,10,0,0,0,beach,Amsterdam,snow,31.890014688443916,26.18149823487072,31.6,low
7,2,12,0,0,0,tourist_spot,New York,clouds,18.598932244954725,78.45293192357437,34.72,low
10,4,2,0,0,0,tourist_spot,Paris,clouds,0.6359692140368667,22.84516925169397,40.38,medium
1,5,10,1,0,0,beach,Rome,snow,33.62844218162334,43.38231092380696,27.92,low
14,0,5,0,0,0,shopping_mall,London,rain,26.346348803740863,23.937311683445373,53.97,medium
5,1,10,0,0,0,restaurant,Tokyo,snow,28.964735479751063,76.24437689473768,0.0,low
14,0,3,0,0,0,transport_hub,Rome,clouds,12.231080816971605,37.33982508102984,36.22,medium
12,5,8,1,0,0,tourist_spot,Rome,clouds,26.8747534125936,84.88448186771461,85.4,high
11,3,12,0,0,0,market,Dubai,clouds,7.9251206660628215,82.04266108468747,47.39,medium
3,3,6,0,1,0,restaurant,London,snow,13.615476861164598,67.18034708768849,21.91,low
6,0,11,0,0,0,tourist_spot,New York,snow,33.805353694770744,31.43952773499503,0.0,low
8,2,5,0,0,0,tourist_spot,Amsterdam,rain,32.75727226097472,31.796189875322238,15.52,low
7,0,9,0,0,0,transport_hub,Paris,clear,5.020539834659727,81.61245394427459,20.53,low
3,3,12,0,0,0,tourist_spot,Singapore,rain,12.970647375083391,84.4399595439376,0.15,low
18,4,2,0,0,0,park,Amsterdam,clear,6.092504529762555,68.57227102917787,42.3,medium
21,1,12,0,0,0,park,Barcelona,clear,24.82599292882366,47.85018075984654,1.87,low
2,1,1,0,0,0,market,Barcelona,clear,30.82779065277353,25.652578688999192,4.64,low
7,0,4,0,0,0,transport_hub,Paris,clouds,12.402415159714328,92.07485004547706,32.31,low
19,5,3,1,0,0,shopping_mall,Tokyo,snow,12.562358486039136,57.21332379582926,66.92,high
12,3,5,0,0,0,beach,London,fog,5.2584370913093,40.825036471474675,28.35,low
0,4,9,0,0,0,beach,Tokyo,clouds,2.9773392293903234,70.22111155424727,5.47,low
21,1,7,0,0,0,transport_hub,Istanbul,rain,34.96003203961366,20.058190221824546,28.56,low
2,3,3,0,0,0,transport_hub,Paris,clear,22.495080727198857,48.90592264065975,2.46,low
21,1,1,0,0,0,beach,Sydney,clear,27.433544759682384,71.95477919523731,9.29,low
0,3,3,0,0,0,tourist_spot,Istanbul,clear,3.145889912980988,41.33971905258883,6.11,low
23,5,3,1,0,0,museum,Paris,fog,33.242320571376155,59.33337507816214,3.44,low
3,1,7,0,0,0,restaurant,Paris,snow,15.434949379644003,38.230474305262376,6.26,low
3,1,6,0,0,0,beach,Dubai,fog,3.5437993787056854,81.2975159762715,1.71,low
13,2,12,0,0,0,tourist_spot,Barcelona,fog,39.73043930538289,76.90590546846632,61.22,medium
5,1,7,0,0,1,beach,Singapore,clear,28.581426289163574,31.744474521347506,49.56,medium
23,6,1,1,0,0,museum,Amsterdam,rain,25.290944931851453,54.35760450220387,13.56,low
13,1,12,0,0,0,park,Paris,clouds,28.476833337863855,22.15837357161231,23.78,low
7,5,7,1,0,0,tourist_spot,Bangkok,fog,23.35953164959278,94.14842242544124,63.93,medium
3,0,1,0,0,0,park,Barcelona,fog,16.46624429865199,86.87740669367693,0.0,low
12,5,9,1,0,0,shopping_mall,Rome,snow,20.604086435800117,51.33922374776027,63.8,medium
2,1,1,0,0,0,transport_hub,Singapore,clear,14.17293680641273,23.40753608444386,0.0,low
19,3,11,0,0,0,transport_hub,Bangkok,rain,30.01976254266644,57.78355366484142,36.13,medium
20,1,10,0,0,1,shopping_mall,London,clouds,13.979598739521496,82.61708473488214,34.31,low
13,2,12,0,0,0,transport_hub,London,snow,19.284438727677433,38.14656500803038,43.66,medium
6,5,11,1,0,0,museum,Bangkok,fog,23.676106865037898,32.06662068496417,20.94,low
3,3,3,0,0,1,transport_hub,Rome,clouds,10.504847367044196,24.31827668389065,8.11,low
9,3,1,0,1,0,transport_hub,Barcelona,clear,11.83149593766152,94.44142496102529,49.58,medium
23,6,6,1,0,0,tourist_spot,Amsterdam,fog,22.721139742921554,57.19816062681093,31.81,low
14,0,10,0,0,0,restaurant,Dubai,clouds,3.8958687757634447,36.09163359544589,33.75,low
9,2,7,0,0,1,restaurant,Dubai,clear,11.64198792678166,43.465350917012515,35.4,medium
9,4,9,0,0,0,restaurant,Paris,rain,39.66358827595081,62.479516544439214,33.15,low
13,6,10,1,0,0,transport_hub,Rome,snow,24.767889528432715,71.9890277802859,58.02,medium
3,1,1,0,0,0,beach,New York,clouds,13.09225488657843,50.31653355193517,11.5,low
5,2,1,0,1,0,market,London,clouds,11.478798699066925,47.921024364740575,16.55,low
14,1,4,0,0,0,museum,New York,rain,29.463153494441478,81.95493243395975,53.22,medium
16,4,4,0,0,0,market,Dubai,clear,16.512709677978435,52.35173339589193,48.36,medium
17,3,12,0,0,0,museum,New York,clouds,22.133010415408872,77.84930862974986,55.32,medium
20,5,5,1,0,0,tourist_spot,Sydney,clouds,13.055401188294606,55.52265058694857,59.75,medium
10,1,9,0,0,0,park,Rome,clear,31.969789259755913,39.46412065666897,26.14,low
4,6,7,1,0,0,park,Dubai,snow,2.8198636306274993,85.12297566690825,40.08,medium
14,0,8,0,0,0,museum,Rome,clouds,33.50392664539031,85.36156578541366,58.32,medium
1,4,6,0,0,0,market,Bangkok,fog,36.80346735226221,79.09897039915715,6.09,low
7,0,9,0,0,0,beach,Paris,clear,37.22717487290841,79.09671006305975,4.57,low
18,0,5,0,0,0,museum,Tokyo,fog,12.613136722743183,91.10104954523877,31.49,low
21,6,11,1,0,0,market,Rome,snow,26.763227515537338,35.85637831471824,26.84,low
1,6,3,1,1,0,restaurant,Rome,clear,2.790421103140317,27.773345212003772,44.56,medium
20,6,7,1,1,0,museum,Rome,rain,27.89630314823132,37.359190335444566,80.34,high
20,5,11,1,0,0,museum,Singapore,clear,18.017437767551062,57.6746041855729,39.8,medium
0,2,3,0,0,0,park,Paris,snow,11.836487549716871,81.31461607478292,13.38,low
16,5,4,1,1,0,restaurant,Tokyo,clear,32.28960405400021,77.21955983550748,79.96,high
8,5,2,1,0,0,transport_hub,Singapore,clouds,26.45569443008801,55.42973898331272,18.82,low
1,0,10,0,0,0,shopping_mall,Istanbul,clouds,39.72509233276817,53.7300201499041,0.31,low
19,3,9,0,0,0,shopping_mall,Paris,clouds,4.261704894309917,37.15695190793895,24.36,low
9,4,9,0,0,0,museum,New York,snow,2.8323349369487127,82.50917579157743,30.78,low
7,1,1,0,0,0,market,Bangkok,snow,37.612126787116416,72.71173081131863,8.69,low
1,0,7,0,0,0,transport_hub,Singapore,snow,27.41780395403978,22.715427660130445,0.0,low
17,4,1,0,0,0,beach,Amsterdam,snow,6.629744566118467,36.93945549214155,4.9,low
12,1,2,0,1,0,park,Paris,snow,20.842146098615437,54.79093570231298,22.09,low
17,4,11,0,0,0,beach,Amsterdam,fog,20.350623205997238,58.75733692348173,24.57,low
0,0,4,0,0,0,restaurant,Bangkok,clear,36.854127017269604,54.19961769018269,0.0,low
0,1,4,0,0,0,museum,Singapore,clouds,12.527945212758183,88.05898527239019,18.76,low
6,5,9,1,0,0,restaurant,Paris,clear,35.39868595417868,53.17623107132525,42.15,medium
22,4,8,0,0,0,beach,Paris,rain,6.8088480597477075,26.961916723130003,8.01,low
9,4,10,0,0,0,museum,Barcelona,fog,11.172642477586749,37.42715867234031,30.95,low
21,0,11,0,0,0,park,Amsterdam,snow,37.02471117450093,48.05192038796275,0.0,low
7,2,6,0,0,0,museum,Singapore,clear,29.075709055107325,47.01448234383189,35.57,medium
1,6,1,1,0,0,park,Sydney,fog,15.389072485717454,50.316384870529205,36.72,medium
6,4,12,0,0,0,beach,Istanbul,fog,33.25886888991654,37.65185283707398,7.55,low
6,1,4,0,0,0,park,Bangkok,clouds,19.812397276656903,74.2080813006888,13.29,low
23,2,7,0,0,0,transport_hub,Dubai,rain,9.744053135989184,66.63005964091076,8.6,low
21,5,5,1,0,0,beach,Dubai,clear,3.129635450551791,89.40413524897333,50.87,medium
8,0,9,0,0,0,restaurant,Tokyo,snow,15.620677006339552,90.2919190936041,16.07,low
0,4,3,0,0,0,transport_hub,Barcelona,clear,9.159820027576838,43.95725033944893,3.31,low
4,4,9,0,0,0,museum,Istanbul,clouds,15.728059022869454,80.86002360327984,0.0,low
19,1,7,0,0,0,restaurant,Barcelona,snow,8.345036750915732,64.4397215927661,26.25,low
19,1,12,0,0,0,shopping_mall,Paris,rain,25.13568420585638,44.57432096486122,30.77,low
0,5,5,1,0,0,restaurant,Sydney,rain,19.017443864229378,82.99459840107082,29.75,low
23,1,4,0,0,0,beach,Bangkok,fog,14.4846344954235,29.460738825241144,3.99,low
1,4,10,0,0,0,transport_hub,Paris,clouds,2.1438384077215122,23.593283705492972,0.0,low
3,3,3,0,0,0,tourist_spot,Tokyo,snow,2.8165277380013354,63.906486663784705,0.0,low
17,6,7,1,0,0,park,Rome,fog,3.276026886497454,91.0669121263847,51.72,medium
0,3,8,0,0,0,tourist_spot,Amsterdam,fog,30.551260469322592,59.81418471058519,11.25,low
21,0,11,0,0,0,beach,Sydney,fog,19.122852423148366,34.74816129013176,0.0,low
2,4,8,0,0,0,tourist_spot,Rome,fog,27.050761249353883,90.79516405930133,10.6,low
20,6,4,1,0,0,restaurant,Amsterdam,rain,28.985573476252235,25.265546556138474,55.29,medium
4,6,5,1,0,1,museum,Dubai,clouds,3.264448799571178,74.54262754919898,38.21,medium
9,6,2,1,0,0,museum,Singapore,clouds,6.221626457447793,51.00949968870641,20.45,low
22,5,4,1,0,0,beach,Sydney,fog,36.52243424227114,65.7116905177319,38.55,medium
13,2,3,0,0,0,shopping_mall,Bangkok,clouds,31.262094848574748,69.98188655882318,36.99,medium
18,0,1,0,0,0,restaurant,Amsterdam,rain,35.98797039200673,31.188873398403363,11.12,low
12,4,10,0,0,0,shopping_mall,Tokyo,fog,23.326934355508303,65.37600437871058,33.88,low
18,0,10,0,0,0,transport_hub,New York,rain,24.596029643557756,77.12077427129988,50.64,medium
9,3,9,0,0,0,park,London,snow,29.185840649047066,52.62546984886506,16.41,low
3,1,4,0,0,0,museum,Rome,clouds,17.043427305669766,21.82311345171172,0.0,low
16,1,12,0,0,0,tourist_spot,Barcelona,snow,13.35774729170323,72.68603843509405,19.35,low
21,4,9,0,0,0,tourist_spot,Amsterdam,clouds,21.225865924033283,89.68034726181058,30.82,low
5,2,2,0,0,1,transport_hub,Sydney,clouds,38.1811879247944,91.52870589981632,26.79,low
5,1,4,0,0,0,museum,Bangkok,snow,0.8994931627405034,30.931565346342584,8.64,low
16,0,11,0,0,0,park,Tokyo,clear,12.778997225970187,69.34204590650003,17.14,low
18,6,8,1,0,0,shopping_mall,Singapore,snow,31.866218915954285,34.66740217151734,72.69,high
15,1,1,0,1,0,transport_hub,Barcelona,clouds,18.057560106942752,71.16422274261996,72.88,high
2,3,3,0,0,0,shopping_mall,Amsterdam,snow,18.241984251692728,36.38134943907186,7.27,low
13,6,6,1,0,0,market,Barcelona,snow,4.162918062034269,32.02345082430236,64.62,medium
9,6,7,1,0,0,market,London,clear,14.45974987683378,91.71805086503441,48.53,medium
23,2,2,0,0,0,market,Sydney,rain,22.34477881768804,58.345727026278695,1.05,low
5,2,8,0,0,0,museum,Paris,fog,3.3289817487492623,67.7507526658718,14.84,low
22,2,8,0,0,0,beach,Barcelona,rain,5.9738359403288355,20.200203138554222,0.13,low
0,1,5,0,0,0,museum,Sydney,clear,5.5090697243124165,55.24702168258892,2.97,low
2,1,11,0,0,0,beach,Amsterdam,snow,17.195278633246552,86.60175279304791,0.7,low
12,5,10,1,0,0,transport_hub,Tokyo,rain,3.6549763931129053,73.20309103624011,49.59,medium
11,2,1,0,0,0,museum,Paris,fog,21.51064657228693,39.19496210851071,18.72,low
4,3,5,0,0,1,beach,New York,clear,39.84130127781534,30.09802806880432,22.95,low
10,6,9,1,0,0,tourist_spot,New York,fog,28.215576679830132,34.28004987705437,69.47,high
21,3,10,0,0,0,market,Amsterdam,snow,8.188455275987279,28.60460194606945,20.0,low
18,2,3,0,1,0,market,Dubai,fog,16.621713849742473,49.729646195348465,35.73,medium
13,5,5,1,0,0,beach,Sydney,fog,27.042451889976483,20.693730590154917,81.02,high
0,6,7,1,0,0,park,Barcelona,rain,0.75439554141008,27.469265033990574,14.89,low
8,6,2,1,1,0,shopping_mall,Paris,fog,31.55115805100822,44.84658763873523,86.07,high
3,5,1,1,0,0,transport_hub,Istanbul,snow,5.708051198752768,90.90281308416695,0.0,low
5,0,12,0,0,0,tourist_spot,Sydney,clear,0.24284759695861524,81.35872808368416,9.78,low
19,2,11,0,0,0,beach,Sydney,snow,28.75350438738952,34.635649577995224,14.09,low
5,6,12,1,0,0,transport_hub,Barcelona,clouds,5.326364833312902,79.48874949270015,8.04,low
1,3,7,0,0,0,transport_hub,Dubai,clouds,25.91686560066153,67.69707655766643,5.2,low
11,0,8,0,1,0,park,Istanbul,rain,16.183675579535006,90.38146425403414,38.11,medium
6,4,11,0,0,0,transport_hub,Paris,clear,13.184482388583865,31.936801756026977,0.0,low
10,1,11,0,0,0,beach,New York,fog,7.086731613238437,23.028262716372907,24.85,low
14,5,3,1,0,1,park,Dubai,clouds,14.349775553447497,87.68071569519867,55.85,medium
0,6,6,1,0,0,shopping_mall,Tokyo,snow,35.5538758187132,83.2545990736214,24.77,low
5,6,5,1,0,0,restaurant,Barcelona,rain,30.72669097632665,69.55631591240171,45.33,medium
19,0,1,0,0,0,market,Paris,rain,17.718186772219884,53.368799926298884,16.35,low
19,2,9,0,0,0,museum,Tokyo,snow,31.89923898823618,36.762475865886415,24.49,low
9,2,12,0,0,0,transport_hub,Singapore,clouds,10.004564918618941,77.52907220347714,36.22,medium
3,4,12,0,1,0,museum,Bangkok,fog,33.95472954411656,92.59848669018982,47.53,medium
14,1,8,0,0,0,tourist_spot,Tokyo,clouds,31.063505770297652,35.10631537749376,50.52,medium
16,3,12,0,1,0,beach,Paris,fog,18.340255747027086,71.05690401885659,53.36,medium
4,0,3,0,0,0,restaurant,Paris,snow,36.1001542525969,75.53551825703977,13.48,low
23,5,9,1,0,0,shopping_mall,Sydney,fog,4.205301890790816,87.97722518203052,46.54,medium
22,5,12,1,0,0,beach,Paris,clouds,27.070358540341253,76.11262090932755,43.05,medium
21,4,6,0,0,0,transport_hub,New York,fog,20.48407208817125,58.43971452785346,24.09,low
17,0,4,0,0,0,park,London,snow,9.708509162410959,73.38232009263767,30.54,low
0,6,8,1,0,0,tourist_spot,Singapore,fog,23.295697563951588,65.87896159830683,35.79,medium
9,2,11,0,0,0,park,Barcelona,rain,12.388274454207355,28.273949762805742,14.25,low
14,0,2,0,0,0,beach,Sydney,clouds,5.417508895874432,68.01871391265746,15.11,low
9,6,12,1,0,0,restaurant,Rome,rain,4.365006890705008,49.324939864310934,51.81,medium
7,4,9,0,0,0,transport_hub,Sydney,fog,24.448956106819118,44.70423688449231,19.84,low
20,2,10,0,0,0,tourist_spot,Singapore,fog,14.5549707133417,84.13040290450253,33.45,low
16,4,4,0,0,0,restaurant,Amsterdam,snow,31.894728407908673,25.403252157429236,49.01,medium
16,3,5,0,0,0,park,London,clear,38.20980509919633,35.78869319900265,36.11,medium
20,3,3,0,0,0,museum,Amsterdam,snow,3.7567773104195057,89.09044013512256,14.07,low
6,6,10,1,1,0,transport_hub,Amsterdam,clear,21.38405925569296,49.092815099582936,53.61,medium
4,4,6,0,0,0,restaurant,London,fog,0.546161602823827,87.81424871967569,4.51,low
18,3,2,0,0,0,transport_hub,New York,rain,1.7287217760221374,34.04652868818956,36.7,medium
4,3,3,0,0,0,beach,Barcelona,snow,27.774230143717453,73.32014001776346,12.52,low
9,0,5,0,0,0,shopping_mall,New York,clear,38.74315623282162,38.42503096973802,24.36,low
15,1,5,0,0,0,museum,Rome,fog,1.3351930931687495,38.2269238179705,46.74,medium
10,6,1,1,0,0,transport_hub,Barcelona,clear,5.951860856040669,23.071588321257344,32.35,low
15,2,4,0,0,0,park,Tokyo,rain,37.33390563516822,47.033839130923596,1.23,low
15,5,10,1,0,0,beach,Tokyo,clear,9.971261598816973,69.70039684161475,71.41,high
20,2,4,0,0,0,market,Singapore,clear,12.997109302778158,52.81995974571048,43.47,medium
3,6,2,1,0,0,market,New York,fog,26.248609933282342,67.42403143630253,0.0,low
12,0,1,0,0,0,park,Rome,rain,0.17483828568753967,39.25024224686159,10.0,low
10,5,1,1,0,0,transport_hub,Sydney,clouds,8.489839346913332,44.96227180326576,41.72,medium
15,4,1,0,0,0,shopping_mall,Singapore,fog,12.464537597576362,79.51891385934547,27.98,low
20,4,8,0,0,0,market,Singapore,clouds,24.0242409890045,39.7139712115978,35.84,medium
1,5,2,1,0,0,tourist_spot,Dubai,clouds,15.08118650939247,69.55170880056033,3.97,low
13,3,5,0,0,0,tourist_spot,New York,clouds,22.56935103062469,48.08935564881054,68.36,high
21,0,12,0,0,1,tourist_spot,Bangkok,fog,36.640318471857086,21.781774079997238,42.01,medium
10,3,3,0,1,0,museum,New York,clouds,8.351404444233,43.20040368191976,47.54,medium
14,3,2,0,0,0,beach,Sydney,clouds,15.295701975322222,74.60868817226162,31.17,low
20,2,7,0,0,0,restaurant,Amsterdam,clouds,25.40772403930674,82.93096751304424,29.67,low
5,6,9,1,0,1,beach,Amsterdam,clear,0.9956209303092756,26.37797629066673,63.09,medium
13,0,6,0,0,0,tourist_spot,Paris,clouds,20.43631411587404,68.92758250048442,71.83,high
23,5,4,1,0,0,park,New York,clear,24.817701148885426,44.31128574032087,47.97,medium
17,6,7,1,0,0,shopping_mall,New York,clouds,7.740627274133529,31.90845688412126,76.79,high
16,2,11,0,0,0,tourist_spot,Tokyo,clouds,23.076858685435738,23.97619376044912,48.88,medium
8,2,10,0,0,0,beach,Istanbul,fog,5.49416832347263,86.07794143487796,13.02,low
13,3,5,0,0,0,tourist_spot,Sydney,clear,35.44466103026714,91.31058923822049,77.0,high
4,0,3,0,0,0,park,Barcelona,snow,22.00449212365639,72.11576442268216,3.24,low
15,2,4,0,0,0,park,Paris,fog,12.723215961024543,55.10770394922133,24.5,low
13,3,2,0,0,0,museum,New York,fog,18.150410936324526,89.09597915773458,25.59,low
9,3,7,0,0,0,market,Bangkok,fog,31.865956481964552,30.99707198901894,37.3,medium
21,2,2,0,0,0,museum,Istanbul,snow,17.501873680009183,20.098235537260837,7.64,low
15,2,7,0,0,1,museum,Amsterdam,snow,28.6894134872598,60.706155923368996,62.14,medium
6,1,1,0,0,0,museum,Istanbul,snow,39.978277823910126,92.70605854873274,0.08,low
11,1,8,0,0,0,museum,New York,fog,4.928427302872325,33.065013714676425,39.98,medium
4,0,9,0,0,0,transport_hub,London,rain,15.956382689417378,21.350431377854655,19.64,low
19,0,8,0,0,0,museum,Sydney,rain,20.891979169843218,20.20723078267388,48.38,medium
3,3,12,0,0,0,shopping_mall,Paris,snow,35.93648317538849,47.526429949635656,16.26,low
15,3,2,0,0,0,shopping_mall,Amsterdam,clear,11.409276741211162,41.373594492350996,19.47,low
13,4,8,0,0,0,transport_hub,Istanbul,snow,6.066649749313799,88.4008920343616,59.37,medium
2,0,2,0,0,1,tourist_spot,Barcelona,clear,37.00615555063003,23.843123657415944,17.14,low
1,2,4,0,0,1,museum,Singapore,rain,14.88896013738669,31.144794904449345,9.37,low
9,0,11,0,0,0,shopping_mall,New York,clouds,24.71094464529311,22.457908214204977,17.15,low
21,3,1,0,0,0,market,Sydney,snow,24.97481190876837,65.22845641153177,21.92,low
20,0,10,0,0,0,shopping_mall,Amsterdam,rain,34.72624468777958,51.669571243947985,18.83,low
23,5,9,1,0,0,shopping_mall,Istanbul,clouds,15.343114037247481,70.8650992142727,40.23,medium
23,5,9,1,0,0,park,Amsterdam,clear,16.178541566197108,28.475434788999287,45.59,medium
14,4,8,0,0,0,park,Paris,rain,35.9228527532117,34.07406492439404,35.19,medium
19,5,4,1,0,0,restaurant,Singapore,snow,30.857855315019982,71.50452774460884,37.46,medium
12,1,4,0,0,0,museum,Istanbul,snow,0.19193972274144322,59.76458869142307,54.49,medium
15,6,12,1,0,0,museum,Singapore,clear,20.838599591933086,66.15327495536991,76.22,high
16,6,2,1,0,1,museum,Rome,fog,38.240103369798454,79.772283213628,50.02,medium
12,2,5,0,0,0,market,Rome,rain,10.621332028717102,22.010689246433273,53.18,medium
18,0,9,0,0,0,beach,London,rain,12.693517251419163,93.05107085483442,17.47,low
3,1,8,0,0,0,museum,Tokyo,clear,20.723127237541913,80.0510627178372,0.0,low
17,0,3,0,0,0,park,Bangkok,fog,26.732481418688785,74.51719816113282,13.66,low
7,6,9,1,0,0,market,Tokyo,fog,20.003203948142662,35.72335011455154,25.05,low
14,0,11,0,0,1,restaurant,Amsterdam,fog,35.38998966103692,31.08475326931533,68.19,high
8,6,3,1,0,0,market,Barcelona,snow,5.370227995113104,45.120985611283515,31.88,low
9,1,12,0,0,0,market,Sydney,snow,21.922434229988784,27.64809700749533,37.76,medium
4,6,9,1,0,0,museum,Rome,rain,21.59329541922833,53.51423310397962,18.09,low
0,1,1,0,0,0,park,New York,snow,19.271158790903744,61.07324942137165,0.0,low
21,4,9,0,0,0,shopping_mall,New York,snow,7.326461225460914,45.196177252755696,35.06,medium
8,4,2,0,0,0,transport_hub,New York,clouds,34.570899290662865,82.91943588919425,10.65,low
16,2,9,0,0,0,shopping_mall,Sydney,fog,18.825485208822155,41.98955432257466,34.08,low
16,6,12,1,0,0,park,Singapore,clear,0.1708558546145733,88.8550477532912,65.61,high
23,4,5,0,0,0,restaurant,Bangkok,clear,38.50243973793594,52.62231583632252,14.95,low
14,3,12,0,0,0,transport_hub,Amsterdam,fog,15.075075893346256,38.68967964272899,49.87,medium
0,6,9,1,0,0,museum,New York,fog,11.784238659893575,65.30321168288651,27.59,low
23,3,3,0,0,0,transport_hub,Bangkok,clear,16.383580432648778,80.24880729730961,10.94,low
22,4,5,0,0,0,market,Istanbul,clear,32.45559825460135,22.11671534398433,27.25,low
10,6,3,1,1,0,park,Dubai,rain,4.0855241950653065,22.63424113280307,31.34,low
4,0,12,0,0,0,shopping_mall,Amsterdam,clouds,8.527193020879235,52.99944715214257,0.0,low
5,3,11,0,0,0,shopping_mall,Tokyo,clouds,18.26273050075914,85.57533239134247,13.06,low
6,6,3,1,0,0,museum,Tokyo,clear,27.941140238742896,56.86570481091595,34.16,low
17,6,7,1,0,0,shopping_mall,Dubai,clear,16.647856854669527,43.92124628477979,64.02,medium
11,2,11,0,0,0,transport_hub,Dubai,clouds,13.044138463929551,82.50355260248395,40.61,medium
16,2,3,0,0,0,tourist_spot,New York,fog,7.040823500927846,30.46323705987622,28.8,low
21,5,6,1,0,0,beach,Bangkok,rain,24.5381102778044,49.2584957122795,32.78,low
16,2,9,0,0,0,park,New York,clouds,33.62794623750914,94.26113539555583,37.62,medium
1,2,4,0,1,0,transport_hub,New York,clear,33.5894032342767,32.56713484292363,18.95,low
17,6,9,1,0,0,shopping_mall,Tokyo,clouds,6.373683189739037,21.25779353528385,59.33,medium
12,6,3,1,0,0,beach,Rome,snow,29.958883369126966,60.88550455264689,39.07,medium
13,4,5,0,0,0,transport_hub,New York,fog,15.148761862980532,22.17951874567674,44.66,medium
4,2,9,0,0,0,tourist_spot,Dubai,snow,9.059867808569022,40.14782117919895,0.0,low
23,2,3,0,0,0,tourist_spot,Bangkok,fog,8.874569316494402,67.82950801772736,11.07,low
20,3,12,0,0,0,transport_hub,Singapore,snow,38.16159267734709,29.679897236886465,24.63,low
15,6,4,1,0,0,tourist_spot,Paris,clouds,14.258114607846402,63.800843955846275,68.66,high
1,4,8,0,0,0,market,Singapore,clouds,13.775637094919295,89.33508337108785,7.42,low
0,1,4,0,0,1,park,Istanbul,rain,6.095719734152367,45.66372193642956,28.67,low
13,1,10,0,0,0,restaurant,Sydney,snow,11.726867289620987,27.799921603260024,34.13,low
17,3,5,0,0,0,museum,Barcelona,snow,34.569075490680085,49.97981842762512,44.31,medium
14,0,10,0,0,0,restaurant,Dubai,rain,0.40636816532014564,92.29322081358072,33.36,low
16,3,10,0,0,0,park,Istanbul,snow,8.28916376454005,73.3756622178382,11.25,low
2,6,10,1,0,0,market,Rome,rain,18.609797930127314,71.71038383862187,16.46,low
0,6,1,1,0,0,beach,New York,fog,12.511429662312192,83.02289325342957,21.07,low
8,5,11,1,0,0,market,Bangkok,snow,25.447201894270943,64.59798856994004,28.29,low
1,6,7,1,0,0,museum,New York,clear,38.20860810427041,63.19404727499125,18.73,low
22,6,1,1,0,0,museum,London,fog,34.685805964233516,48.19409043180612,22.97,low
7,2,7,0,0,0,restaurant,Barcelona,fog,35.64370092380505,61.10858185685836,9.51,low
1,5,3,1,0,0,tourist_spot,Tokyo,clouds,11.208140801699514,80.60873225204301,7.66,low
12,2,11,0,0,0,shopping_mall,Paris,snow,20.45975082127648,54.560547622411185,35.32,medium
12,2,11,0,0,0,transport_hub,Sydney,fog,27.873503540908928,63.6024533590968,41.6,medium
11,6,10,1,0,0,shopping_mall,Barcelona,fog,39.05050348277228,21.906353733147846,66.26,high
10,5,12,1,0,0,restaurant,Istanbul,clouds,25.261650408202065,53.23328333798773,54.15,medium
16,4,11,0,0,0,transport_hub,Rome,fog,13.798961920159979,32.03402561490171,45.96,medium
4,3,11,0,0,0,transport_hub,New York,clear,35.768802961330124,78.02300918638343,6.51,low
16,0,10,0,0,0,market,Tokyo,rain,2.6840432316834884,67.18642553860269,37.56,medium
2,5,7,1,0,0,park,Barcelona,rain,2.4016895305606756,35.33821115662913,14.75,low
4,6,11,1,0,0,shopping_mall,Amsterdam,fog,18.529176176333777,21.929047804078568,23.94,low
4,5,7,1,0,0,park,Paris,rain,9.678895524830477,74.26215786702491,24.81,low
5,0,4,0,1,0,park,Rome,clouds,39.94673334744683,52.73810012278235,22.61,low
20,0,10,0,0,0,tourist_spot,Sydney,clouds,3.5418837734284025,61.375799235614885,14.11,low
11,2,2,0,0,0,market,Barcelona,rain,2.445224734366551,22.018224419455848,30.53,low
19,4,5,0,0,0,park,Tokyo,clouds,12.996699602152923,50.49772233226955,47.15,medium
17,2,3,0,0,0,museum,Tokyo,rain,29.194436066566148,37.49175745732306,34.24,low
22,1,5,0,1,0,transport_hub,Singapore,clouds,27.424730844322664,52.43040071347981,33.43,low
14,3,6,0,0,0,beach,Dubai,clouds,11.614165252264307,29.631661204234433,36.24,medium
4,5,4,1,0,0,tourist_spot,New York,clouds,39.75728131049523,22.95751099973932,22.47,low
18,0,10,0,1,0,park,Dubai,fog,24.093674138408687,61.70435008315503,48.74,medium
16,0,10,0,0,0,museum,Sydney,snow,14.418544816310192,34.119193023266575,27.34,low
3,3,8,0,0,0,tourist_spot,Dubai,clouds,15.702203501530176,62.11909122414517,7.22,low
6,3,12,0,0,0,museum,Singapore,clouds,35.24006124215651,66.95264793859369,14.62,low
1,1,5,0,0,0,park,Istanbul,clear,3.403045538468712,84.36931806906757,0.0,low
22,3,8,0,0,0,museum,Sydney,fog,19.165344324875534,22.68235336303307,16.18,low
3,0,1,0,0,1,restaurant,Istanbul,clouds,9.960615716108926,91.45140439216773,36.46,medium
18,1,9,0,1,0,transport_hub,Bangkok,snow,35.77463493324477,55.60619434525076,74.22,high
11,6,2,1,0,0,tourist_spot,Istanbul,rain,6.139843868644821,73.0614675169792,23.23,low
14,1,10,0,1,0,market,London,snow,8.358702694675895,49.57804539767884,54.56,medium
21,2,7,0,0,0,shopping_mall,Amsterdam,clear,38.896792487137446,70.38784150649971,19.48,low
10,5,2,1,0,0,shopping_mall,Paris,fog,34.388546279515666,35.433069724828165,47.71,medium
12,5,3,1,1,0,shopping_mall,Paris,fog,16.10374716341417,64.78969584926725,93.71,high
12,5,2,1,0,0,restaurant,Istanbul,clouds,18.44850094892538,22.19586332877293,43.0,medium
23,3,4,0,0,0,transport_hub,Dubai,clear,34.66591206582531,24.927602563620503,15.65,low
1,4,11,0,0,0,beach,London,clouds,33.775201150959965,79.9311076585033,0.07,low
10,0,2,0,0,0,shopping_mall,Rome,fog,22.08237653753098,66.7288418907327,18.67,low
5,6,10,1,0,0,restaurant,Singapore,clear,19.715500231535476,30.660547869987177,24.05,low
17,1,11,0,0,0,market,Amsterdam,rain,14.242828880657243,94.92021203242248,32.93,low
6,1,4,0,0,0,museum,Sydney,clear,36.773516330365545,58.95351804528275,19.18,low
7,6,6,1,0,0,beach,Singapore,clouds,19.56156259639622,49.72844459751682,58.82,medium
20,0,7,0,0,1,restaurant,New York,fog,9.415426674841205,39.15021209361538,30.36,low
16,6,1,1,0,0,park,Bangkok,rain,29.52217086541892,90.77976132466155,41.66,medium
3,4,9,0,0,0,beach,London,clear,16.012989350552843,27.92368713246757,2.86,low
11,2,12,0,0,1,market,Sydney,snow,20.53542354759862,20.365316595623828,65.91,high
3,5,4,1,0,0,park,Rome,rain,21.762005124312587,73.00502123959689,16.94,low
6,5,12,1,1,0,beach,Tokyo,fog,4.07909909096829,49.00328482544026,81.57,high
6,1,2,0,0,0,beach,Tokyo,fog,29.940629228455524,21.660145884022548,11.27,low
10,2,12,0,0,0,transport_hub,Istanbul,snow,36.390675979317535,33.15874573300694,55.65,medium
16,6,2,1,0,0,restaurant,Bangkok,rain,37.723411851777975,92.82176065014251,50.06,medium
15,4,8,0,0,0,shopping_mall,Tokyo,clear,35.0914003846931,70.74939072468754,51.08,medium
21,1,10,0,0,0,transport_hub,Rome,fog,16.410857077815912,51.799351439995064,16.68,low
7,0,1,0,0,0,tourist_spot,Tokyo,snow,5.5066726065241545,57.24072749285194,5.51,low
7,4,6,0,0,0,beach,Sydney,rain,27.618621617253023,68.87247897157849,11.06,low
23,5,4,1,0,0,restaurant,Bangkok,clouds,26.32480793777214,85.60655202084489,37.05,medium
10,4,8,0,0,0,shopping_mall,Paris,fog,1.1750664654053589,73.71019762264154,39.87,medium
2,4,8,0,0,1,beach,Amsterdam,rain,7.559035841185824,80.26461405298117,21.2,low
0,4,9,0,0,0,restaurant,Rome,rain,7.55277749049815,75.91288430311228,13.38,low
14,0,5,0,0,0,tourist_spot,Paris,clouds,37.11810218406095,44.80396854459951,55.84,medium
18,2,11,0,0,0,transport_hub,Istanbul,clouds,14.215978460038613,41.38128706052342,26.9,low
13,2,2,0,0,0,transport_hub,Rome,clear,30.06292423507549,55.69843499506047,37.88,medium
22,3,12,0,0,0,transport_hub,Bangkok,rain,0.31009643293294253,20.898562434453133,15.96,low
23,2,3,0,0,0,museum,Amsterdam,clouds,18.43829112647721,69.66979964626353,0.75,low
22,2,10,0,0,0,transport_hub,Sydney,rain,32.6445872811375,73.36991001639063,22.82,low
7,2,7,0,0,0,market,Bangkok,fog,28.737275925605413,71.51386705537311,23.39,low
1,4,12,0,0,0,tourist_spot,Tokyo,snow,37.83772352440352,29.408745923873827,1.45,low
19,6,12,1,0,0,park,Amsterdam,snow,2.995688539048116,75.38269667294304,18.75,low
8,4,2,0,0,0,park,Dubai,rain,28.224557605691828,67.7824856608033,0.0,low
10,4,9,0,0,0,transport_hub,New York,fog,8.530697668609989,32.67364863744169,47.13,medium
15,6,7,1,0,0,transport_hub,Bangkok,fog,4.987774389846549,35.6089008124235,46.94,medium
13,6,5,1,0,0,transport_hub,Bangkok,snow,18.894124059634297,82.09540409005486,74.6,high
16,4,12,0,0,0,market,Istanbul,clear,34.612186547489934,92.01004352536637,45.98,medium
21,1,2,0,0,0,park,Tokyo,clear,23.074309563881524,28.699515828217656,35.3,medium
3,4,3,0,0,0,museum,Rome,rain,28.502559557448578,26.12944157859498,19.29,low
18,5,4,1,0,0,restaurant,Paris,snow,12.137247673410737,74.85908562361061,51.25,medium
15,6,11,1,0,0,restaurant,Istanbul,fog,34.319146767716035,77.40457326349721,45.35,medium
5,4,12,0,0,0,restaurant,Singapore,snow,22.382714353409582,82.90867718194889,11.56,low
14,1,5,0,0,0,tourist_spot,Paris,fog,25.300920649478314,45.54777110493767,76.8,high
10,6,6,1,0,0,museum,New York,fog,22.024055710110723,32.25683843062353,58.65,medium
12,6,6,1,0,0,shopping_mall,Sydney,clear,26.63376879866906,50.8951054111195,63.21,medium
4,3,1,0,0,0,beach,Barcelona,clouds,8.600310632271988,62.83181558172435,0.0,low
14,3,1,0,0,0,museum,Bangkok,fog,4.336694111983763,73.79593856697744,36.01,medium
6,5,1,1,0,0,shopping_mall,Paris,fog,0.8469991228037976,23.498236356718056,27.97,low
15,4,9,0,0,0,tourist_spot,Dubai,snow,28.201949525986162,52.598269591923874,41.82,medium
7,3,8,0,0,0,market,Paris,clear,35.57207849327309,58.613723163257376,10.0,low
16,4,10,0,0,0,park,Sydney,snow,12.178737384326737,53.01935579547576,0.0,low
21,4,2,0,0,0,market,Sydney,clear,31.937734272002295,70.48982195378206,26.36,low
10,0,10,0,0,0,beach,Barcelona,snow,14.418024920517723,40.713250202953205,7.65,low
16,1,9,0,0,0,market,Dubai,fog,19.065161519466276,46.251873189672295,21.25,low
6,4,2,0,0,0,park,Barcelona,clouds,17.49853222816246,33.46634238802003,5.06,low
7,1,9,0,0,0,tourist_spot,London,snow,36.16114296188626,45.898495039994174,21.13,low
14,0,1,0,1,0,restaurant,London,clear,18.45785938307218,78.14565559105064,41.82,medium
1,3,9,0,0,0,beach,London,snow,5.865512981205021,31.136414635048958,0.0,low
12,5,4,1,0,0,shopping_mall,Barcelona,rain,8.004226828273442,77.0042246763838,64.6,medium
18,5,8,1,0,0,tourist_spot,Paris,rain,35.1896355181758,49.95803322084045,41.72,medium
19,2,2,0,0,0,restaurant,London,snow,39.71637644108294,29.71388545787811,7.42,low
11,4,6,0,0,0,beach,New York,fog,5.592513947251296,78.98923547914228,25.78,low
15,5,8,1,0,0,market,New York,fog,1.4138019779555844,80.74348198031697,62.97,medium
23,4,4,0,0,0,tourist_spot,Paris,fog,26.19920081127176,38.82374785967485,18.21,low
6,4,2,0,0,0,shopping_mall,Paris,clouds,30.466531275705368,71.20998572024862,7.84,low
20,1,10,0,0,0,restaurant,Dubai,snow,38.73064758851812,29.591198541250463,9.64,low
15,1,10,0,0,0,tourist_spot,Rome,snow,20.95059180287921,73.31480594820394,28.79,low
11,2,10,0,0,0,museum,Singapore,fog,21.614150409866127,87.02340709636555,22.18,low
20,1,10,0,0,0,beach,Rome,rain,29.116256783008204,71.83706217114596,10.67,low
11,5,4,1,0,0,shopping_mall,Amsterdam,clouds,26.74868886391579,52.63071623967904,75.18,high
10,0,1,0,0,0,restaurant,Istanbul,snow,38.788880703094925,92.62186106436036,8.61,low
16,2,3,0,0,0,transport_hub,Sydney,clouds,22.243706945593562,67.67444234497223,33.56,low
1,2,8,0,0,0,restaurant,Sydney,fog,36.65159811882332,70.40976787985205,3.81,low
21,3,8,0,0,0,restaurant,Tokyo,clear,3.7841241341420684,58.235691026298845,25.7,low
21,5,8,1,0,0,beach,Barcelona,clear,29.099369057969284,29.582508168158192,59.92,medium
12,2,1,0,0,0,beach,Bangkok,fog,26.843776633564573,22.761765794794496,14.41,low
14,1,10,0,0,0,restaurant,Rome,snow,11.913718232166222,62.618099363710385,14.65,low
17,6,11,1,0,0,beach,London,fog,24.625512388058578,86.79331421705699,50.88,medium
7,5,1,1,0,0,transport_hub,New York,snow,6.108157963503409,44.39407707330007,36.74,medium
12,3,8,0,0,0,restaurant,Amsterdam,clouds,39.431510095188656,37.08890996681758,39.46,medium
8,0,9,0,0,0,transport_hub,Sydney,clouds,13.914653456325855,79.09064248805805,28.86,low
13,3,10,0,0,0,transport_hub,Bangkok,rain,18.797206001939713,58.51607692834007,50.58,medium
1,3,8,0,0,1,tourist_spot,New York,clear,32.266604585918174,55.08071225509865,14.9,low
12,3,7,0,0,0,beach,London,clouds,15.620862143281617,79.60471059821785,26.75,low
23,4,7,0,0,0,market,New York,clouds,20.199685231452452,40.09262865275904,22.59,low
19,6,8,1,0,0,museum,Bangkok,clear,23.21041230077814,22.50389553785779,64.04,medium
9,1,1,0,0,0,beach,Bangkok,clear,8.314908437777353,84.41432670460159,17.78,low
13,1,6,0,0,0,park,Rome,snow,22.304819490482856,62.82647853416376,10.2,low
6,5,12,1,0,0,shopping_mall,Dubai,rain,11.175725785304817,56.32578867956232,46.43,medium
1,5,3,1,0,0,tourist_spot,Sydney,clear,11.705428634670838,90.32825058577411,21.89,low
21,1,12,0,0,1,transport_hub,Amsterdam,clear,19.633696322026744,38.51936059953967,34.18,low
13,3,10,0,0,0,beach,Sydney,rain,31.71100294989587,71.64996178470635,24.81,low
17,6,8,1,0,0,shopping_mall,Dubai,rain,37.7353911318183,22.249583038975054,69.52,high
12,1,12,0,0,0,beach,Barcelona,clear,17.700082225298974,79.91357000205423,29.65,low
23,0,11,0,0,0,shopping_mall,Singapore,fog,21.589835137861026,37.729210468007864,0.0,low
8,5,4,1,0,0,restaurant,Rome,fog,20.32444933620434,66.42272324170276,30.03,low
1,2,5,0,0,0,beach,New York,clear,1.8031524156045853,84.54303240626031,4.97,low
18,0,10,0,0,0,beach,Rome,fog,6.615982432728322,89.7754173850406,7.75,low
7,2,11,0,0,0,transport_hub,Rome,fog,39.86983749630987,33.99985187887087,6.97,low
21,4,4,0,1,0,transport_hub,Bangkok,clouds,2.5399082914319715,59.08347536580728,37.3,medium
6,2,2,0,0,0,transport_hub,Rome,rain,0.027670831891986047,42.47412069928207,7.11,low
6,2,3,0,0,0,shopping_mall,Bangkok,rain,29.386212204100524,63.71291871510017,6.3,low
23,5,11,1,0,0,museum,Bangkok,clouds,13.521168543183721,93.87597211891342,19.51,low
23,3,9,0,0,0,beach,Istanbul,rain,16.35101309721489,57.703133585466276,0.0,low
2,2,12,0,0,0,tourist_spot,Paris,rain,20.84535169666345,36.62081734176201,0.0,low
11,2,8,0,0,1,market,Dubai,snow,20.624996815262833,43.67400699250855,74.11,high
0,5,1,1,0,0,market,Sydney,snow,20.746330920327217,27.94460139694706,6.1,low
2,1,2,0,0,0,market,Rome,snow,21.67908879895287,88.3415487640253,3.18,low
1,3,7,0,0,0,beach,Istanbul,clear,24.30341916328798,77.80439912065773,0.0,low
6,4,4,0,0,1,beach,Amsterdam,rain,4.832565657969354,27.116666439087844,22.14,low
7,3,8,0,0,0,beach,Dubai,fog,26.410571781532504,25.760218472980238,24.15,low
17,5,1,1,0,0,tourist_spot,Amsterdam,clouds,8.160298677425182,32.220213423229886,54.49,medium
22,2,7,0,0,0,transport_hub,Paris,clear,3.3491743068987834,92.21291973683512,11.7,low
6,6,8,1,0,0,market,Tokyo,rain,6.527735281503344,30.107685090279904,26.56,low
8,0,7,0,1,0,tourist_spot,Amsterdam,clouds,27.04889895708613,90.17253335318503,61.57,medium
15,4,4,0,0,0,transport_hub,Dubai,snow,17.958633677627628,60.56759719191401,45.96,medium
12,3,2,0,0,0,museum,Tokyo,clouds,31.55972897301251,75.54923441147889,31.36,low
20,3,2,0,0,0,restaurant,Paris,fog,14.823932332751903,25.507402920718988,12.99,low
15,1,11,0,0,0,museum,New York,fog,33.258495522505086,24.76042900721118,36.35,medium
3,4,3,0,0,0,market,Amsterdam,clouds,24.58324606530555,65.65254129068842,0.0,low
6,0,8,0,0,0,tourist_spot,New York,fog,20.318737855251484,57.14910144776617,5.59,low
1,3,5,0,0,0,beach,New York,rain,13.633745491514473,52.285610523990265,0.0,low
22,6,11,1,0,0,museum,Paris,snow,22.82882176721394,50.34210104132701,14.32,low
1,5,7,1,1,0,park,Barcelona,clouds,5.639270470897668,23.671489195459568,46.16,medium
13,3,8,0,0,0,tourist_spot,Dubai,rain,37.65698960096735,86.74675991207219,42.44,medium
8,4,1,0,0,0,park,Istanbul,snow,35.05771116647581,72.61019323507885,0.0,low
19,6,12,1,0,0,shopping_mall,Tokyo,fog,10.927005536810185,62.2942241611052,62.61,medium
8,1,9,0,0,0,transport_hub,Paris,clear,32.462201371682944,75.51518164523908,29.32,low
1,0,5,0,0,0,beach,New York,snow,15.93499047523689,64.55907599488377,0.0,low
21,6,8,1,0,0,transport_hub,Sydney,snow,24.335544104219082,40.563470615916344,38.56,medium
4,2,11,0,0,0,tourist_spot,Rome,snow,39.87251599149181,53.229694650155146,7.96,low
5,5,3,1,0,0,transport_hub,London,fog,16.24945543788352,49.29008096725849,4.05,low
19,1,3,0,1,0,transport_hub,London,snow,38.68766524961325,57.15267971473779,59.86,medium
20,3,6,0,0,0,beach,Tokyo,rain,15.012994077842535,58.90644832709922,4.7,low
0,6,8,1,0,0,market,Amsterdam,fog,38.29259526374473,26.360176459491075,17.93,low
12,5,2,1,0,1,market,Istanbul,snow,23.870564556745705,29.560603426807543,44.3,medium
17,1,2,0,0,0,beach,Singapore,clear,15.13915662688056,82.93903561176917,10.23,low
21,3,5,0,0,0,park,Paris,rain,19.889613971664165,29.91026565783568,3.78,low
22,2,3,0,0,0,market,Barcelona,clouds,13.608110890201196,45.617831849197145,8.39,low
1,5,2,1,0,0,tourist_spot,Dubai,fog,12.355992078841748,49.285920343494084,11.18,low
14,6,3,1,0,0,market,Tokyo,clear,6.0079506064220345,66.94530704616412,37.4,medium
10,0,8,0,0,0,restaurant,Tokyo,clear,14.858674382728951,51.02816772646732,30.12,low
19,6,12,1,0,0,restaurant,Rome,clouds,29.02405581409587,73.33308658948889,54.35,medium
19,4,1,0,0,0,museum,New York,fog,10.325723853440847,75.81277155851245,28.74,low
8,4,4,0,0,0,museum,Rome,fog,19.41910073518565,36.68341454038723,27.17,low
6,2,12,0,0,0,shopping_mall,Singapore,fog,34.95483288280275,23.384931994411133,3.64,low
3,3,6,0,0,0,museum,Bangkok,clouds,8.680430201317728,66.70316145214571,10.47,low
21,3,8,0,0,0,museum,Dubai,clear,32.1607386115391,62.51465595301222,12.15,low
9,5,6,1,0,0,market,Bangkok,snow,24.66208212221281,80.41494501860024,53.9,medium
21,3,8,0,0,0,transport_hub,Barcelona,snow,31.05207560782435,85.32073934385224,32.98,low
13,2,5,0,0,0,restaurant,Istanbul,fog,5.748243390149375,76.17390782974402,41.85,medium
20,6,5,1,0,0,market,Barcelona,clouds,12.87719076949331,44.52016926375502,38.75,medium
14,4,3,0,1,0,market,Dubai,clear,10.070613424900007,47.41425273776126,41.4,medium
23,5,7,1,0,1,market,Dubai,clouds,15.868404350523683,52.63611311820758,44.53,medium
22,0,1,0,0,0,tourist_spot,Dubai,fog,11.96912298230913,73.00769360529074,0.0,low
14,6,5,1,0,0,museum,Istanbul,clear,12.536237599732637,25.419140505053672,65.63,high
22,1,8,0,0,0,beach,Dubai,clouds,31.085423454661786,73.20109397336698,5.39,low
4,4,2,0,0,0,museum,Amsterdam,snow,28.47489383771357,90.54258217040422,11.69,low
8,2,9,0,0,1,restaurant,Paris,clear,11.094517982594807,41.46169116095007,40.15,medium
18,3,5,0,0,0,beach,Rome,snow,37.26293867967775,36.0150157673997,8.22,low
19,5,9,1,0,0,shopping_mall,Tokyo,rain,32.74751312823263,86.53730046560658,54.72,medium
14,4,8,0,0,0,market,Sydney,fog,3.6893954948039465,76.2503956513711,41.64,medium
20,5,7,1,0,0,park,London,fog,14.57186303701786,73.35794978369277,45.82,medium
11,1,12,0,1,0,beach,Amsterdam,fog,3.692811679205157,89.94436037326005,71.18,high
12,4,6,0,0,0,tourist_spot,Istanbul,clouds,22.907502529252596,31.50847906198785,55.53,medium
8,3,9,0,0,0,restaurant,Singapore,clouds,19.64176830739448,41.63495249117063,32.23,low
6,2,2,0,0,0,restaurant,Tokyo,clouds,24.08327797695786,39.802899783522534,11.83,low
14,4,2,0,0,0,tourist_spot,Rome,clear,29.27343336993482,85.87839260947236,51.95,medium
6,3,6,0,0,0,beach,Dubai,snow,34.34010669480846,39.187873978006294,0.5,low
0,6,4,1,0,0,restaurant,Bangkok,rain,0.14927317864006806,92.52343508374734,26.0,low
22,6,1,1,0,0,market,New York,fog,4.805848558383006,92.52903180997002,5.03,low
20,1,12,0,0,0,market,Tokyo,clouds,20.137812320988804,84.89087601660945,20.55,low
5,2,7,0,0,0,shopping_mall,Dubai,snow,10.457120152805718,79.28330526621662,8.95,low
6,2,9,0,0,0,restaurant,Paris,rain,39.93200058893181,52.31665039616835,17.41,low
21,0,6,0,0,1,tourist_spot,Bangkok,snow,14.092579778592903,37.37098140334751,23.41,low
6,2,7,0,0,0,park,Amsterdam,clouds,20.842044893316167,74.52531573015298,3.08,low
17,2,8,0,0,0,museum,Tokyo,rain,31.933500299750865,46.36131184068209,47.3,medium
8,1,6,0,1,0,market,Tokyo,snow,18.707301782766063,71.16570019443421,26.33,low
22,0,5,0,0,0,tourist_spot,Rome,clouds,10.096810944652276,91.22678767649114,21.36,low
2,4,4,0,0,0,beach,Istanbul,rain,29.52452241923432,81.52008113590153,0.0,low
22,1,10,0,0,0,transport_hub,Sydney,clouds,9.869757443559362,63.03562161775614,10.44,low
3,4,7,0,0,0,restaurant,Bangkok,snow,19.861789398570686,56.66458599255369,0.0,low
13,1,4,0,0,0,shopping_mall,Singapore,fog,31.532519924342456,51.885899643545564,36.19,medium
9,1,8,0,0,0,museum,Singapore,fog,13.841840094345454,78.08223252037106,37.67,medium
0,6,7,1,0,0,park,New York,snow,7.67954444899678,65.58542106687955,20.18,low
21,4,1,0,0,1,shopping_mall,Bangkok,clear,8.957753363188967,27.969668508123014,26.53,low
16,5,11,1,0,0,tourist_spot,Rome,clouds,10.044570118007465,66.3855941721893,49.82,medium
8,4,3,0,1,0,tourist_spot,Tokyo,fog,3.8899522424423605,90.03268490609157,56.43,medium
14,2,9,0,0,0,tourist_spot,Rome,fog,3.5824991293630104,93.59306956030588,71.75,high
7,0,5,0,0,0,tourist_spot,Bangkok,fog,26.65226883624984,49.032836920818646,27.72,low
1,1,7,0,1,0,beach,Tokyo,clouds,18.322769159437495,52.42613019731975,44.02,medium
21,3,8,0,0,0,market,Paris,snow,17.553268367325003,31.8673638789757,8.48,low
11,5,10,1,0,0,shopping_mall,Tokyo,rain,27.280964387634814,66.35468788191821,61.26,medium
15,4,6,0,0,0,shopping_mall,Paris,rain,24.743059306107437,82.51526193603681,36.22,medium
21,6,4,1,0,0,shopping_mall,London,clouds,34.00190604141616,20.3451767287159,30.68,low
13,3,8,0,0,0,transport_hub,Bangkok,fog,27.466685935943428,51.50757444332804,52.89,medium
1,6,3,1,0,0,transport_hub,Amsterdam,clouds,20.038178675920435,93.97325651807331,18.39,low
18,5,5,1,0,0,park,London,clouds,16.428881071152283,40.36564250497599,63.65,medium
1,2,5,0,0,0,market,Bangkok,snow,19.71178581054595,51.82228145283878,3.37,low
19,0,12,0,0,0,beach,Rome,fog,29.656662758364078,48.87581546922428,9.79,low
18,4,9,0,0,0,park,Singapore,rain,25.13428563152209,75.37075357806685,16.38,low
14,6,10,1,0,0,park,Barcelona,clouds,30.9861118687823,38.10031502098788,53.21,medium
5,1,5,0,0,0,tourist_spot,Dubai,fog,12.592822873143842,37.02430004720544,8.05,low
8,6,10,1,0,0,transport_hub,Paris,rain,34.67598406727583,22.440360247820006,19.65,low
16,1,5,0,0,0,tourist_spot,Barcelona,clouds,21.347118130884603,89.36846435232846,49.4,medium
6,4,8,0,0,0,market,Istanbul,clouds,15.190994531793551,93.20134066436417,9.29,low
1,3,6,0,0,0,park,Paris,snow,38.70361292449571,85.6605176300759,4.83,low
11,3,3,0,0,0,tourist_spot,Istanbul,clouds,39.57740923956748,39.317587188499616,29.68,low
10,0,1,0,0,0,museum,Paris,clouds,20.66101140691667,85.20119730362465,26.75,low
20,5,4,1,0,0,beach,London,rain,18.691164040903047,68.57891039571233,31.36,low
22,4,9,0,0,0,beach,Bangkok,clouds,34.284468874825045,30.236793143728157,23.3,low
6,5,5,1,0,0,shopping_mall,Rome,fog,2.147429498646325,91.61953472974108,43.54,medium
9,6,8,1,0,0,museum,Paris,clear,19.569321404758284,23.369047576341064,66.89,high
3,5,7,1,0,0,transport_hub,Tokyo,fog,35.24608864232417,55.68324292029149,4.8,low
15,3,10,0,0,0,restaurant,Dubai,clouds,0.8691178045023085,26.539629174537442,13.54,low
6,3,9,0,0,0,transport_hub,Singapore,rain,37.85921468527866,59.60786904583244,7.42,low
10,3,8,0,0,0,tourist_spot,Barcelona,clouds,7.429179477848509,55.050663181949396,66.32,high
16,5,2,1,0,0,shopping_mall,Barcelona,snow,3.4078576077547407,83.4603924570433,58.27,medium
17,0,12,0,0,0,museum,New York,clouds,15.965072787535345,27.11396198497826,50.23,medium
18,4,8,0,0,0,museum,New York,snow,23.92886657852167,64.11872710338828,56.35,medium
21,1,11,0,0,0,museum,Istanbul,clouds,9.938419013687785,50.841944144204675,18.44,low
14,6,5,1,0,0,tourist_spot,Barcelona,fog,0.46831115760767705,63.4084717553881,77.73,high
20,1,2,0,0,0,beach,Amsterdam,clear,10.693125140914077,57.196847816451985,13.97,low
16,1,4,0,0,0,restaurant,Dubai,rain,29.23004307416219,58.42177407945612,42.25,medium
0,2,7,0,0,0,restaurant,Rome,rain,17.31438038638132,84.95518386097433,0.0,low
9,1,11,0,0,0,tourist_spot,Rome,fog,7.388111208102921,24.331679612960173,47.22,medium
6,1,1,0,0,0,museum,Singapore,fog,26.528810794912296,49.24702491811772,4.02,low
7,1,9,0,0,0,museum,Bangkok,fog,24.96699735599034,82.14721944200619,29.96,low
8,6,9,1,0,0,tourist_spot,Dubai,fog,39.86062042189667,64.07177430518647,40.23,medium
6,1,1,0,1,0,market,Amsterdam,rain,33.78966650761542,81.86365969978904,20.69,low
13,2,6,0,0,0,tourist_spot,Tokyo,clouds,36.48323614864755,22.832311521619317,64.11,medium
19,5,5,1,0,0,beach,Bangkok,clear,32.900837031463645,32.38493523202156,62.21,medium
11,4,9,0,0,0,beach,Barcelona,clear,1.1740644097825514,64.79315912872575,35.01,medium
3,3,8,0,0,0,transport_hub,Rome,clear,27.304693300399542,35.636027934620955,9.25,low
0,4,6,0,0,0,museum,New York,fog,3.7367199535447915,93.22941455322434,0.0,low
0,3,12,0,0,0,tourist_spot,Rome,clear,21.26800243259415,72.48374829384426,0.0,low
12,0,12,0,0,0,market,Paris,clear,1.301306953017547,37.81353796462395,42.02,medium
11,6,2,1,0,0,park,Dubai,snow,20.64821194378006,53.25987612259788,23.48,low
19,5,5,1,0,0,shopping_mall,London,fog,6.0144371601627,82.32707745396908,66.14,high
20,6,12,1,0,0,transport_hub,London,clear,3.385828595097098,31.761053178097775,46.3,medium
21,6,5,1,0,0,restaurant,Dubai,snow,34.07807264670852,64.0161157520688,43.22,medium
16,0,4,0,0,0,transport_hub,New York,rain,27.42244524324021,78.05039174549273,58.19,medium
21,4,6,0,0,1,museum,Barcelona,fog,20.53208056805536,63.139063617152296,44.87,medium
10,3,9,0,0,0,park,Rome,snow,27.008285164596803,45.39381273923048,10.69,low
9,2,12,0,0,0,park,Sydney,rain,20.416840783389986,30.21727211088337,0.0,low
9,0,9,0,0,0,beach,Istanbul,clouds,1.0704873334228138,89.95823877901233,19.46,low
19,0,2,0,0,0,transport_hub,Barcelona,fog,30.94360021774638,35.77475538566743,24.61,low
16,2,12,0,0,0,museum,Paris,clouds,17.865468096327568,78.19731298633035,49.76,medium
14,4,11,0,0,0,shopping_mall,Amsterdam,snow,22.976956627929145,33.493974713573586,36.95,medium
22,1,10,0,0,0,museum,New York,snow,11.538322489458558,64.00959768084842,1.57,low
15,0,9,0,1,0,shopping_mall,Sydney,snow,11.400910578419516,44.82004513556546,75.98,high
19,6,1,1,0,0,park,Dubai,fog,16.64218707735691,87.22911424850203,38.97,medium
13,1,4,0,0,0,beach,New York,fog,16.870940822062202,83.40907317879365,41.97,medium
4,6,5,1,0,0,transport_hub,Barcelona,rain,37.20516865514397,78.23924268618401,19.45,low
14,5,3,1,0,0,park,Sydney,clear,4.956996375989453,31.61484787870193,63.24,medium
15,0,6,0,0,0,market,Amsterdam,rain,2.510148269508421,41.227009305936754,45.48,medium
3,3,1,0,0,0,restaurant,Rome,clear,11.316707122439823,47.340276913562775,3.59,low
7,0,7,0,0,0,park,Barcelona,rain,14.541221238265063,52.63561211605749,17.2,low
3,0,7,0,0,0,beach,Dubai,clouds,31.773279598381663,89.58443652355696,0.0,low
22,3,5,0,0,0,beach,Bangkok,fog,24.510458217895437,76.89706895935079,5.52,low
23,5,11,1,0,0,museum,Paris,clear,3.1783081512598255,26.659582091806524,15.94,low
21,6,12,1,0,0,shopping_mall,Dubai,clouds,28.727891319717504,54.25937215782941,48.03,medium
7,4,8,0,0,0,beach,Dubai,clear,24.64250286866711,92.41449257875038,26.31,low
21,5,3,1,0,0,beach,Paris,fog,21.85286621757168,68.46723397032363,35.72,medium
2,2,1,0,0,0,tourist_spot,Barcelona,fog,3.1311556973560517,28.102014867267037,0.0,low
5,4,7,0,0,1,tourist_spot,New York,clear,27.4388967984515,75.0175792932684,27.87,low
6,1,12,0,0,0,beach,London,clear,0.09755780270380487,70.18334103160001,14.87,low
17,1,8,0,0,0,shopping_mall,Dubai,clear,24.59753012992592,59.61600044583204,48.4,medium
14,1,10,0,0,0,museum,Bangkok,snow,29.909248018851926,40.47268443592529,45.23,medium
23,3,5,0,0,0,tourist_spot,Dubai,fog,7.42376783309763,33.976093610482955,5.74,low
13,6,2,1,0,0,park,Singapore,snow,33.92910213172021,39.32428858974949,15.12,low
17,3,10,0,0,0,restaurant,Amsterdam,snow,17.36375791027101,37.97134100031664,32.92,low
20,4,9,0,0,0,transport_hub,Dubai,fog,32.99155260763691,42.676453519217375,31.17,low
18,6,9,1,0,0,market,Rome,snow,12.238215485889917,91.24044443885452,65.87,high
19,6,1,1,0,0,restaurant,Sydney,rain,32.41494605750932,44.77108974461605,39.36,medium
12,4,3,0,0,0,park,Amsterdam,fog,37.66193513649592,66.99539507488981,16.73,low
0,0,8,0,0,0,beach,Rome,fog,16.731978853843188,94.69997637410893,0.0,low
2,4,6,0,0,0,museum,Amsterdam,clouds,23.061540061683147,79.30030260936957,0.36,low
21,1,9,0,0,0,market,Rome,snow,36.13263638390676,36.99173122702747,15.68,low
7,0,8,0,0,0,shopping_mall,Istanbul,rain,15.47224482163486,73.422391823114,28.53,low
16,3,7,0,0,0,beach,Singapore,fog,19.83089551372619,38.34556537761786,31.24,low
10,3,9,0,0,0,transport_hub,Sydney,rain,17.974226076183424,49.95458598345115,39.03,medium
11,1,11,0,0,0,shopping_mall,Dubai,clear,14.102469187177462,25.032789064420136,46.62,medium
12,6,5,1,0,0,shopping_mall,Amsterdam,rain,10.558706287990667,92.60864046266177,74.02,high
5,3,8,0,0,0,shopping_mall,Paris,clear,17.375722335318223,34.466217653533626,11.05,low
8,3,9,0,1,0,market,Paris,clouds,27.399903091818558,52.34703304790527,29.33,low
14,2,9,0,0,0,museum,Barcelona,clouds,25.262887053024432,26.951620562923598,48.88,medium
11,6,6,1,0,0,tourist_spot,Barcelona,clear,12.663953864313381,83.91631805188776,85.49,high
1,3,11,0,0,0,museum,Amsterdam,clouds,33.31822669083027,73.21793345510287,0.0,low
15,6,5,1,0,0,beach,Bangkok,clouds,19.598740241413772,64.32828930681897,84.05,high
8,4,2,0,0,1,market,London,clear,39.26814131259467,80.03003130037715,39.01,medium
2,5,9,1,1,0,shopping_mall,Paris,clouds,3.2608617927863737,40.04534454061,59.1,medium
20,6,4,1,0,0,park,Sydney,snow,23.943918949642654,45.03142609107012,17.45,low
15,0,5,0,0,0,tourist_spot,Istanbul,fog,3.82730065509032,28.47981821844719,62.63,medium
6,0,10,0,0,0,transport_hub,Dubai,clear,34.69386995024654,67.06333716436103,10.29,low
23,5,5,1,0,0,transport_hub,Tokyo,snow,23.813541159382645,31.485704535873225,19.19,low
3,1,5,0,0,0,beach,Dubai,rain,37.4344987276692,81.73295627901416,1.93,low
9,5,4,1,0,1,shopping_mall,London,clouds,24.3835649270591,53.26022789739286,74.22,high
2,0,9,0,0,0,market,Bangkok,rain,1.72942971454078,36.624781974356424,12.46,low
2,3,2,0,0,0,beach,Barcelona,clear,5.821831301017615,54.026687029300206,5.09,low
10,1,12,0,0,0,market,Bangkok,clouds,26.978086603270256,50.38868753000535,29.85,low
23,6,4,1,0,0,tourist_spot,New York,rain,0.30814525164942097,92.01232836930826,25.38,low
13,6,12,1,0,0,shopping_mall,Paris,clear,38.27730032086829,77.9451047280792,85.12,high
2,5,7,1,0,0,museum,Bangkok,fog,7.209130219173061,38.06959697882203,51.32,medium
18,1,7,0,0,0,restaurant,Istanbul,clear,14.823016605568927,59.729386911844514,23.01,low
22,6,8,1,0,0,transport_hub,Tokyo,snow,32.7079790997699,87.22883606834026,26.44,low
9,5,8,1,0,0,restaurant,New York,fog,5.916226289096365,33.24781778973238,40.18,medium
8,4,12,0,0,0,beach,Istanbul,rain,27.364353338157418,75.44116763977453,14.82,low
0,4,8,0,1,0,market,Istanbul,clear,26.09782335338554,24.85949348080557,8.06,low
9,4,12,0,0,0,tourist_spot,Barcelona,fog,11.377327558800792,78.1017051069204,59.49,medium
7,6,9,1,0,0,beach,London,clear,28.346731296851054,47.62283777812644,50.83,medium
6,6,11,1,0,0,shopping_mall,Istanbul,clear,21.610370844515636,41.13562661382443,14.49,low
8,0,2,0,0,0,restaurant,Singapore,clear,5.8688965725577225,78.97172994674487,10.53,low
23,1,1,0,1,0,park,Singapore,clouds,28.002841435022333,66.67993029744382,6.36,low
21,3,7,0,0,0,restaurant,London,fog,3.7013827112557873,68.1457852798892,22.01,low
11,4,7,0,0,0,beach,Dubai,snow,14.99902964735333,46.59544773640472,2.38,low
15,3,4,0,0,1,restaurant,Istanbul,clouds,39.241268949867866,71.42234359709245,54.86,medium
18,5,1,1,0,0,museum,Bangkok,fog,28.698978021878013,25.52270495600593,24.78,low
6,5,8,1,0,0,beach,Rome,clear,28.535509650892436,39.32750012130441,52.71,medium
1,4,11,0,0,0,beach,Barcelona,rain,34.80453531591393,82.10259971166516,13.59,low
18,4,12,0,0,0,restaurant,Barcelona,snow,39.61877387231515,84.87532446272924,40.69,medium
18,4,1,0,0,0,park,Bangkok,clear,35.22944886923805,44.025343782480036,17.57,low
20,1,5,0,0,0,market,Singapore,clouds,30.40347728987646,93.36448669377081,25.88,low
21,0,10,0,0,0,beach,Istanbul,clear,17.444400046030495,84.55557301553667,13.58,low
23,4,1,0,0,0,museum,Paris,clouds,0.12911069024653,68.70147988274873,13.74,low
8,6,8,1,1,1,tourist_spot,Dubai,snow,39.78654716489732,57.46956066617446,65.91,high
21,0,2,0,1,0,market,Dubai,fog,32.93122485010251,83.8352873711459,27.74,low
2,6,2,1,0,0,park,Amsterdam,clouds,20.260818341208147,86.07059703702927,1.5,low
3,2,4,0,0,0,transport_hub,Bangkok,fog,12.236347327832613,22.112854810882624,0.0,low
14,3,5,0,0,0,restaurant,Amsterdam,fog,27.814561664508844,62.21980591445045,32.19,low
18,0,4,0,1,0,market,New York,clear,14.735796869179069,38.0118599099011,49.07,medium
23,6,8,1,0,0,shopping_mall,Rome,fog,1.7953512217723988,57.199182635317236,35.46,medium
13,1,4,0,0,0,shopping_mall,Istanbul,fog,18.915346917252755,47.23295961022743,31.26,low
17,2,5,0,0,0,market,Istanbul,snow,17.97098426338205,93.52831342191601,34.87,low
14,5,5,1,0,0,restaurant,Barcelona,fog,26.66671057882729,90.88425103561526,66.19,high
17,3,11,0,0,0,park,London,rain,23.147555467562277,55.225683311964886,10.71,low
5,6,5,1,0,0,transport_hub,New York,clear,2.463280170270288,48.49746098298138,10.57,low
13,6,9,1,0,0,museum,New York,snow,3.561868241011288,51.517152280824845,66.55,high
18,2,8,0,0,0,restaurant,London,clear,3.052070809994838,77.3491600650063,36.93,medium
17,4,5,0,0,0,restaurant,Paris,snow,20.62398368055891,75.35327813980986,39.56,medium
11,3,5,0,0,0,restaurant,London,rain,27.581837526459854,23.994746395806658,33.5,low
21,1,9,0,0,0,park,Dubai,rain,4.955603514235132,33.97224174357794,23.7,low
12,5,6,1,0,0,restaurant,Rome,clear,22.823417178855685,32.39017497784098,56.61,medium
4,2,5,0,0,0,restaurant,Tokyo,snow,13.425884218712284,89.95263584409368,0.0,low
18,3,9,0,0,0,park,Amsterdam,snow,30.321415556719966,68.62794320405327,18.94,low
10,6,11,1,0,0,shopping_mall,Istanbul,snow,22.501756572388885,54.401010517397296,45.32,medium
2,3,7,0,0,0,market,Amsterdam,rain,8.255833789629389,38.57263082800673,0.0,low
2,3,12,0,0,1,museum,Istanbul,rain,35.997263183799376,54.45704457792702,16.49,low
19,0,2,0,1,0,park,Dubai,clouds,28.073179380489325,47.98698998095877,31.57,low
11,6,10,1,0,0,beach,New York,rain,23.06471619022487,50.52024871251035,47.11,medium
14,6,1,1,0,1,tourist_spot,Dubai,rain,10.891044207760462,78.05080435578083,59.01,medium
20,3,8,0,0,0,park,Rome,clear,2.698355619800532,42.488146729342766,26.3,low
23,6,5,1,0,0,shopping_mall,Rome,rain,23.381452009157442,28.60490701393551,22.87,low
3,6,1,1,0,0,museum,Dubai,fog,35.7460167819456,66.68388179028474,6.45,low
6,2,4,0,0,0,market,Amsterdam,rain,38.12973926095948,35.76029054559918,0.0,low
16,4,11,0,0,1,museum,Tokyo,snow,18.32222264094093,49.671619862249464,47.02,medium
2,5,10,1,0,0,beach,Rome,clouds,12.075517425587702,90.56056037600509,40.21,medium
9,0,11,0,1,0,beach,New York,clouds,33.22115696385946,45.62619524582221,56.29,medium
12,2,9,0,0,0,market,New York,fog,19.60765714542076,84.50723526069523,40.03,medium
7,5,4,1,0,0,park,London,snow,36.733059570694245,80.10786851358927,23.79,low
8,3,12,0,1,0,shopping_mall,Amsterdam,clear,31.844251093688506,38.73765118029219,54.24,medium
16,1,8,0,0,0,museum,Paris,rain,7.595432501225776,30.00962410563153,47.45,medium
20,4,9,0,0,0,museum,Istanbul,clouds,25.324319632856266,56.570337603587966,41.55,medium
2,0,2,0,1,0,beach,Dubai,fog,10.123713810580242,82.2500814977441,22.53,low
23,0,6,0,0,0,transport_hub,Rome,clouds,17.390021798630283,46.97423439332428,9.6,low
4,3,1,0,0,0,transport_hub,Sydney,clear,17.243778913212537,76.92633961100233,9.26,low
17,3,11,0,0,0,museum,Singapore,clear,29.081085763407934,61.1603196545143,31.33,low
1,3,8,0,0,0,transport_hub,New York,rain,6.807358290447101,81.08299451967497,7.37,low
20,4,4,0,0,0,museum,Amsterdam,fog,24.304170987109753,57.78328771492637,56.73,medium
3,1,10,0,0,0,park,Paris,clouds,38.45910083109648,72.00255589742531,0.0,low
18,5,2,1,0,0,restaurant,Sydney,clouds,6.153449417865744,87.93235528508552,43.45,medium
22,3,6,0,0,0,tourist_spot,Tokyo,clear,24.77119293873647,57.95665762197344,11.6,low
22,6,11,1,0,0,park,Bangkok,fog,20.822878894508996,50.243417824052514,31.2,low
9,0,10,0,0,0,museum,Istanbul,snow,31.97159665818747,29.3468190621359,34.48,low
12,3,11,0,0,0,shopping_mall,Amsterdam,fog,36.52563524733255,43.41283985781958,34.81,low
22,4,10,0,0,0,museum,Barcelona,clouds,22.389857964107822,21.907731160016933,10.84,low
3,4,4,0,0,0,restaurant,Paris,clouds,14.372156978440923,82.16160033521555,2.33,low
5,5,7,1,0,0,restaurant,Rome,rain,38.91383827101286,74.54495444449648,45.7,medium
23,2,6,0,0,0,park,Bangkok,snow,3.2669248073494117,38.20221133478286,5.75,low
0,5,6,1,0,0,market,Barcelona,rain,21.475853748295265,53.07585593304124,25.2,low
14,3,2,0,1,0,shopping_mall,Bangkok,clouds,29.269641994805045,68.8859599416267,63.98,medium
21,3,10,0,0,0,shopping_mall,Amsterdam,snow,36.398201128770665,42.678794740778756,22.0,low
22,4,7,0,0,1,shopping_mall,Singapore,clear,7.139125702825697,41.90843849042676,47.74,medium
1,2,12,0,0,0,tourist_spot,London,clear,14.81483574344919,25.478192876281238,0.0,low
21,2,12,0,0,0,shopping_mall,New York,snow,5.502766771514804,40.73819815154012,20.55,low
11,6,3,1,0,0,park,Tokyo,fog,8.294707415559234,33.34113747928073,38.57,medium
23,1,3,0,0,0,restaurant,Sydney,clouds,26.30257222157659,80.37033994756561,0.0,low
16,3,6,0,0,0,restaurant,Bangkok,clouds,18.376799985552026,68.81824669976496,35.51,medium
0,1,6,0,0,0,shopping_mall,Istanbul,rain,35.056147346570825,46.421133375048875,4.88,low
20,3,4,0,0,0,restaurant,Tokyo,fog,9.410586676232967,81.54639837181767,9.19,low
21,0,3,0,0,0,market,Amsterdam,clouds,12.498457344504859,55.06844493742,23.43,low
11,0,2,0,0,0,tourist_spot,Singapore,clear,14.998250009456262,74.24106934587832,45.53,medium
9,2,7,0,0,0,park,Amsterdam,fog,15.979950188940691,78.66785962870517,15.36,low
12,3,4,0,0,0,beach,Istanbul,clouds,9.507205351243627,90.07729486272748,15.96,low
18,2,11,0,0,0,transport_hub,Tokyo,rain,29.59392141073812,40.842798472336995,32.44,low
5,5,6,1,0,0,transport_hub,Sydney,clear,33.844306714674154,34.16961944176743,12.43,low
23,5,2,1,1,0,transport_hub,Sydney,rain,16.538820924809308,69.45853819442792,37.09,medium
3,3,12,0,0,0,museum,Paris,snow,4.290186069167965,37.279438661780375,0.0,low
7,3,3,0,0,0,beach,Barcelona,clear,13.406985024802292,22.282887465399963,0.0,low
15,1,3,0,0,0,restaurant,Singapore,clouds,10.432593862506208,51.48568712147286,23.89,low
15,2,12,0,0,0,shopping_mall,Paris,clouds,33.04236640883377,32.936686472862576,38.06,medium
17,2,10,0,0,0,museum,New York,snow,31.698075793148078,59.47460305840206,44.67,medium
20,5,9,1,0,0,restaurant,Barcelona,rain,29.668943191167827,83.87068540740422,40.17,medium
4,3,11,0,0,0,museum,Tokyo,snow,37.91963207165723,51.733369218652115,15.35,low
6,3,5,0,0,0,museum,Tokyo,clouds,39.52098909174061,87.32492093899224,0.0,low
16,6,7,1,0,0,beach,New York,clear,29.280131687774723,45.07469399728044,94.19,high
8,5,8,1,0,0,tourist_spot,Paris,fog,32.04665989241375,38.25906729604167,55.54,medium
9,5,3,1,0,0,transport_hub,Istanbul,clear,5.159567614711009,57.559987131356785,45.88,medium
2,1,11,0,0,1,park,Paris,snow,38.90060228784582,24.701086743517884,21.25,low
17,3,10,0,0,0,shopping_mall,Dubai,clouds,2.5692347531166204,62.59040054301676,45.12,medium
15,4,8,0,0,0,tourist_spot,London,clear,25.769089255150497,69.82186788445836,58.64,medium
6,0,9,0,0,1,restaurant,Rome,clear,34.831543876226085,80.3592191007793,15.48,low
12,5,10,1,1,0,tourist_spot,Tokyo,rain,4.878348479990038,45.21711124091608,67.88,high
23,3,12,0,0,0,shopping_mall,Sydney,clear,30.393569462231245,94.88798656318777,4.49,low
21,6,12,1,0,0,market,Amsterdam,rain,34.425006805517434,71.93366546048944,33.27,low
21,5,5,1,0,0,museum,Singapore,clear,32.02949963935396,64.99324256063753,54.53,medium
18,3,7,0,0,0,shopping_mall,Istanbul,snow,19.044839362964016,52.84657965478936,31.74,low
2,6,1,1,0,0,restaurant,Dubai,clear,8.523325802824338,60.27835954950633,23.24,low
18,4,6,0,0,1,restaurant,Sydney,clouds,8.992986690650838,40.61830574343692,57.41,medium
18,5,4,1,0,0,park,Barcelona,fog,20.392237844612538,82.17768141133394,49.09,medium
23,0,10,0,0,0,shopping_mall,Istanbul,clear,35.95313390660017,22.29658028034373,5.38,low
21,2,8,0,0,0,beach,Rome,clear,25.347264646100747,28.020752862749227,4.46,low
10,4,5,0,0,0,transport_hub,Sydney,fog,39.37837616781384,67.8170048400514,42.22,medium
21,4,9,0,0,0,beach,Istanbul,rain,33.08954873849942,65.07130003974595,23.48,low
18,1,8,0,0,0,market,Singapore,fog,1.2438699433670397,50.79336112061726,46.29,medium
10,1,6,0,1,0,beach,Singapore,clear,38.54135651436075,25.602757316675923,77.2,high
6,4,12,0,0,0,shopping_mall,Dubai,clouds,35.81308554004589,46.92810260640915,10.94,low
11,4,10,0,0,0,transport_hub,London,rain,30.372844591563716,22.700839443230397,40.85,medium
22,1,6,0,0,0,beach,Singapore,fog,21.521865121140472,80.18702215765651,19.6,low
20,5,6,1,0,0,market,Tokyo,clear,18.221275442727208,30.48786398720163,40.9,medium
0,1,11,0,0,0,park,Paris,fog,30.392576745123385,25.10381962386894,2.9,low
5,6,5,1,0,0,park,Bangkok,snow,19.67125163597311,71.96379088738419,30.83,low
3,4,10,0,0,0,tourist_spot,Istanbul,fog,19.339015210216854,59.136249433330356,0.0,low
8,2,9,0,0,0,market,Bangkok,rain,37.888677108642234,57.317383508734835,36.67,medium
8,3,12,0,0,0,beach,Singapore,clear,20.083226997609703,54.96509107495932,8.55,low
7,5,1,1,0,0,restaurant,New York,clear,26.384538797663946,36.80966473324052,40.64,medium
14,6,1,1,0,0,restaurant,New York,snow,30.907112517986178,62.47210137092186,37.82,medium
15,3,9,0,0,0,park,Sydney,clear,25.56348913186751,24.278527532209864,26.57,low
16,0,8,0,0,0,museum,Singapore,fog,20.008445958345725,64.24170697485039,30.69,low
8,4,5,0,0,1,beach,Sydney,snow,4.84847906389299,89.68184556899327,34.44,low
6,1,11,0,0,0,tourist_spot,Tokyo,rain,9.898421491306376,81.05536758766765,0.0,low
22,6,1,1,0,0,beach,Barcelona,clear,14.688149569832492,26.050532067680713,30.24,low
1,1,5,0,0,0,tourist_spot,London,snow,29.153490019701685,31.5917766582778,0.1,low
21,3,1,0,1,0,shopping_mall,Rome,rain,5.522894059181933,26.855719466883247,54.66,medium
21,4,10,0,0,0,market,London,rain,25.47949912144585,28.51569823466574,25.66,low
20,4,1,0,0,0,market,Paris,snow,29.48021423876621,68.72114243901758,24.96,low
1,3,7,0,0,0,tourist_spot,Barcelona,clouds,26.995872351316205,39.85837770474153,0.0,low
13,2,10,0,0,0,shopping_mall,Amsterdam,clouds,14.621496145815293,35.01247727901012,32.95,low
21,3,9,0,0,0,market,Barcelona,clear,16.37428704162471,92.24904970382494,31.99,low
21,3,11,0,0,0,park,Rome,snow,3.4108452600057193,40.64091145117869,0.0,low
10,6,12,1,0,0,restaurant,Singapore,rain,6.168951213799736,59.74758226084657,70.85,high
19,3,10,0,0,0,transport_hub,Paris,rain,23.221180384465328,83.90742882540931,31.66,low
1,1,11,0,0,0,market,London,rain,23.726475009319145,81.91078443889296,1.07,low
1,3,6,0,0,0,restaurant,Amsterdam,rain,6.855793150658429,58.84036747566973,9.76,low
0,6,12,1,1,0,shopping_mall,Barcelona,snow,20.33921065569816,63.94319784983566,74.43,high
14,6,10,1,0,0,restaurant,Barcelona,rain,14.325141364584596,41.03740668133507,53.51,medium
15,2,12,0,0,0,shopping_mall,Singapore,rain,10.938908924309537,49.28887601823172,37.39,medium
7,4,8,0,0,1,tourist_spot,Rome,clear,22.732001701615083,85.53422874456315,37.17,medium
12,3,5,0,0,0,park,Dubai,snow,14.600255132414945,35.591951737276695,18.95,low
18,2,4,0,0,0,restaurant,Dubai,rain,15.193564301937133,63.71071817391133,34.33,low
3,1,5,0,1,0,tourist_spot,Rome,clouds,10.131246986933405,93.33222330784115,26.36,low
19,4,7,0,0,0,beach,Paris,snow,33.35446446884939,66.08722227873338,25.65,low
4,1,8,0,1,0,park,Singapore,fog,38.08796618463872,47.042670362682344,34.58,low
22,6,4,1,0,0,shopping_mall,Rome,snow,8.704264799265928,47.87997185739731,39.18,medium
7,4,10,0,0,0,park,London,fog,21.246550160246088,91.08014836950464,12.09,low
14,2,6,0,0,0,transport_hub,New York,clouds,31.45432706211904,57.45316002044659,44.85,medium
18,2,9,0,0,0,beach,Istanbul,rain,29.938267438367305,46.575815702558174,0.0,low
11,6,10,1,0,0,shopping_mall,Istanbul,clear,29.005462286783953,74.42358615390654,63.11,medium
22,5,5,1,0,0,park,Amsterdam,clouds,4.258815803850777,37.143633477048624,39.62,medium
21,6,5,1,0,0,park,Paris,fog,15.76553161814719,69.9245380503458,40.53,medium
15,4,5,0,0,0,beach,Tokyo,rain,30.657822390292342,40.75796703537593,19.9,low
8,4,2,0,0,0,beach,Barcelona,clear,22.09725778632555,37.35547008252199,14.53,low
3,2,3,0,1,0,tourist_spot,Barcelona,clouds,32.18627933599262,59.89227491531066,35.07,medium
5,6,9,1,0,0,tourist_spot,Singapore,rain,13.540399249691525,46.738037077546934,14.94,low
22,4,6,0,0,0,market,Singapore,snow,31.78357937124595,33.692029494575046,16.52,low
6,0,10,0,0,0,transport_hub,Istanbul,clouds,39.791182839943545,54.26049455638583,17.52,low
22,1,5,0,0,0,shopping_mall,Dubai,fog,29.84727340294953,34.03301697958916,10.14,low
3,0,12,0,0,0,tourist_spot,Paris,clear,30.263613511661895,25.078417579155232,5.47,low
20,0,7,0,0,0,park,Istanbul,fog,15.306307366863091,79.2555358594906,12.68,low
6,6,12,1,0,0,shopping_mall,Tokyo,rain,4.455948164937489,21.975918201410952,30.8,low
0,1,7,0,0,1,restaurant,Tokyo,clouds,39.525740254328035,23.880469394648188,28.87,low
6,5,9,1,0,0,restaurant,Singapore,clouds,5.207152251094809,55.72506717717501,33.54,low
8,6,7,1,0,0,museum,Istanbul,rain,39.148194422481396,31.993178362602652,59.09,medium
14,4,12,0,0,0,transport_hub,Sydney,clear,16.47899554494341,73.71363499306365,49.15,medium
19,5,1,1,0,0,tourist_spot,Singapore,clear,25.13022586035403,26.40436291959752,26.71,low
3,4,6,0,0,0,park,Barcelona,fog,27.987051702543795,62.767607838023494,0.0,low
4,1,2,0,1,0,restaurant,London,rain,36.27731942527447,87.02525706431115,27.65,low
23,1,6,0,0,0,shopping_mall,Barcelona,rain,24.842201778160362,34.82755662911567,3.62,low
0,3,7,0,0,0,tourist_spot,Bangkok,fog,2.681503732459829,45.2165159276429,1.53,low
23,3,6,0,0,1,park,Tokyo,clear,21.850383407830268,57.02186810763139,32.48,low
16,5,12,1,0,0,shopping_mall,Barcelona,fog,39.63567048456848,64.0775740922128,59.55,medium
3,5,8,1,1,0,park,Barcelona,fog,17.509524278633446,87.5942696154719,42.55,medium
13,6,2,1,0,0,park,Amsterdam,snow,17.16994194848388,45.43375311664342,24.06,low
3,5,7,1,0,0,park,Istanbul,rain,36.75432718573968,68.8475739323212,17.49,low
21,1,10,0,0,0,transport_hub,Paris,rain,5.849462779177883,56.52454533245885,11.47,low
8,1,1,0,0,0,restaurant,Rome,clouds,36.17007264093617,27.996438681564207,11.8,low
14,6,1,1,0,0,park,Paris,fog,27.79903483970916,62.27298675705289,42.03,medium
11,4,12,0,0,0,transport_hub,Singapore,clear,3.4417236014012653,49.646874579952694,48.53,medium
14,4,3,0,0,0,market,Bangkok,clear,24.9925697553605,68.98390727810396,38.08,medium
17,3,4,0,0,0,transport_hub,London,clear,6.404305779558315,63.12432531980487,60.41,medium
13,5,4,1,0,0,park,Barcelona,fog,5.88879225441878,87.03898809403938,52.51,medium
14,5,9,1,0,1,tourist_spot,Rome,rain,8.036241945319848,45.84204286426615,70.46,high
14,1,6,0,0,0,transport_hub,Bangkok,clouds,35.9974025777704,87.70749199548113,52.93,medium
1,0,5,0,0,0,restaurant,Amsterdam,clouds,8.33371191141008,45.671713487979645,0.0,low
3,2,5,0,0,0,market,Barcelona,snow,39.560294768919164,31.572441003826427,0.0,low
0,1,9,0,0,0,tourist_spot,Dubai,snow,34.50090872529365,46.16948063727746,0.0,low
3,4,8,0,0,0,transport_hub,London,rain,31.023724790918816,48.549308713369605,4.05,low
18,5,1,1,0,0,tourist_spot,Barcelona,fog,26.13453763894705,23.46333013723612,64.39,medium
0,5,7,1,1,0,restaurant,Rome,clouds,16.22649262499148,69.06769479944268,46.27,medium
18,0,5,0,0,0,transport_hub,Bangkok,fog,35.60100694884466,65.15476412957463,42.27,medium
23,4,3,0,0,0,shopping_mall,Paris,clear,0.9957595165728517,40.42668178974168,11.5,low
3,6,1,1,0,1,park,London,snow,11.111143151895892,64.34398324005949,27.0,low
15,2,11,0,0,0,park,Rome,fog,26.412701525750393,67.769728950742,21.01,low
7,3,1,0,0,0,shopping_mall,Bangkok,clear,35.68140461385529,73.09046646009725,22.27,low
0,5,11,1,0,0,transport_hub,Rome,fog,4.877563871003097,31.19305451799368,0.0,low
23,4,7,0,1,0,shopping_mall,Rome,clouds,14.461906815284099,37.539993838090815,31.9,low
8,0,3,0,0,0,museum,Istanbul,fog,6.924838250358363,35.54299260050172,18.72,low
21,3,9,0,0,0,market,Tokyo,clouds,8.752110474181713,85.21391882667199,26.38,low
5,2,6,0,0,1,museum,Barcelona,clear,4.916944864875612,84.58742710007688,16.95,low
21,6,5,1,0,0,tourist_spot,Rome,fog,31.222647831173663,51.49321272226757,21.54,low
2,2,5,0,0,0,transport_hub,Amsterdam,snow,15.194820580061608,20.52997449228589,5.71,low
13,6,11,1,0,0,restaurant,Sydney,clear,32.75170854884027,43.25875165159801,50.95,medium
20,0,3,0,0,0,beach,Singapore,snow,15.979942063156777,47.93320630663348,0.0,low
23,0,5,0,0,0,beach,Bangkok,rain,15.761955990454233,62.16040820970494,0.0,low
0,0,5,0,0,0,transport_hub,Amsterdam,snow,35.218551850514196,89.49301595895297,0.0,low
15,0,3,0,0,0,transport_hub,Paris,fog,19.80431632078282,30.07698472214004,41.38,medium
16,2,7,0,0,0,shopping_mall,New York,rain,5.669727673116705,20.371016802894715,37.49,medium
21,6,3,1,1,0,transport_hub,Istanbul,fog,33.07477490192942,55.055990023707785,54.45,medium
7,0,11,0,0,0,beach,Amsterdam,clear,19.158107978013938,42.89674510148478,0.0,low
6,6,3,1,0,0,tourist_spot,London,clear,2.224388478392556,26.672151690713576,18.65,low
6,4,12,0,0,0,restaurant,London,clear,4.48153221636157,85.16415710094024,0.0,low
21,1,9,0,0,0,tourist_spot,Bangkok,fog,13.725525892695845,57.3614501132346,22.59,low
4,0,1,0,0,0,park,Barcelona,snow,2.992789231681856,34.46429961104029,0.0,low
14,5,9,1,0,0,park,Barcelona,fog,2.9143184237060993,53.98000632839978,62.26,medium
17,2,8,0,0,0,restaurant,Amsterdam,clear,13.12714020880982,92.66595087801107,20.41,low
19,5,3,1,0,0,beach,London,clouds,21.704365227236803,80.42104041678891,48.74,medium
22,4,12,0,0,0,beach,Amsterdam,snow,36.93694625522687,44.52655673653861,14.59,low
12,3,11,0,0,0,tourist_spot,Istanbul,fog,39.727439615380945,78.11851107826247,61.4,medium
4,6,3,1,0,0,park,Bangkok,rain,16.83620503654516,91.17334222502298,12.57,low
6,2,8,0,0,0,beach,Amsterdam,rain,21.008427995445093,47.141568532125994,6.71,low
15,5,4,1,0,0,shopping_mall,London,fog,24.24811419440669,93.99524676535928,49.32,medium
0,6,4,1,0,0,market,Amsterdam,snow,24.2687010046846,24.35961709153389,0.0,low
10,3,9,0,0,0,market,Paris,snow,36.60427872199001,29.315002211842057,44.16,medium
20,1,1,0,1,0,museum,Sydney,rain,29.24038731947831,48.70181082087859,48.11,medium
23,2,11,0,0,1,park,Bangkok,clouds,17.000916423807833,36.27996860006992,29.76,low
19,1,8,0,0,0,restaurant,Amsterdam,fog,7.544423261819242,29.860741561238196,16.45,low
10,3,5,0,0,1,restaurant,Amsterdam,rain,19.78063980158531,43.502693294212065,47.53,medium
16,5,9,1,0,0,park,Tokyo,clouds,35.36581882330252,59.691468867022046,68.19,high
11,3,7,0,0,0,tourist_spot,Singapore,clear,29.825191974714077,35.92686701798881,66.36,high
5,5,9,1,0,0,tourist_spot,Sydney,fog,18.625224836004822,30.47854084428299,25.97,low
0,1,10,0,0,1,park,London,fog,26.770984994549217,33.04176872723342,20.95,low
10,5,11,1,0,0,restaurant,New York,snow,25.72277403492084,56.713912395480186,32.23,low
10,4,12,0,0,0,park,Singapore,snow,14.278713904564157,91.02602025041836,24.61,low
10,0,12,0,0,0,park,Dubai,rain,3.892964774288079,88.18530506806479,8.88,low
13,1,2,0,0,0,museum,Barcelona,clouds,31.94548600074645,63.282556391307345,39.79,medium
19,2,5,0,0,0,park,New York,clear,38.46878202825013,45.930931824558854,11.44,low
3,4,10,0,0,0,restaurant,Rome,clouds,22.775760904115195,52.74980345234135,0.0,low
19,5,4,1,0,0,transport_hub,Dubai,rain,18.926170822663252,36.14137890088699,55.68,medium
2,2,8,0,0,0,market,Sydney,clear,36.75835284946028,71.64919268368604,0.0,low
4,5,4,1,0,0,shopping_mall,Barcelona,fog,14.505263362842271,54.646964260166996,39.25,medium
9,3,3,0,0,0,market,Tokyo,clear,26.9336197337428,93.72681191783883,25.62,low
22,4,2,0,0,0,beach,Amsterdam,rain,1.8343260895774582,73.78560662797062,0.0,low
6,3,9,0,0,0,beach,Rome,snow,10.039202931602386,81.7784117313296,10.83,low
13,0,7,0,0,0,museum,Rome,clear,18.535541781559985,31.268456372516223,50.28,medium
12,2,3,0,0,1,restaurant,Barcelona,fog,36.09836753681351,89.00633095542193,56.63,medium
10,3,7,0,1,0,shopping_mall,Tokyo,clouds,30.02439390782505,36.35355020286084,77.7,high
1,5,1,1,0,0,tourist_spot,Paris,clouds,5.620425445469164,58.585922344150546,0.92,low
20,5,3,1,0,0,shopping_mall,Singapore,rain,22.061153773423396,29.044664434772464,44.44,medium
17,6,6,1,0,0,park,Singapore,clouds,32.137014097320254,67.8291775378947,79.57,high
5,6,8,1,0,0,park,Bangkok,snow,21.13447734267881,90.37058425451434,26.29,low
10,1,3,0,0,0,park,Istanbul,clouds,18.621575627508356,57.131025942422255,18.66,low
2,4,11,0,0,0,transport_hub,Tokyo,snow,26.984769519151683,46.92315561900044,9.44,low
11,3,8,0,0,1,beach,Barcelona,clear,36.861915519574346,88.87830715347474,67.3,high
22,1,8,0,0,0,restaurant,Singapore,clouds,33.72030150746153,75.25725927504561,11.48,low
8,1,6,0,1,0,market,Tokyo,clouds,35.492069461310514,44.455077066597255,28.77,low
10,3,9,0,0,0,transport_hub,Singapore,rain,7.918404475795966,68.08805256921524,46.75,medium
15,2,8,0,1,0,beach,Bangkok,clear,37.4285502522122,43.016370952504005,87.33,high
5,0,2,0,0,0,shopping_mall,Paris,clouds,6.2102222975903265,64.27531113451239,0.0,low
3,4,5,0,0,0,tourist_spot,Sydney,rain,5.9441954825512155,86.93689803347375,12.19,low
6,6,11,1,0,1,market,New York,rain,26.948321660473336,90.81433959414443,41.09,medium
18,2,11,0,0,0,beach,New York,clear,17.300715946218688,68.48085008614589,16.42,low
10,1,8,0,1,0,restaurant,Sydney,fog,37.35327309740116,69.44231379705744,61.3,medium
9,5,11,1,0,1,shopping_mall,Bangkok,fog,17.53206774764653,31.687178897133393,72.22,high
12,0,11,0,0,0,beach,Bangkok,rain,8.879240879842518,89.69636679680116,20.04,low
21,2,1,0,0,0,park,London,fog,27.291059417546716,46.698574929733866,4.87,low
16,0,1,0,0,0,transport_hub,Barcelona,rain,17.086945821394725,62.81480692889027,30.12,low
12,4,7,0,0,0,beach,Sydney,clouds,36.524138980526146,30.706507970054304,37.2,medium
23,1,4,0,0,0,market,Singapore,rain,35.27876687433407,89.13589399697103,7.43,low
22,2,9,0,0,0,market,Singapore,rain,7.6974790635577905,70.39805286374155,0.0,low
8,6,9,1,0,1,park,Bangkok,clear,38.256560950953414,64.96215007949677,57.42,medium
2,1,1,0,0,0,tourist_spot,Bangkok,snow,32.5502200570397,48.95850302153343,7.94,low
22,5,6,1,0,0,shopping_mall,Sydney,rain,24.162835447231977,93.87349023753124,41.44,medium
7,3,1,0,0,0,transport_hub,Tokyo,snow,12.960375671710942,80.0001551695229,10.21,low
21,2,8,0,1,0,park,Rome,fog,9.114324955762395,69.18304601796083,20.89,low
17,3,4,0,1,0,restaurant,Dubai,snow,7.624559482292881,55.16869847895281,41.96,medium
2,2,8,0,0,0,market,Amsterdam,clouds,19.75339311434859,92.70828026442746,0.0,low
20,6,9,1,0,0,tourist_spot,Tokyo,clouds,31.991941639126228,25.758415750538415,50.67,medium
3,1,8,0,1,0,transport_hub,New York,clouds,3.9762468230165293,31.392687940736728,21.39,low
6,2,3,0,0,0,restaurant,Bangkok,clouds,11.643551220900807,20.365302112128806,0.0,low
5,4,7,0,0,0,museum,New York,clouds,21.970565496326774,88.63544514017951,4.96,low
5,3,5,0,0,0,tourist_spot,Tokyo,rain,35.90263064151099,91.14352280919526,6.9,low
21,0,4,0,0,0,shopping_mall,Singapore,snow,27.899515536206362,21.03059243846827,33.75,low
0,6,12,1,0,0,museum,Amsterdam,clear,15.048724969869692,45.70652412784949,12.88,low
5,5,8,1,0,0,park,Rome,rain,31.366319019755245,58.273475268671625,31.62,low
3,0,5,0,0,0,transport_hub,Tokyo,snow,24.75225839473871,28.517493008745518,8.92,low
1,2,10,0,0,0,shopping_mall,Paris,clouds,7.455020220909594,22.488405915219015,0.0,low
1,6,9,1,0,1,tourist_spot,Sydney,fog,37.323680140701,35.15791040828388,48.47,medium
22,3,10,0,0,0,museum,New York,clouds,26.642625236887703,20.946414112117417,7.34,low
19,3,1,0,0,0,restaurant,New York,clear,5.553294325840792,75.20205856531712,18.29,low
5,6,12,1,0,0,shopping_mall,Bangkok,clouds,1.717242563979564,32.301934932316364,43.57,medium
3,6,8,1,0,0,museum,Bangkok,rain,6.624972381929202,91.5926182858776,30.42,low
5,1,8,0,0,0,beach,Singapore,clear,3.337648928431074,53.445059045517816,8.18,low
3,6,4,1,0,0,beach,Singapore,fog,5.427975640620275,64.8352063114155,31.15,low
10,6,7,1,0,0,museum,Barcelona,snow,30.16049628534467,52.42326813326598,59.88,medium
0,6,8,1,1,0,market,New York,fog,19.3330978410749,80.5189820366367,25.48,low
6,1,12,0,0,0,tourist_spot,Rome,clear,7.89545359540095,65.62507803844616,22.25,low
2,5,10,1,0,0,tourist_spot,Amsterdam,snow,12.789156139680383,59.57133102759223,0.0,low
10,0,5,0,0,0,market,Dubai,snow,9.30739515473518,57.24300051343122,31.93,low
13,2,9,0,0,0,shopping_mall,Sydney,clear,29.04308236456567,94.71415085179532,45.01,medium
14,6,10,1,0,0,beach,Rome,clear,20.397476325122312,44.14480205309005,62.44,medium
2,5,1,1,0,0,shopping_mall,New York,snow,39.276034963932894,38.178097678263114,12.26,low
17,5,5,1,1,0,market,Sydney,fog,5.217443707848242,47.075489670749775,63.61,medium
5,6,4,1,0,0,museum,London,snow,33.993275279805566,60.062261203881775,15.0,low
19,2,3,0,1,1,tourist_spot,Barcelona,rain,2.6457305772328565,55.17978003511401,45.55,medium
8,0,1,0,0,1,shopping_mall,Tokyo,snow,21.630765900505693,90.43702647760324,39.98,medium
18,0,3,0,0,0,beach,Dubai,clouds,3.5825944434188584,87.06756797916809,10.54,low
1,6,9,1,0,0,shopping_mall,Istanbul,clear,11.910503668494442,71.35549944653172,14.94,low
17,5,9,1,1,0,museum,Sydney,clear,30.12254475022282,83.33869748248237,90.52,high
22,5,12,1,0,0,beach,Singapore,snow,16.64371576968407,25.342000676954967,32.18,low
4,1,12,0,0,0,park,Sydney,clear,1.56042145736345,31.4958907236241,0.04,low
14,3,4,0,0,0,beach,Rome,snow,18.66804920386743,79.89004934585948,13.24,low
4,4,5,0,1,0,restaurant,Dubai,rain,12.21334739092474,57.86011834105977,22.25,low
14,3,6,0,0,0,shopping_mall,Amsterdam,clouds,2.372748141666845,88.80546027048302,33.53,low
18,5,10,1,0,0,market,Dubai,fog,31.353609632170322,47.057068259690084,47.96,medium
15,1,5,0,0,0,market,Singapore,fog,37.98439538186025,36.12202392627704,45.82,medium
22,2,12,0,0,0,shopping_mall,Amsterdam,clouds,10.197442480925574,87.07098604119051,7.98,low
7,2,9,0,0,0,beach,Amsterdam,fog,12.33339183503114,48.80931717502799,20.37,low
9,5,7,1,0,0,park,New York,clouds,9.300746714799143,74.21273415468394,46.98,medium
21,1,2,0,0,0,transport_hub,New York,fog,29.321708545940226,51.22309595058491,24.62,low
12,0,4,0,0,0,market,New York,rain,34.66083414129844,82.2826927721543,41.61,medium
0,2,11,0,0,0,beach,Amsterdam,clear,7.777267171693807,40.26272776324922,0.0,low
3,2,3,0,0,0,park,Istanbul,clear,27.58853739388143,39.15694747990304,0.38,low
10,3,12,0,0,0,market,Bangkok,clouds,21.12716244357966,51.469257650122444,37.39,medium
6,3,8,0,1,0,transport_hub,Singapore,rain,14.522791146997394,73.74513200513645,46.52,medium
9,1,10,0,0,0,restaurant,Rome,clouds,4.2101161084141125,45.46504732135931,13.79,low
8,6,8,1,0,0,park,Sydney,rain,32.518048012570524,67.3832342145295,24.18,low
22,3,6,0,0,0,park,New York,rain,20.226683947342824,87.44235439249546,12.79,low
5,4,3,0,0,0,museum,Tokyo,snow,19.644768131280344,65.78380817936966,0.0,low
21,3,9,0,0,0,beach,Rome,fog,39.62788773839457,33.01470804206247,19.52,low
23,1,3,0,0,0,restaurant,Barcelona,fog,35.28609737629962,48.09928921871274,17.2,low
18,0,10,0,0,0,museum,Barcelona,clear,12.643375936007807,28.942202810807466,31.99,low
20,4,1,0,0,0,museum,Dubai,rain,22.753439896530555,88.80510059410564,29.6,low
1,0,8,0,0,0,transport_hub,Singapore,fog,12.97127417926497,34.742740056091264,0.0,low
0,6,3,1,0,0,museum,New York,rain,9.544478280182611,55.880063959437976,26.85,low
21,2,10,0,0,0,beach,New York,clear,25.427570960227087,89.06871289125706,15.04,low
13,1,10,0,0,0,tourist_spot,Bangkok,fog,29.015752084995793,48.321491261386825,59.78,medium
20,5,9,1,0,0,beach,London,rain,35.23808026672921,31.027635707881092,26.12,low
16,0,3,0,0,0,shopping_mall,Sydney,clear,0.35816860936302763,25.814493735975184,18.59,low
14,4,9,0,0,0,museum,Barcelona,clear,6.587597524649231,20.166909474205116,50.01,medium
2,4,7,0,1,0,beach,Paris,rain,7.489856454838653,93.71335801515605,4.91,low
17,6,6,1,0,0,beach,Dubai,clouds,6.906082648062082,61.56381397942678,68.96,high
8,2,3,0,0,0,park,New York,snow,30.514397138573734,66.34148661299285,14.95,low
14,5,10,1,1,0,park,New York,clear,11.436703528397473,40.869842453755965,86.5,high
4,1,10,0,1,0,park,Bangkok,snow,19.53350429820415,38.5018200644608,28.31,low
13,5,7,1,0,0,museum,Istanbul,fog,20.75276127595624,89.49552139810672,88.2,high
23,5,11,1,0,0,park,Singapore,snow,8.533603219804494,76.51412712279867,10.98,low
22,2,5,0,0,0,market,Sydney,rain,19.114417903060165,55.1921662651435,12.09,low
20,4,9,0,0,0,restaurant,Bangkok,clear,28.79563231043061,27.47787526270068,27.78,low
18,4,1,0,0,0,restaurant,Sydney,fog,0.17767601367257413,41.05560609175335,12.54,low
18,2,8,0,0,0,tourist_spot,London,snow,34.98290632169481,59.80542422583214,25.4,low
20,2,7,0,0,0,beach,Sydney,snow,0.6031339927299806,66.30512078431087,7.06,low
11,4,8,0,0,1,park,Amsterdam,snow,33.81042035874354,79.78988735270488,19.31,low
1,3,3,0,0,0,museum,Dubai,snow,5.471118205693242,43.31011062774453,1.62,low
9,4,11,0,1,0,museum,Dubai,clouds,13.80929696036214,42.00458965872524,54.96,medium
11,0,5,0,0,0,restaurant,Barcelona,clouds,32.0441270698368,68.06823222572285,20.82,low
14,3,4,0,0,0,transport_hub,Paris,snow,37.06144820526883,78.00808171223935,51.68,medium
14,6,11,1,0,0,restaurant,Singapore,rain,29.979381501347646,74.50602454279723,53.33,medium
10,2,6,0,0,0,museum,New York,rain,29.778812393787305,82.20873200731714,48.57,medium
14,0,3,0,0,0,tourist_spot,Tokyo,rain,34.08400540286256,83.8938450144388,27.33,low
20,6,8,1,0,0,market,Sydney,snow,6.484340789623726,78.99036189029351,46.38,medium
15,5,2,1,0,0,park,Amsterdam,fog,5.688365715807837,81.49494921270974,45.74,medium
16,6,11,1,1,0,transport_hub,Rome,clear,10.489127862336677,26.725718086113403,70.16,high
22,1,8,0,0,0,museum,New York,snow,12.795153102214801,86.6706833914836,6.88,low
22,0,8,0,0,0,transport_hub,Tokyo,clouds,24.330872258766576,56.15557702730376,16.91,low
7,6,12,1,0,0,transport_hub,New York,snow,5.2336396941590735,52.57896215534047,40.16,medium
0,1,6,0,0,1,park,Paris,clouds,8.179724593001993,86.38579708018348,22.54,low
2,6,3,1,0,0,shopping_mall,Dubai,snow,7.182324722619948,48.6798109683771,40.03,medium
19,5,12,1,0,1,restaurant,Amsterdam,fog,38.177938643983325,24.946753651441888,60.04,medium
12,1,3,0,0,0,tourist_spot,London,clouds,32.6080764453723,41.89066016005616,50.13,medium
16,2,3,0,0,0,park,London,snow,7.229374550874099,21.191981861625514,6.1,low
6,1,9,0,0,0,museum,London,fog,29.246449517710733,71.31151112271746,11.47,low
1,3,3,0,0,0,restaurant,Bangkok,snow,18.307409221864468,54.7832952374142,0.0,low
13,5,9,1,0,0,transport_hub,Singapore,rain,13.232967441523073,86.42189215394066,57.23,medium
8,1,8,0,0,0,museum,Sydney,rain,30.860717516862962,74.14376022911031,20.91,low
1,3,4,0,0,0,market,Bangkok,fog,8.216941426706104,81.6938941456282,2.36,low
19,2,7,0,0,0,market,London,clouds,35.15112670726925,35.43312465691386,42.96,medium
23,0,11,0,0,0,museum,Rome,fog,29.86847722097215,22.136889918433532,9.79,low
4,0,1,0,1,0,beach,Rome,clouds,16.903447811068816,48.91304051876983,17.08,low
22,6,10,1,0,0,museum,Barcelona,clear,11.878148408445611,81.12248609236161,47.34,medium
13,3,5,0,0,0,market,Tokyo,snow,22.499482924959228,38.35125763049007,49.86,medium
21,0,9,0,0,0,market,Singapore,fog,2.1812710685327286,63.73492241755515,11.39,low
13,3,2,0,0,0,transport_hub,Singapore,rain,1.3430890910873172,37.16673545941356,40.26,medium
16,3,1,0,0,0,restaurant,Singapore,clear,21.847919279556475,60.27597080793282,21.81,low
17,2,6,0,0,0,museum,Sydney,fog,12.006237158224383,65.25127971073789,44.17,medium
12,5,3,1,0,0,transport_hub,Sydney,fog,33.448435609489586,49.518780106759436,51.83,medium
9,4,10,0,0,0,beach,Rome,clouds,23.36715132174046,22.262921775408575,14.74,low
11,2,3,0,0,0,market,Rome,fog,21.53379779025263,44.76752936224223,30.52,low
0,6,5,1,0,0,museum,Dubai,snow,13.865995634942824,23.378894994930373,20.87,low
9,6,12,1,0,0,beach,Singapore,fog,9.140397734498693,56.756941011130486,46.59,medium
10,4,10,0,0,0,tourist_spot,Istanbul,fog,2.2918298236897083,71.8394220487703,48.77,medium
2,1,11,0,0,0,shopping_mall,Singapore,clear,19.81148071328207,40.23872865422822,5.38,low
1,4,3,0,0,0,restaurant,Tokyo,clouds,0.5030741532227934,56.54954615276611,5.02,low
4,0,9,0,0,0,museum,Bangkok,rain,33.72126793190447,56.58467960281908,8.98,low
20,6,10,1,0,0,market,Istanbul,clouds,30.411228406890753,76.58323619493055,36.59,medium
21,2,5,0,0,0,transport_hub,Tokyo,clear,35.3804798100178,59.08014852676741,18.54,low
2,0,6,0,0,0,transport_hub,Barcelona,clear,14.592226694777843,51.19099103510921,7.92,low
2,4,3,0,0,0,beach,Bangkok,fog,39.214146150096894,62.42548695179476,0.0,low
23,1,3,0,0,0,restaurant,Bangkok,clear,35.30433039978022,43.518767647120285,0.0,low
13,3,12,0,0,0,museum,Tokyo,fog,39.36622297402611,34.052416644077105,41.79,medium
11,6,9,1,0,0,museum,Dubai,snow,2.695039389568241,29.649444230752536,74.2,high
20,6,5,1,0,0,beach,Sydney,rain,30.392449110662593,85.80165888434243,41.31,medium
15,3,8,0,0,0,park,Dubai,fog,39.616083624468,75.46443417567588,30.36,low
18,1,3,0,1,0,beach,London,clouds,2.038009840211501,73.14660605315065,64.58,medium
18,4,2,0,0,0,market,New York,fog,16.878250911962883,29.98603416703304,25.47,low
3,2,1,0,0,0,market,Singapore,fog,30.646041336650093,28.29471935770894,3.39,low
6,5,2,1,0,0,museum,Sydney,fog,9.748680134621534,94.71464631082932,22.4,low
0,0,10,0,0,1,transport_hub,Amsterdam,snow,6.951070485308222,20.90531394624786,34.94,low
11,2,7,0,0,0,beach,Singapore,rain,14.948538062451146,66.52563039105976,17.98,low
5,0,10,0,1,0,park,Tokyo,rain,33.52383732031074,73.24514640607018,10.36,low
23,3,8,0,0,0,market,Singapore,clouds,12.341519226726717,59.28207317783388,10.21,low
14,3,12,0,0,0,park,Istanbul,clouds,12.995087244309405,71.263301106893,32.66,low
10,1,8,0,0,0,beach,Tokyo,fog,6.049875322838627,92.40063226381399,23.81,low
0,5,7,1,0,0,beach,Amsterdam,fog,26.647860999395903,50.98090996961123,41.26,medium
21,0,5,0,0,0,museum,Dubai,clear,3.755490677315372,89.75882565430135,12.43,low
2,1,5,0,0,0,shopping_mall,Singapore,clear,8.363914679750163,49.348022727611706,0.0,low
12,0,1,0,0,0,restaurant,Bangkok,fog,7.007474156355333,25.522827981064474,24.4,low
5,5,9,1,0,0,beach,Barcelona,rain,7.699787080601315,93.28833081789415,27.84,low
19,4,5,0,0,0,tourist_spot,Istanbul,fog,39.72697527136391,82.44522289833884,58.15,medium
11,3,5,0,0,0,restaurant,Barcelona,clouds,4.306233125969872,35.06517296021826,18.6,low
8,4,12,0,0,0,transport_hub,New York,snow,13.200893823668629,53.872095400728654,26.89,low
18,0,4,0,0,0,transport_hub,Paris,clouds,16.112333983577855,54.10811064138016,23.05,low
14,5,3,1,0,0,museum,New York,snow,11.361550047759788,84.0737268827401,68.9,high
17,3,10,0,0,0,museum,Dubai,fog,9.518354388379588,57.70887082412521,30.91,low
0,3,6,0,0,0,museum,Barcelona,fog,19.866069380538434,40.11850638744097,12.79,low
7,5,4,1,0,0,beach,Istanbul,rain,33.565799399131215,30.324956015577868,35.11,medium
4,0,6,0,0,0,beach,Tokyo,rain,28.337382951070307,62.266510426854644,0.0,low
4,1,1,0,0,0,park,Dubai,fog,7.5884752484866835,83.93428896256577,0.0,low
23,1,9,0,0,0,transport_hub,Singapore,snow,3.0729689365118107,86.10579559824234,9.14,low
17,0,7,0,0,0,beach,Barcelona,clear,38.26463189172484,88.67237390985467,31.05,low
18,1,12,0,0,0,museum,Istanbul,rain,29.792571796059594,58.66762436228325,40.42,medium
6,3,5,0,0,0,transport_hub,Sydney,snow,36.94729808480212,63.438008304795595,7.54,low
2,2,10,0,0,0,market,Amsterdam,snow,22.476829521358376,44.53844659292404,0.0,low
13,2,8,0,0,1,tourist_spot,Istanbul,fog,5.432485938285905,70.1705956495486,79.48,high
7,6,1,1,0,0,restaurant,Dubai,clear,6.317732337536381,76.87638013416328,29.41,low
19,1,8,0,0,0,beach,Bangkok,snow,17.715015460220506,90.8193576060899,9.91,low
20,6,7,1,0,0,shopping_mall,London,rain,39.47708156580247,48.15014535277927,53.08,medium
15,1,3,0,0,0,tourist_spot,Singapore,fog,0.10041455850209324,50.42239006200019,52.82,medium
15,2,11,0,0,0,park,London,snow,12.705870348405783,49.33201071919912,20.73,low
6,4,4,0,0,1,restaurant,Tokyo,fog,39.782682759082114,40.29095365911726,33.55,low
17,6,3,1,0,0,shopping_mall,Istanbul,clear,20.69936661961865,57.69602613267769,53.53,medium
3,5,7,1,0,0,tourist_spot,New York,clear,23.591877460719385,33.20730471373813,25.4,low
4,0,3,0,0,0,transport_hub,Rome,fog,27.456827471454535,62.26629677849592,0.0,low
1,1,6,0,0,0,park,Paris,rain,33.27931264504306,65.62973237827143,2.33,low
23,0,4,0,1,0,tourist_spot,Paris,fog,38.64704247980423,89.39122716053694,36.56,medium
6,4,4,0,0,0,transport_hub,Rome,clouds,29.138564615293397,41.22929333374552,15.64,low
18,3,2,0,0,0,restaurant,Sydney,clear,11.05177614230946,35.800088703993254,5.31,low
16,5,8,1,0,0,transport_hub,Sydney,clear,5.73806289112881,35.08458813227159,53.69,medium
11,4,1,0,0,0,park,New York,fog,26.1898421624155,73.22950808805045,9.17,low
20,1,1,0,0,0,museum,Tokyo,fog,7.852756904273064,46.5029567859119,18.95,low
23,4,11,0,0,0,tourist_spot,Sydney,fog,33.02766298694649,43.51351635421646,16.73,low
19,2,4,0,0,0,tourist_spot,Istanbul,clouds,21.68965748241858,53.57436843926908,53.62,medium
14,6,3,1,1,0,beach,Bangkok,snow,33.6617346787193,59.26911721596789,50.0,medium
2,3,11,0,1,0,restaurant,Rome,clouds,32.72424726896705,55.27884569956733,16.58,low
17,4,8,0,0,1,shopping_mall,Rome,clouds,7.862115623792123,37.91137000233677,75.1,high
18,5,12,1,0,0,restaurant,Amsterdam,snow,7.214421148547099,76.40829133719907,58.17,medium
16,1,9,0,0,0,market,Paris,rain,22.369617843581686,61.31985585710254,47.54,medium
7,6,5,1,1,0,restaurant,Tokyo,snow,2.2592155161858196,52.82852386825252,66.01,high
12,2,4,0,1,0,shopping_mall,Singapore,clouds,31.289400122718128,80.9595945095045,66.12,high
17,3,7,0,0,0,market,Paris,clear,21.226643613017615,93.69244377555631,34.33,low
10,4,3,0,1,0,shopping_mall,Rome,fog,36.32585769465555,37.86703170067196,54.46,medium
6,4,1,0,0,0,beach,Paris,snow,4.43056869346901,85.39352236878568,7.82,low
8,3,6,0,0,0,shopping_mall,Amsterdam,snow,30.025970602168023,54.90010689803083,37.01,medium
12,2,7,0,0,0,park,Sydney,snow,27.92054097756396,27.105852679005277,31.89,low
10,6,11,1,0,0,restaurant,Singapore,clouds,28.767041951551544,92.94214152177537,51.54,medium
21,1,11,0,0,0,market,Barcelona,snow,37.92562770949117,63.00837272804672,23.3,low
22,5,2,1,0,0,museum,Dubai,clear,4.12102813092905,28.416287031774026,20.55,low
15,0,3,0,0,0,restaurant,London,rain,18.397880920119572,41.513687671736946,17.75,low
15,1,3,0,0,0,tourist_spot,Amsterdam,snow,33.856828805775855,59.90431987265801,35.15,medium
17,5,9,1,0,0,restaurant,Dubai,clear,8.933576124661231,52.54384342037751,61.42,medium
1,3,12,0,0,0,market,Singapore,snow,36.86959523725665,42.439642108913944,2.21,low
12,0,12,0,0,0,restaurant,Istanbul,clouds,23.123351976492962,38.31573879382758,37.3,medium
11,6,10,1,0,0,market,Rome,snow,3.085213099954238,84.76815652882568,50.59,medium
23,0,12,0,0,0,shopping_mall,Dubai,clouds,21.416579050992716,20.5667193739977,15.67,low
6,2,10,0,0,0,market,Rome,clouds,15.101442667872217,69.88194155991155,18.36,low
12,6,11,1,0,0,market,Istanbul,fog,15.113344365360021,90.16437079535407,48.1,medium
15,2,9,0,0,0,beach,Istanbul,clouds,0.983418288564013,71.33973782314503,34.49,low
20,0,12,0,0,0,park,Singapore,snow,27.802567835277564,50.99060982090016,13.02,low
18,5,4,1,0,0,restaurant,Tokyo,clouds,22.876451597041626,41.03883461483366,49.01,medium
5,6,12,1,0,0,restaurant,New York,clear,30.571653246538496,84.14711813913149,36.65,medium
11,5,7,1,0,0,restaurant,Amsterdam,clear,14.421231232456758,45.62944891008939,54.84,medium
2,2,10,0,0,0,market,Barcelona,fog,36.65351368160143,26.415364664762578,9.23,low
1,1,1,0,0,0,restaurant,Barcelona,clear,36.59420971826117,57.88147446736465,0.0,low
15,5,3,1,0,1,restaurant,Barcelona,fog,23.18287843862897,76.6256727352721,81.46,high
11,2,1,0,0,0,shopping_mall,Tokyo,fog,17.467450694514646,30.446129045846973,20.24,low
4,1,7,0,0,0,transport_hub,Paris,clouds,16.311320634848784,60.218510654044586,7.43,low
9,1,1,0,0,0,restaurant,Rome,clear,20.95406169414685,85.4920037518195,16.53,low
5,3,7,0,0,0,restaurant,Paris,rain,7.083734131057637,64.8488692518832,0.0,low
20,6,10,1,0,0,park,Bangkok,clouds,3.121364532895594,35.17680431385728,44.57,medium
17,0,1,0,1,0,park,Bangkok,snow,15.765261342360763,86.91205305172998,17.1,low
0,6,6,1,0,0,restaurant,London,snow,1.9640593277116603,81.90285374034639,39.05,medium
21,1,10,0,0,0,shopping_mall,Rome,clear,39.94959212527939,39.05953019106768,16.01,low
22,0,10,0,1,0,restaurant,Amsterdam,clear,38.0299793749075,27.344099164859855,31.16,low
7,6,2,1,0,0,beach,Bangkok,clouds,14.513325344647692,43.86153282934449,27.44,low
9,2,3,0,0,0,tourist_spot,Dubai,snow,37.0572879473974,91.34907453043151,17.34,low
5,6,6,1,0,0,transport_hub,Tokyo,clear,20.458004567682366,59.52865270543257,12.33,low
1,2,3,0,0,0,beach,Istanbul,snow,29.59092249269019,79.27863087140071,7.33,low
12,3,7,0,0,0,tourist_spot,Rome,clear,17.68790223057469,65.9362378307371,79.92,high
6,5,12,1,0,0,museum,Istanbul,clouds,11.09825106638413,92.33028673971384,25.96,low
12,4,3,0,0,0,shopping_mall,Dubai,rain,34.9456152111004,36.5636654095929,44.24,medium
2,2,6,0,1,0,beach,Barcelona,clouds,10.952223286889877,87.26823703094908,18.34,low
18,3,6,0,0,0,restaurant,Barcelona,rain,0.5594329419478816,25.719842463873075,22.45,low
20,4,3,0,0,0,tourist_spot,Amsterdam,clouds,14.994499094479746,32.66980333843243,28.7,low
21,3,11,0,0,0,tourist_spot,Barcelona,clear,17.34884424343901,27.071444160816164,8.78,low
10,5,7,1,0,0,restaurant,London,clear,3.223157302953137,54.13112121163551,51.33,medium
11,0,11,0,0,0,park,Istanbul,clouds,31.985627969016495,61.43024349305795,22.2,low
9,6,6,1,1,0,market,New York,clouds,26.858944863220074,61.16556722981386,58.29,medium
20,6,1,1,0,0,market,Paris,rain,33.78972185864669,85.47045971777813,28.54,low
0,5,7,1,0,0,museum,New York,snow,38.59442145987957,83.82781508990178,33.27,low
15,0,2,0,0,0,restaurant,Istanbul,fog,35.49604463600652,42.150977461753286,25.52,low
7,4,2,0,1,0,market,Barcelona,clouds,24.0141634337405,81.05628618148694,28.26,low
17,5,9,1,0,1,restaurant,Dubai,rain,37.95232831624472,92.70984091563355,85.78,high
15,4,8,0,0,0,beach,Barcelona,fog,10.640686796414801,83.22325546183191,21.37,low
11,6,7,1,0,0,tourist_spot,London,clear,25.62262781103258,81.58482828886928,91.46,high
17,5,10,1,0,0,beach,Amsterdam,clouds,1.872314070267178,43.949252522814035,52.49,medium
10,4,1,0,0,0,tourist_spot,Rome,fog,26.431636543812644,45.09349337847047,28.22,low
10,5,1,1,0,0,museum,Dubai,clouds,6.815817983380752,24.451540828285182,41.63,medium
15,2,2,0,0,0,park,Rome,fog,22.720003458029492,71.8861258803247,10.25,low
3,4,4,0,0,1,shopping_mall,Rome,clear,14.261791525627551,59.59049788095122,21.71,low
22,3,6,0,0,0,park,Dubai,snow,19.154513267806585,78.55497658893643,7.25,low
12,2,9,0,0,0,beach,Bangkok,snow,15.750322156681285,74.72084138060973,20.34,low
15,3,10,0,0,0,park,Tokyo,fog,0.06288444786089809,52.726731626367936,14.42,low
6,4,9,0,0,0,market,Barcelona,clouds,27.135229392086554,63.922270997511156,4.9,low
0,6,10,1,0,0,park,London,rain,0.7285818865097626,49.694280926715805,26.11,low
10,2,12,0,0,0,shopping_mall,Singapore,snow,11.5867635450209,61.91896669677717,42.22,medium
6,1,2,0,0,0,museum,Bangkok,snow,18.397330139606865,31.21022510991888,23.75,low
17,3,10,0,0,0,museum,London,snow,10.705276774386174,65.73606131410082,49.04,medium
7,0,6,0,0,0,restaurant,Paris,fog,14.315847826102189,64.95616910980732,25.15,low
23,3,5,0,0,0,beach,Paris,fog,7.528240734589229,65.00660661931758,0.0,low
14,3,7,0,0,0,restaurant,Rome,clear,10.158354228556536,80.72600089148278,44.11,medium
23,1,5,0,0,0,park,Singapore,rain,8.06820829867191,85.20712114174111,1.63,low
14,3,4,0,0,1,tourist_spot,Rome,fog,18.352838913801143,25.08891079751103,81.78,high
11,0,11,0,0,0,beach,Barcelona,snow,15.397841660407865,78.48464216820719,14.57,low
21,2,2,0,0,0,restaurant,Amsterdam,rain,36.34094712049275,50.10993723278945,17.96,low
3,4,8,0,0,0,tourist_spot,Dubai,clear,4.3802147226815435,70.58212550184474,5.38,low
13,4,11,0,1,0,park,London,clouds,35.91370602986322,57.714490477127626,33.97,low
14,5,6,1,0,0,shopping_mall,Tokyo,snow,23.046936866102698,27.56507407158923,83.44,high
16,3,11,0,0,0,shopping_mall,New York,clouds,2.805773353193617,22.403717635398895,24.65,low
10,2,7,0,0,0,shopping_mall,Dubai,snow,36.51640358876479,90.5666930295826,44.23,medium
10,0,1,0,0,0,shopping_mall,Istanbul,clear,5.742825818364774,77.76491030315674,23.07,low
5,6,5,1,0,0,shopping_mall,Dubai,fog,36.47184838310583,32.34536669678314,31.5,low
21,1,8,0,0,0,museum,Sydney,clear,11.688137680268458,73.92820315194602,27.69,low
21,4,12,0,0,0,transport_hub,Barcelona,clouds,31.792034887701362,36.087840193360925,22.28,low
6,4,3,0,0,0,museum,Dubai,fog,19.760759181320235,56.97873940034608,23.81,low
13,5,5,1,0,0,park,Rome,clear,12.217029929836553,20.358345392594014,59.53,medium
1,3,10,0,0,0,shopping_mall,Barcelona,clouds,34.4580778464237,29.22779872133367,0.0,low
9,3,3,0,0,0,tourist_spot,Singapore,fog,23.372491124607354,59.30409610676632,39.71,medium
5,2,6,0,0,0,transport_hub,Istanbul,clouds,8.245301765990462,40.053343619381884,10.67,low
22,5,8,1,0,0,shopping_mall,Sydney,fog,34.551796726832976,28.61805591562515,40.85,medium
19,4,10,0,0,0,shopping_mall,Istanbul,snow,32.96039070994873,44.12771340000693,35.54,medium
14,0,10,0,0,0,transport_hub,Dubai,snow,28.08985649894899,90.50152122992804,48.88,medium
21,2,9,0,0,0,shopping_mall,Tokyo,rain,23.478768093841094,72.18934629645675,15.75,low
20,4,12,0,0,0,tourist_spot,Bangkok,snow,22.32981184834616,34.62796426269151,37.34,medium
0,2,2,0,0,0,museum,Singapore,clouds,10.287400204320999,92.22595601792884,8.5,low
11,5,6,1,1,0,beach,Paris,clear,3.984104516806828,71.15580133917507,100.0,high
14,0,5,0,0,0,transport_hub,New York,clear,39.62450538746999,86.10098562084913,46.42,medium
22,6,8,1,0,0,shopping_mall,Tokyo,clouds,13.031810226819097,50.782612528659,41.01,medium
5,6,10,1,0,0,shopping_mall,New York,fog,27.502165524396123,35.79944184704916,25.6,low
20,5,7,1,0,0,museum,Singapore,snow,5.419736186540889,84.84568538215942,47.21,medium
1,5,3,1,0,0,market,Istanbul,clouds,15.850669038399934,93.80142975113301,15.26,low
18,4,8,0,0,0,museum,Barcelona,snow,19.29968867484053,45.15975949459245,48.62,medium
9,4,2,0,0,0,beach,Singapore,fog,26.134865893364903,71.15400023991114,21.17,low
19,3,3,0,0,0,tourist_spot,Bangkok,clear,31.821567029636103,46.31908489362216,28.19,low
5,5,11,1,0,0,beach,Tokyo,clear,34.83390867432882,55.34484741823845,50.29,medium
4,2,4,0,1,0,market,Amsterdam,snow,17.41707426486757,92.76058028804415,4.95,low
20,4,10,0,0,0,tourist_spot,Barcelona,clouds,25.08839606393421,68.89469059961996,40.55,medium
13,6,12,1,0,0,park,London,clouds,20.02316318315687,52.57519877338091,64.83,medium
14,3,3,0,0,0,tourist_spot,Barcelona,clear,38.680646574286776,22.401666131003566,45.31,medium
14,2,12,0,0,0,restaurant,New York,snow,17.743269162552853,61.84416425817161,41.02,medium
17,2,11,0,0,0,beach,Rome,rain,4.4085414157220315,28.93569106059467,3.4,low
0,1,3,0,0,1,transport_hub,Amsterdam,snow,6.257581002382775,90.96996719398436,43.15,medium
17,6,2,1,0,0,beach,Dubai,rain,5.068294636142312,34.321382535811225,28.0,low
18,1,11,0,0,0,beach,Amsterdam,rain,23.868067905446622,85.56920189363956,6.99,low
10,5,9,1,1,0,beach,Paris,clouds,13.833539206656397,47.46533588733105,93.99,high
18,2,5,0,0,0,shopping_mall,Istanbul,clear,8.030245445556034,85.81209833974866,44.47,medium
18,2,9,0,1,0,transport_hub,London,clouds,7.915420611833981,77.39234212877335,62.56,medium
10,3,9,0,1,0,tourist_spot,Amsterdam,snow,6.380144093036204,34.80197884398556,40.42,medium
13,0,10,0,0,0,museum,Bangkok,snow,5.947879832538487,72.4934437896305,42.23,medium
10,5,3,1,0,0,restaurant,New York,clouds,31.634613949570053,87.72107195784123,38.58,medium
1,3,4,0,0,0,museum,Paris,fog,6.712950641768827,74.04059315625308,15.97,low
19,2,3,0,0,0,park,Paris,fog,38.69750251123189,38.83027194790088,11.22,low
9,1,4,0,0,0,museum,New York,fog,30.16304311929725,65.11054302551172,39.38,medium
23,6,1,1,0,0,tourist_spot,Dubai,rain,32.257140455475415,65.60190171336193,11.9,low
10,3,1,0,0,0,tourist_spot,Dubai,clear,11.30478611957978,82.95150203173729,27.82,low
1,3,12,0,0,0,museum,Istanbul,clear,39.23713593151326,73.26528207660995,1.44,low
20,4,12,0,0,0,beach,Sydney,clouds,31.115734945509924,94.97375294667884,32.6,low
13,6,4,1,0,0,beach,Sydney,clear,38.43207825314143,25.631475612947686,74.99,high
13,1,10,0,0,0,shopping_mall,Bangkok,clouds,5.961296768681024,71.40664170910836,49.54,medium
18,3,12,0,0,0,restaurant,Bangkok,clear,32.34903045519475,66.6420515492083,36.97,medium
8,4,7,0,1,0,transport_hub,Sydney,clouds,34.47918104491379,31.147658527169913,65.35,high
7,3,9,0,0,0,museum,Istanbul,snow,38.744733538284436,46.54636604456394,15.68,low
13,1,5,0,0,0,beach,Barcelona,fog,8.443270928472156,41.40571548415728,24.61,low
19,5,8,1,0,0,transport_hub,Paris,fog,30.152063785819088,41.80263026575293,46.05,medium
12,2,4,0,1,0,park,Barcelona,snow,28.96440020395591,89.90532198746072,28.1,low
6,6,11,1,0,0,market,New York,clear,5.909951625233165,40.341189704842236,21.87,low
15,3,7,0,0,0,beach,Rome,clouds,35.70401615428036,70.21259497836627,14.13,low
11,6,8,1,0,0,transport_hub,Singapore,fog,20.159414930901058,20.999084126853916,62.66,medium
16,6,11,1,0,0,restaurant,Sydney,clear,14.759722432880178,67.51169429099875,46.06,medium
4,3,10,0,0,0,shopping_mall,Dubai,fog,20.39784613996278,64.21333847864602,0.0,low
13,6,1,1,0,0,beach,Barcelona,clouds,26.572161589672305,64.84266531548658,55.33,medium
14,3,5,0,0,0,beach,Istanbul,clouds,9.438253963860173,80.46503624358243,34.96,low
10,3,4,0,0,0,restaurant,Rome,clouds,24.293465227996585,76.44452609091312,39.38,medium
10,0,12,0,0,0,shopping_mall,Dubai,clear,38.47600662214298,89.62344431610917,36.52,medium
16,2,5,0,0,0,tourist_spot,Tokyo,snow,38.926393099646496,51.5371080096499,41.41,medium
9,1,8,0,0,0,transport_hub,Paris,snow,22.85567441173299,40.059224472286914,54.24,medium
11,2,8,0,0,0,restaurant,Rome,rain,24.85139580763085,22.29880720916251,45.77,medium
5,3,8,0,0,0,restaurant,Istanbul,fog,26.519189700011818,52.02141372468254,0.0,low
18,1,4,0,0,0,tourist_spot,Bangkok,snow,10.280302307216607,56.15527654768878,26.53,low
4,3,10,0,0,0,tourist_spot,Istanbul,clear,2.4606774137244924,20.11526041737062,0.04,low
16,2,8,0,0,0,park,London,fog,0.713746783839273,26.369961784637134,28.9,low
14,4,7,0,0,0,shopping_mall,Istanbul,fog,25.774005717542394,34.129196964101,52.99,medium
4,0,10,0,0,0,market,Barcelona,clouds,5.186871330121883,39.77582711436715,0.0,low
15,2,1,0,0,0,shopping_mall,Singapore,snow,14.484478964180134,70.58395993285458,27.54,low
5,5,2,1,0,0,museum,Amsterdam,fog,7.468051938186426,27.485563644590634,3.67,low
16,6,10,1,0,0,park,Bangkok,clouds,7.584175327791214,37.27196904780481,59.94,medium
22,4,2,0,0,0,shopping_mall,Dubai,rain,31.35083139414028,76.85902279694325,10.53,low
9,2,11,0,0,0,shopping_mall,Barcelona,fog,9.863364210279645,69.75401694120944,24.95,low
9,4,9,0,1,0,shopping_mall,Singapore,snow,38.08718166418872,82.20439797888022,63.32,medium
18,3,11,0,0,0,market,Dubai,clouds,2.182818695966433,94.3085304126231,37.17,medium
9,0,11,0,0,0,beach,Tokyo,snow,11.59244549617451,75.95978274223864,0.0,low
20,5,4,1,0,0,shopping_mall,Dubai,clear,30.46857135579188,58.75854655395991,48.74,medium
6,1,3,0,0,0,beach,Istanbul,clouds,13.022726064443653,73.89850360746104,4.4,low
10,6,10,1,0,0,market,Istanbul,clear,13.412639125681668,52.86706516868427,42.37,medium
20,2,8,0,1,0,transport_hub,Amsterdam,fog,8.550567178228285,56.55617846415227,71.15,high
4,3,3,0,0,0,beach,Amsterdam,fog,33.2252810457585,41.904478836314865,0.0,low
19,0,7,0,0,0,shopping_mall,Amsterdam,clear,22.158210464431093,67.37470903640664,41.17,medium
0,3,5,0,0,1,tourist_spot,Dubai,clear,29.694196956015393,33.34293177608944,16.78,low
21,2,2,0,1,0,beach,Sydney,clouds,12.872460332048735,44.252226903758995,54.19,medium
3,3,12,0,0,0,park,Sydney,clear,15.901540352494962,27.361620831750244,0.0,low
21,5,12,1,0,0,tourist_spot,Amsterdam,clear,25.246500951072864,46.477830585936665,37.34,medium
15,2,12,0,0,0,market,Rome,clouds,26.935497790517594,68.08328000437366,49.27,medium
18,6,12,1,0,0,beach,Bangkok,clouds,32.64449105151722,34.87811832883256,64.6,medium
11,1,2,0,0,0,museum,Singapore,snow,13.275495786650758,33.503104440421716,19.82,low
8,3,8,0,0,0,restaurant,London,snow,27.0205287478851,70.98841645795571,17.25,low
14,3,5,0,0,0,restaurant,Rome,clouds,33.31907205851069,45.11048234926487,39.19,medium
10,1,5,0,0,0,tourist_spot,London,clear,25.88223236509829,52.8202502425381,63.23,medium
8,1,4,0,0,0,tourist_spot,Singapore,clear,27.42893148295627,33.67459885819893,27.29,low
0,2,6,0,0,0,beach,Tokyo,fog,19.25477052997619,39.81503367225571,0.0,low
12,2,2,0,0,0,beach,Sydney,rain,31.74618835588805,87.34425849278256,17.15,low
14,6,4,1,0,0,museum,New York,clouds,16.927815824881787,69.23251744899974,55.9,medium
23,3,9,0,0,0,tourist_spot,London,clouds,39.55686922298866,88.78653908492342,0.0,low
22,0,1,0,0,0,market,Barcelona,snow,35.578144603895616,56.72151800629513,0.0,low
23,3,11,0,0,0,tourist_spot,Singapore,clear,26.447453647619223,33.18931664671297,12.39,low
7,3,12,0,0,0,park,Singapore,rain,16.60795442735087,70.88217107493537,7.51,low
5,1,3,0,0,0,beach,Tokyo,fog,16.19534899895768,89.90266865298254,0.82,low
18,2,4,0,0,0,beach,New York,snow,27.921429365311017,39.17499167265286,25.39,low
1,4,8,0,0,0,transport_hub,Tokyo,rain,39.68505245473933,36.3284055882155,6.86,low
1,0,1,0,0,0,beach,London,clear,2.1526763912150226,70.91170281761538,13.69,low
8,4,2,0,0,0,tourist_spot,Singapore,clear,33.57103345081153,57.607212983869495,13.88,low
6,6,4,1,0,0,transport_hub,London,snow,39.744090041764196,67.32487029191428,18.42,low
13,0,9,0,0,0,transport_hub,New York,clouds,23.82788071540083,63.55587069837327,39.87,medium
12,2,7,0,0,0,shopping_mall,Singapore,clear,11.927972589978264,64.4543256898059,45.66,medium
15,0,2,0,0,0,museum,New York,fog,30.623145282662314,89.78360531633669,30.19,low
9,2,11,0,1,0,market,Singapore,clouds,8.675636880377029,72.15606716948093,39.51,medium
6,0,4,0,0,0,market,Bangkok,clouds,10.472799664942162,21.478358818183096,8.86,low
7,0,3,0,0,0,beach,Dubai,rain,19.988886857637638,26.269398532726946,11.29,low
23,3,5,0,0,0,museum,Dubai,rain,23.617437289116832,79.73727819342695,11.9,low
15,1,3,0,0,0,beach,Amsterdam,rain,24.001373695287405,31.63538986078344,31.41,low
11,0,12,0,0,0,transport_hub,New York,rain,26.72723592097521,85.22198020759197,46.08,medium
6,4,3,0,0,0,tourist_spot,Amsterdam,clouds,34.79076466366587,33.30018915702749,2.97,low
7,2,8,0,0,0,transport_hub,New York,snow,19.914119572600764,48.092322159297574,25.49,low
11,0,7,0,0,0,beach,Rome,clouds,26.567549797833806,83.78694348271166,25.08,low
8,4,5,0,0,1,beach,Rome,rain,35.87465033528829,38.40421637671537,46.52,medium
3,1,1,0,0,0,transport_hub,Istanbul,fog,37.38519923086221,56.01373060574308,0.0,low
23,4,2,0,0,0,park,Barcelona,rain,26.020411852591536,44.004536604385855,0.78,low
3,1,1,0,0,0,tourist_spot,Dubai,fog,32.947930222888935,56.48613817684767,0.0,low
8,4,5,0,0,0,park,Singapore,fog,21.25562304595681,77.89612181291339,21.42,low
13,6,7,1,0,0,beach,London,rain,13.219769967268968,90.20169359776638,43.74,medium
9,6,8,1,0,0,shopping_mall,Singapore,fog,9.154833018372273,91.45046320530307,58.57,medium
4,1,8,0,0,0,market,Istanbul,clouds,24.645269788762874,25.56983967028267,15.77,low
5,5,1,1,0,0,restaurant,Singapore,fog,19.949466659091044,41.62245418146799,13.55,low
1,3,11,0,0,1,transport_hub,New York,rain,0.15619404688432148,55.49285668725014,29.71,low
0,4,3,0,0,0,shopping_mall,Amsterdam,clouds,10.787250803531055,91.21064919279787,7.09,low
14,6,5,1,0,0,restaurant,Bangkok,fog,29.659319500864672,43.781279612668015,51.55,medium
19,3,4,0,0,0,museum,Singapore,snow,9.27383464243023,52.68778363140599,36.57,medium
19,4,7,0,0,0,shopping_mall,Amsterdam,rain,32.249555975031505,57.94738729345126,36.56,medium
21,5,9,1,0,0,transport_hub,Amsterdam,snow,4.529259443220219,67.38110524345603,36.5,medium
8,0,7,0,0,0,park,Rome,fog,2.5808050986584963,52.63555257198866,8.8,low
10,2,8,0,0,0,market,Barcelona,snow,11.106716763080119,52.89411830168777,47.19,medium
2,5,6,1,0,0,market,London,fog,14.767624850120583,87.68485427730913,24.85,low
19,2,3,0,0,0,museum,Dubai,fog,14.932512787811852,64.44705482785012,35.77,medium
17,3,11,0,0,1,restaurant,New York,fog,36.725789028327405,44.276551188450924,52.79,medium
10,3,1,0,0,0,park,Barcelona,snow,12.883378729381905,47.32403499132905,7.33,low
10,3,2,0,0,0,museum,Sydney,rain,11.617994728311825,29.426378194091228,25.78,low
23,6,11,1,0,0,shopping_mall,Tokyo,clouds,9.878514390509277,86.25093645058939,36.97,medium
13,5,2,1,0,0,transport_hub,London,clouds,14.7370969094432,90.86668599711993,39.9,medium
18,4,11,0,0,0,tourist_spot,Sydney,clouds,29.20944324252783,29.00286618307859,37.9,medium
0,5,2,1,0,0,shopping_mall,Dubai,rain,20.169893101346684,84.46730637105026,26.45,low
22,0,5,0,0,0,shopping_mall,London,snow,23.519587198486143,55.16471150647277,5.51,low
18,5,8,1,0,1,restaurant,Bangkok,snow,22.77531087272415,57.39427318977833,73.15,high
10,2,11,0,0,0,tourist_spot,Paris,rain,14.551993507671256,23.477698812460744,13.44,low
4,5,12,1,0,0,beach,New York,clear,0.6887092975020126,53.10824238443035,41.23,medium
22,3,8,0,0,0,market,Istanbul,snow,17.94556335115245,31.87539678754195,11.59,low
12,0,10,0,0,0,restaurant,Paris,rain,29.51344321704767,51.9016282445985,32.34,low
2,2,5,0,0,0,shopping_mall,Singapore,fog,30.82586316980162,74.38176818877693,8.56,low
5,2,3,0,0,0,park,Amsterdam,clear,23.612413640774573,83.47455783604306,6.92,low
14,4,7,0,0,1,tourist_spot,Dubai,rain,12.616935600285002,35.03611655385191,54.96,medium
0,1,7,0,0,0,transport_hub,London,rain,19.088751715998402,52.803401456162554,1.41,low
19,3,8,0,0,0,transport_hub,Paris,clear,31.900169607961747,83.90415730631457,45.24,medium
19,3,2,0,0,0,beach,Singapore,clouds,12.702882703580446,61.06320640575066,26.11,low
14,4,7,0,0,0,tourist_spot,New York,fog,8.975782528458701,62.687177030790984,67.51,high
4,1,7,0,0,0,museum,Rome,fog,3.378845221607336,55.48503691521936,0.0,low
7,5,5,1,0,1,tourist_spot,Bangkok,fog,14.87915889343467,36.181311588737614,66.8,high
17,2,2,0,0,0,park,Amsterdam,clouds,17.002071672190343,90.00564342157486,5.99,low
3,1,6,0,0,0,beach,Singapore,fog,13.438885708662403,51.03225811157071,6.03,low
15,0,2,0,0,0,shopping_mall,Barcelona,rain,17.956095273692018,38.26352816168955,33.87,low
9,3,12,0,0,0,museum,Paris,snow,26.357591489207323,46.534369575169286,39.27,medium
9,3,1,0,0,0,tourist_spot,New York,fog,29.495536238608786,61.10919166245974,28.37,low
20,3,1,0,0,0,transport_hub,Barcelona,clouds,19.377233536198936,41.897080404351556,31.06,low
15,2,1,0,0,0,market,Paris,clouds,4.5656564880657635,79.47281957767439,23.13,low
11,1,3,0,0,0,tourist_spot,Singapore,rain,4.67770976008989,48.42313256884587,35.99,medium
21,1,6,0,0,0,museum,Bangkok,clear,25.408479978657972,67.22648079455273,21.69,low
2,4,3,0,0,0,restaurant,Amsterdam,rain,26.176192866651387,23.37790979561891,0.0,low
9,5,2,1,0,0,transport_hub,Dubai,fog,5.204923041520493,55.81682668427216,38.54,medium
18,0,2,0,0,0,tourist_spot,Amsterdam,fog,24.952598882316387,44.90251666145107,39.68,medium
11,4,10,0,0,0,tourist_spot,Amsterdam,snow,8.701379121378041,41.96609628605016,33.1,low
5,1,5,0,0,0,park,Barcelona,fog,3.8911484135726937,22.87861126883567,3.5,low
7,0,8,0,0,0,transport_hub,Tokyo,rain,26.715314443104795,39.547604735277744,23.22,low
20,2,10,0,0,1,beach,Bangkok,fog,1.3946498214751157,46.77244648992206,45.32,medium
22,1,8,0,0,0,tourist_spot,Rome,fog,21.749313711831697,75.24821919414342,26.62,low
20,1,5,0,0,0,market,Barcelona,clear,15.059186848845929,75.40553020547895,31.91,low
18,1,2,0,1,0,shopping_mall,London,clear,20.04340617913172,28.677968692522434,61.89,medium
13,6,2,1,0,0,museum,London,clouds,21.822944371121373,48.47958836857501,60.06,medium
21,4,4,0,0,0,market,Dubai,clear,10.095293916915349,39.583178457327286,29.64,low
12,3,2,0,0,0,market,Barcelona,clear,13.967238431881643,51.627779514345335,31.08,low
14,2,5,0,0,0,beach,Sydney,snow,34.67722510153065,78.99740946809717,16.52,low
11,1,8,0,0,0,shopping_mall,Istanbul,rain,14.554398368932242,61.65297377477983,43.45,medium
18,0,10,0,0,0,shopping_mall,Tokyo,clouds,3.5820587749614186,45.263865165788594,6.64,low
3,1,5,0,0,0,beach,Paris,clouds,37.749572344714004,26.18645097970351,2.35,low
14,4,9,0,0,0,museum,Bangkok,rain,4.19155221282812,33.90163810745273,42.07,medium
9,6,9,1,0,0,transport_hub,Amsterdam,clouds,31.662090842153855,75.3905311577409,58.5,medium
23,3,10,0,0,0,transport_hub,Rome,fog,4.580143044955771,36.43961049543326,5.91,low
17,3,4,0,0,0,tourist_spot,Rome,snow,5.401479012047643,65.22053032518404,22.62,low
6,5,7,1,0,0,shopping_mall,London,rain,12.498335510180683,33.02144461316178,39.6,medium
21,1,5,0,0,0,beach,Paris,snow,27.034941053707957,43.32447083847126,0.0,low
8,6,9,1,0,0,tourist_spot,New York,clear,7.6512692220255385,31.619185465695338,55.27,medium
10,2,12,0,0,0,beach,Tokyo,clouds,17.209694600067273,31.43269007901951,29.1,low
6,4,4,0,0,0,park,Tokyo,rain,33.698633911876016,63.172962404981206,10.72,low
8,1,12,0,0,0,market,Amsterdam,clouds,13.57073843676693,47.58432723691489,18.42,low
16,6,7,1,0,0,tourist_spot,Dubai,fog,27.884950641764462,52.89513391797664,79.77,high
2,4,4,0,0,1,market,Bangkok,rain,26.263006215781935,35.89185231665867,13.21,low
3,1,6,0,0,0,restaurant,New York,clouds,9.753710673645429,85.88014759650062,6.41,low
14,0,5,0,0,0,shopping_mall,Istanbul,rain,24.576269786281316,88.36406542357562,49.28,medium
3,0,6,0,0,0,park,Bangkok,snow,18.312178180385565,42.06670041209263,4.33,low
4,0,12,0,0,0,park,Rome,clouds,8.050158148134233,56.67378314579539,1.36,low
15,6,10,1,0,0,market,Istanbul,snow,10.425373229180801,81.12375460762811,51.32,medium
21,2,1,0,0,0,transport_hub,London,snow,25.846682042299495,35.692801268728346,27.23,low
1,0,7,0,0,0,restaurant,Tokyo,clouds,19.3465365320994,64.7654733517098,0.0,low
7,4,12,0,0,0,park,Paris,fog,8.864326831523059,34.97791899469258,11.91,low
10,2,11,0,1,0,museum,Dubai,snow,21.62203544908897,20.84986024956374,54.04,medium
13,1,9,0,1,0,market,Dubai,clear,8.883262127856346,59.637942334571335,47.05,medium
23,0,12,0,1,0,transport_hub,London,rain,35.41183133964253,87.0570600261742,32.26,low
15,0,7,0,0,0,museum,Barcelona,rain,34.41020528004194,63.48515261158391,58.33,medium
0,0,3,0,1,0,beach,Bangkok,snow,9.42722073665989,48.50419582047479,19.74,low
9,3,3,0,0,0,beach,Paris,snow,26.120854668196813,80.73043354426596,9.14,low
15,1,11,0,0,0,market,New York,rain,31.272818014103866,94.4847474785395,28.24,low
13,0,5,0,0,0,museum,London,snow,2.413819888045241,41.68179472899017,47.97,medium
10,0,3,0,0,0,shopping_mall,Sydney,snow,0.7064608915697956,30.196113423870944,34.23,low
16,4,9,0,0,0,museum,Paris,fog,14.152720923404537,85.04440174774217,37.96,medium
16,3,3,0,0,0,beach,Bangkok,clear,8.576952343805946,61.425866126796,37.02,medium
17,6,2,1,0,0,market,Tokyo,snow,18.84177267123418,34.69735543462459,33.68,low
21,4,6,0,0,0,shopping_mall,Tokyo,clouds,7.800436204409866,20.750884750544213,35.78,medium
0,2,6,0,0,0,tourist_spot,Barcelona,snow,31.84365571724262,56.17818672616331,0.0,low
5,1,10,0,0,0,park,Singapore,rain,17.955359108359016,59.25767376065288,6.79,low
16,6,7,1,0,0,market,Tokyo,snow,4.6881687312596965,44.763093482303454,62.88,medium
4,1,6,0,0,0,restaurant,New York,snow,6.986153711101686,77.81410354821409,5.07,low
1,1,9,0,0,0,museum,Rome,clouds,38.02900279931934,86.96885840729229,0.0,low
11,2,5,0,0,0,park,London,fog,31.496466491009617,47.075567618098475,27.65,low
14,6,10,1,0,0,tourist_spot,Paris,fog,39.29335125374685,76.51408606870292,59.74,medium
12,2,8,0,0,0,beach,Sydney,clouds,14.015453862987698,93.35523737884598,30.56,low
11,5,10,1,0,0,tourist_spot,Rome,rain,21.58650025511912,47.06526594535958,48.08,medium
23,4,1,0,0,0,shopping_mall,Istanbul,clear,2.168465772791426,34.1213756700435,15.97,low
4,4,3,0,0,0,museum,Amsterdam,clouds,39.65507316218621,72.99600074085825,2.18,low
9,0,1,0,0,0,restaurant,London,rain,23.22746050969493,39.84815505429348,9.0,low
1,4,4,0,0,0,museum,Rome,clear,27.087124943702314,94.17377899658953,6.57,low
10,1,8,0,0,0,market,Paris,snow,6.965978088811733,92.88161332712522,41.81,medium
21,4,2,0,0,0,restaurant,Tokyo,rain,15.45317095476622,82.84094859112683,0.0,low
7,6,8,1,0,0,museum,Bangkok,clear,38.137408243466474,34.27260531414511,52.32,medium
2,5,1,1,0,0,shopping_mall,Tokyo,clear,23.283299891681438,43.7326801559574,18.41,low
1,2,9,0,0,0,transport_hub,Tokyo,fog,22.163184903145666,64.851255917542,11.2,low
0,3,12,0,0,0,tourist_spot,Barcelona,snow,9.310012947823903,46.858325204233296,0.0,low
7,5,3,1,0,0,transport_hub,Sydney,snow,9.545247066471326,33.65892380312062,0.09,low
7,5,4,1,0,0,tourist_spot,New York,fog,15.0548945304564,94.56857008737404,43.03,medium
12,4,2,0,0,0,beach,Barcelona,clear,23.2447806500225,92.5146389715017,28.27,low
14,2,1,0,0,0,shopping_mall,Singapore,rain,14.688335797434648,26.408757063583863,14.97,low
6,0,12,0,0,0,market,New York,fog,33.88160134432711,56.99011133653942,1.17,low
11,5,11,1,0,0,market,Bangkok,rain,37.75512305280092,59.19793476785339,64.04,medium
16,4,12,0,0,0,museum,Bangkok,fog,3.945349895164627,92.81033793793421,48.63,medium
3,0,11,0,0,0,museum,Tokyo,rain,11.71050599268639,80.44746404555688,6.62,low
11,2,11,0,0,0,park,Bangkok,clear,37.40931546804048,53.27518444937934,17.47,low
22,3,4,0,0,0,park,Tokyo,clear,16.09149116191602,44.08823425523864,0.0,low
20,1,11,0,0,0,tourist_spot,Dubai,clear,0.2975904622020886,29.168450711031866,25.59,low
15,6,4,1,0,0,beach,Tokyo,snow,26.010051034938726,22.75781999157101,34.34,low
21,6,4,1,0,0,market,Singapore,clouds,26.586661920656315,59.17605241656238,26.55,low
2,5,10,1,1,0,shopping_mall,New York,clouds,18.805144604185614,48.55104842651043,58.88,medium
8,3,3,0,1,0,tourist_spot,Paris,clear,34.08344347773784,89.74145475914673,55.99,medium
9,0,11,0,0,0,market,Bangkok,snow,38.37069486038459,83.88503105802906,23.3,low
3,4,3,0,0,0,beach,Rome,clouds,26.431696625758384,94.004506976744,0.0,low
3,6,3,1,0,0,park,Singapore,rain,37.705154549031874,30.83703987752117,19.91,low
4,6,6,1,0,0,market,London,clear,35.78223019623441,86.17307046084797,1.91,low
23,1,5,0,0,0,museum,Tokyo,fog,2.1925661636340177,58.88895724342796,0.0,low
11,0,9,0,0,0,museum,Amsterdam,fog,11.163106834694712,71.70834646890096,49.47,medium
10,6,2,1,0,0,market,Tokyo,snow,10.284821785912444,34.12436669389709,41.43,medium
3,6,8,1,0,1,beach,Rome,rain,12.943138970605798,81.61456012427395,34.15,low
3,5,4,1,0,0,restaurant,Singapore,clear,25.674428246706007,41.795055255722644,15.02,low
23,6,3,1,0,0,restaurant,Amsterdam,clear,21.7328764792149,83.58722896349131,20.44,low
20,2,2,0,0,0,shopping_mall,Dubai,rain,15.029635743353676,28.360691121273554,15.77,low
7,5,6,1,0,0,tourist_spot,Rome,rain,38.67637910792531,67.90443141952933,16.03,low
9,1,5,0,0,0,shopping_mall,London,clouds,26.175666996771184,68.97725331963156,27.34,low
15,5,9,1,0,1,restaurant,Bangkok,snow,20.07852398507747,47.01881573884005,86.6,high
7,5,1,1,0,0,museum,Amsterdam,snow,12.790796473259153,39.05848140837021,39.62,medium
18,2,1,0,1,0,restaurant,Singapore,clear,24.85514473850373,61.775663330572634,35.84,medium
14,4,12,0,1,0,park,Amsterdam,fog,22.586374587191976,44.56627398222294,51.7,medium
11,5,11,1,0,0,tourist_spot,Sydney,fog,2.6968358548395654,40.01759658395084,42.79,medium
12,0,6,0,1,0,beach,Dubai,clouds,24.253738703013514,67.63295253277126,73.53,high
9,6,6,1,0,0,museum,Bangkok,clear,13.853173214744242,40.205634852070574,57.07,medium
23,4,12,0,0,0,beach,New York,fog,35.69833416086857,21.94473313755681,15.24,low
23,4,6,0,0,0,tourist_spot,Bangkok,clouds,4.909525558380197,92.00199924469493,16.42,low
14,6,5,1,0,0,transport_hub,Sydney,fog,33.03993579171706,32.01428987626021,74.21,high
2,0,9,0,0,0,market,Barcelona,snow,0.09236658351540417,71.75984113017682,0.0,low
16,0,8,0,0,0,transport_hub,Bangkok,clouds,27.972157334127182,91.8480082032783,55.0,medium
2,6,9,1,0,0,restaurant,Rome,snow,19.782561716028738,30.798048899443884,24.87,low
20,6,11,1,0,0,shopping_mall,London,rain,31.374362439284177,70.71755492830161,38.98,medium
23,6,11,1,0,1,market,Paris,clouds,35.85532202754864,39.56780000325291,35.11,medium
20,5,1,1,0,0,shopping_mall,Tokyo,fog,13.695178941015683,93.31508315695254,27.73,low
10,4,11,0,0,0,market,Amsterdam,rain,34.796126754228155,68.07473633814702,29.64,low
18,0,1,0,0,0,transport_hub,Barcelona,fog,24.311808586337158,92.58199902594087,28.3,low
7,3,9,0,0,0,beach,Rome,clouds,18.4132896616969,46.117686435858644,14.25,low
7,3,6,0,0,0,museum,Bangkok,clear,5.943524266799471,37.95149537955571,22.68,low
3,6,4,1,0,0,museum,London,clear,19.01696036105551,34.07928916045782,28.57,low
1,4,11,0,0,0,market,Rome,fog,21.010837802972052,78.21472526295412,8.44,low
22,6,10,1,0,0,museum,New York,clouds,34.24408321682432,87.97616129743682,22.6,low
15,2,7,0,0,0,restaurant,Dubai,snow,30.725432859925515,77.30972050849667,42.95,medium
9,6,8,1,0,0,restaurant,Sydney,clear,0.47749846696282017,59.50937184036431,47.35,medium
17,2,12,0,0,0,shopping_mall,Dubai,fog,9.007645830470889,94.05783558912931,45.2,medium
23,5,3,1,0,0,market,New York,clear,24.690837858770408,80.72811256873824,20.71,low
14,2,8,0,0,0,museum,Barcelona,clouds,17.96556855513157,60.75922833844802,35.91,medium
22,1,10,0,1,0,restaurant,Dubai,snow,39.38426901400777,52.82532424921006,28.74,low
17,3,8,0,0,0,museum,Tokyo,clouds,26.84573419398289,63.11471745367123,44.76,medium
5,4,2,0,0,0,park,Barcelona,clear,19.531106615761495,93.7773971717372,0.0,low
10,6,1,1,0,0,restaurant,Barcelona,fog,34.16224873198991,88.79145741302573,49.21,medium
23,3,7,0,0,1,museum,Amsterdam,fog,7.167961169675214,68.8932291489272,22.48,low
16,4,8,0,0,0,transport_hub,Paris,clouds,21.397692346671953,56.91160575370012,53.33,medium
17,1,8,0,0,0,market,Barcelona,rain,2.806036767990565,47.83237514617029,44.71,medium
3,5,10,1,0,0,transport_hub,London,clear,0.6454772893564709,50.82240899061378,14.44,low
15,2,11,0,0,0,tourist_spot,Amsterdam,snow,36.216857502737035,26.795802954511274,25.33,low
2,3,8,0,0,0,beach,Istanbul,clear,23.611305753108653,45.271954802924725,10.15,low
0,6,8,1,0,0,restaurant,Singapore,clear,10.225345696562185,24.28042294291731,35.61,medium
15,0,5,0,1,0,museum,Singapore,clouds,25.240982369223378,35.84055984065769,59.6,medium
3,2,3,0,0,0,market,Paris,rain,14.842746411967212,29.719274404505505,0.0,low
4,3,5,0,0,0,museum,Bangkok,rain,27.710905164053678,29.523411820766068,0.0,low
17,5,3,1,0,0,park,Singapore,rain,36.839299297710696,24.546489995590075,31.73,low
10,5,3,1,0,0,market,Sydney,clear,35.64428693617681,48.84424932696014,22.13,low
19,1,3,0,1,0,museum,New York,snow,36.26101192753793,76.10284771486607,79.27,high
19,5,2,1,0,1,transport_hub,Singapore,fog,27.81293570259322,72.62879616813065,52.73,medium
17,2,1,0,0,0,museum,Sydney,snow,32.02929077671108,90.05678978606626,30.89,low
8,1,9,0,0,0,transport_hub,Bangkok,snow,29.76469120294526,73.94572906492053,38.49,medium
23,2,3,0,0,1,shopping_mall,Rome,clouds,2.2212740560016586,91.83112966036924,39.54,medium
2,4,1,0,0,0,transport_hub,Istanbul,snow,39.47759934681897,20.72148213012695,7.69,low
1,1,6,0,0,0,museum,Istanbul,snow,24.05673168191974,64.75644473706566,9.24,low
1,1,9,0,0,0,tourist_spot,Tokyo,rain,3.1375316689078403,85.48452155660978,2.15,low
23,5,12,1,0,0,tourist_spot,Bangkok,clear,33.71615626062241,78.75709864415066,24.43,low
13,3,10,0,0,0,transport_hub,Rome,clear,0.5420586586595411,86.70949829395757,44.19,medium
0,1,2,0,0,0,park,Istanbul,rain,18.47848039419769,59.63172517266207,0.0,low
9,4,8,0,0,1,shopping_mall,Barcelona,snow,22.06386792092385,65.37586596345665,58.67,medium
12,6,10,1,0,0,beach,New York,snow,38.64757096541408,59.775821402402244,24.36,low
15,4,12,0,1,0,transport_hub,Istanbul,fog,26.703502205744773,28.007541555512574,72.99,high
11,6,1,1,0,0,market,Amsterdam,clear,4.700067153017389,62.460811136235165,22.52,low
0,5,9,1,0,0,park,London,clear,33.52724341442568,83.77335716260868,40.07,medium
8,3,5,0,0,0,museum,Amsterdam,rain,32.15812727337863,84.25673576048057,28.45,low
12,3,11,0,0,0,restaurant,Tokyo,clouds,6.252391547140053,38.56286234500243,27.78,low
14,0,8,0,1,0,beach,Singapore,rain,15.030116766583976,50.9971119332476,36.37,medium
9,6,9,1,0,0,park,Bangkok,rain,37.93415804017562,57.88071979225007,54.18,medium
8,0,7,0,0,0,park,Tokyo,fog,20.339539913753253,77.94836808032014,27.38,low
7,4,4,0,0,0,shopping_mall,Amsterdam,rain,37.3415052033607,64.6772553866845,7.04,low
5,4,12,0,0,0,shopping_mall,Istanbul,fog,34.36783649508796,88.65863865302283,6.36,low
16,3,11,0,0,0,park,Paris,fog,15.379560989069049,83.805174693879,12.99,low
8,2,7,0,0,0,beach,London,fog,29.951042023061568,62.02624265558129,11.13,low
15,2,5,0,0,0,tourist_spot,Amsterdam,clouds,26.643174182951356,70.51799908590198,49.13,medium
13,3,5,0,0,0,park,Sydney,clouds,1.8114648227778174,38.61735877069791,31.96,low
11,2,6,0,0,0,museum,Sydney,fog,16.938178577064473,83.50102994864554,44.05,medium
14,2,8,0,0,0,park,Singapore,snow,27.767999157427973,50.02083772060435,24.5,low
22,0,2,0,0,0,museum,Sydney,clouds,6.5472735108577895,82.89528026419785,16.89,low
10,1,5,0,0,0,restaurant,Tokyo,fog,37.13397617543695,21.162156759359302,43.29,medium
13,4,12,0,0,0,shopping_mall,Barcelona,clear,33.82860501188094,52.70534168947058,38.18,medium
23,5,8,1,1,0,beach,Singapore,rain,31.403881146112912,55.81012560015871,50.79,medium
3,0,5,0,0,0,park,Paris,snow,18.722814305019412,89.39294602092642,5.4,low
11,3,5,0,0,0,tourist_spot,Istanbul,rain,10.241898184329878,41.16307115319059,32.12,low
19,2,10,0,0,0,transport_hub,Singapore,clouds,39.73446596560786,36.23522033390299,27.43,low
8,3,9,0,0,0,park,Barcelona,rain,26.179828486859616,49.27822020402171,21.59,low
13,1,11,0,0,0,restaurant,London,rain,0.12896320479581114,87.85116641754902,29.82,low
0,3,12,0,0,0,transport_hub,London,snow,37.141437451163114,55.261187030416565,7.79,low
20,6,6,1,0,0,market,Singapore,rain,35.229319797846685,57.34846807654457,35.92,medium
18,6,7,1,0,0,park,New York,snow,0.9140307410822102,50.73112643796489,25.65,low
19,4,3,0,0,0,tourist_spot,Amsterdam,snow,35.00561097450018,39.81521558442566,21.99,low
20,6,6,1,0,0,park,London,clear,19.27783984039938,82.3282915343176,60.81,medium
13,5,4,1,0,0,transport_hub,London,snow,10.241938572992826,40.86451248692676,50.99,medium
13,1,4,0,0,0,park,Sydney,fog,7.72178737665536,71.02653899881633,25.42,low
10,5,8,1,0,0,tourist_spot,Amsterdam,clouds,7.037277622302911,22.705628107735052,64.4,medium
19,3,2,0,0,0,museum,Barcelona,snow,19.214330799842593,58.2218562859616,16.06,low
1,1,8,0,1,0,shopping_mall,Amsterdam,fog,8.630355821315758,83.74756195556216,41.84,medium
23,5,11,1,0,0,tourist_spot,New York,snow,7.11399878001274,94.04194423865304,16.76,low
22,4,8,0,0,0,market,Rome,clear,3.6114772250366034,48.450108136650485,18.91,low
20,1,8,0,0,0,transport_hub,Sydney,clear,6.981772354949429,83.52875715151092,24.2,low
8,1,3,0,1,0,tourist_spot,London,clear,22.13191582624541,94.51224118446164,45.66,medium
8,3,4,0,0,0,beach,Barcelona,clear,26.14097688945687,22.062095595367598,16.65,low
7,2,7,0,0,0,tourist_spot,Barcelona,snow,27.199045846674824,68.47275535371026,21.96,low
4,5,9,1,0,0,restaurant,Sydney,rain,22.30497648586774,35.58561123218989,35.59,medium
11,1,5,0,0,0,park,New York,rain,18.961791014524167,55.950566776835146,11.42,low
20,3,11,0,0,0,transport_hub,Paris,clear,29.241203719172063,85.56500929326914,13.87,low
4,1,5,0,0,0,museum,Singapore,clear,14.30999995666236,91.15923082908695,4.76,low
11,6,12,1,0,0,restaurant,New York,fog,11.116830665443844,83.14256116075462,52.81,medium
9,2,10,0,0,0,restaurant,Istanbul,snow,28.747848409821692,77.17221482139104,18.25,low
18,0,5,0,0,0,restaurant,Istanbul,fog,10.736040431444218,64.5884900610474,41.0,medium
16,5,6,1,0,0,beach,Singapore,snow,19.91453700913569,60.378078101323844,48.47,medium
2,6,9,1,1,0,tourist_spot,Rome,snow,34.27720450887691,32.40471020162569,27.56,low
19,6,1,1,0,0,beach,Barcelona,rain,12.669742550276801,36.530126747288904,13.04,low
16,0,11,0,1,0,tourist_spot,New York,clear,28.174610702936924,20.596357580381763,68.34,high
18,4,4,0,0,0,museum,New York,rain,27.53905452742988,54.22931603504107,54.4,medium
13,0,7,0,0,0,transport_hub,Singapore,clear,15.826309687500451,80.02729927614584,56.99,medium
0,1,11,0,0,0,museum,Sydney,clouds,26.46888318045736,22.276286789547267,12.73,low
23,2,4,0,0,0,transport_hub,Dubai,snow,9.009922729251345,85.64617217981922,16.46,low
15,5,8,1,1,0,tourist_spot,Istanbul,clear,27.722185093514113,40.64239880101416,100.0,high
2,4,7,0,0,0,shopping_mall,Barcelona,clear,39.95703644550362,20.510881013172835,3.44,low
22,6,4,1,0,0,shopping_mall,London,clouds,19.242965820814632,67.5213702725052,40.82,medium
2,1,2,0,0,0,tourist_spot,Tokyo,rain,16.549257980729557,25.756187528606176,11.86,low
19,2,7,0,0,1,market,New York,rain,3.093820574497008,59.31636254187748,48.58,medium
8,4,12,0,1,0,beach,Bangkok,rain,39.03398363295627,40.31341004160302,27.39,low
17,4,12,0,0,0,tourist_spot,Rome,clear,22.284502002960508,84.00629805267144,62.11,medium
9,3,2,0,0,0,transport_hub,Paris,rain,36.90895827712205,73.07987264124986,29.21,low
10,2,8,0,0,0,beach,Paris,clouds,24.01701384200429,34.29055862063778,18.83,low
8,3,12,0,0,1,shopping_mall,Singapore,snow,36.510709375865765,83.20096751169373,40.15,medium
12,2,12,0,0,0,market,Barcelona,clear,6.765639537412631,43.22114653925112,51.52,medium
1,6,9,1,0,0,beach,Sydney,fog,4.385168486940976,74.66814530645392,18.59,low
10,4,5,0,0,0,park,Tokyo,clouds,19.959956738165076,79.50008357827119,36.5,medium
17,4,11,0,1,1,museum,Bangkok,fog,19.968644580592002,78.92562411509971,92.14,high
11,0,12,0,0,0,shopping_mall,Paris,snow,21.93607818526519,83.77083749927937,36.82,medium
1,2,11,0,0,0,park,Rome,clear,36.24547719465066,40.92448347058107,5.1,low
19,5,5,1,0,0,park,New York,snow,0.7512925654753433,60.411374751805376,31.95,low
11,0,12,0,0,0,tourist_spot,Tokyo,clear,26.763266179501382,69.34445810413972,66.54,high
13,4,7,0,0,1,park,Sydney,snow,2.510737601214812,74.42143337620789,38.72,medium
16,0,11,0,0,0,museum,Rome,clear,15.286069410880035,60.42299655001395,21.52,low
20,6,3,1,0,0,tourist_spot,Paris,clear,8.79852635441296,46.99604569568196,48.57,medium
4,5,4,1,0,0,restaurant,Sydney,snow,29.487947256795334,71.23778286243129,25.55,low
8,3,11,0,0,1,museum,Singapore,rain,17.29678363022281,26.02458772499773,47.77,medium
11,4,4,0,0,1,museum,Istanbul,clear,18.930085764407213,38.781599316198026,55.23,medium
9,6,6,1,0,0,transport_hub,Barcelona,clear,17.11576906471761,56.23946261529921,65.99,high
13,2,2,0,0,0,beach,Singapore,clear,6.372879087442347,82.06892626930582,35.62,medium
7,4,7,0,0,0,park,Sydney,rain,38.02720863672815,64.39025062819044,1.28,low
3,5,6,1,0,0,transport_hub,New York,clouds,24.886384452961906,60.10521521161196,0.52,low
13,2,7,0,0,0,shopping_mall,Rome,clear,27.11481171138075,27.669358237038175,46.91,medium
1,1,12,0,0,0,transport_hub,Sydney,rain,27.52295090714817,67.10375659815399,5.1,low
18,6,2,1,0,0,tourist_spot,Tokyo,clouds,16.200185357808262,29.678937342480637,51.32,medium
6,3,6,0,0,0,beach,Tokyo,fog,5.948875057004739,56.81668871481112,17.03,low
1,6,11,1,0,0,museum,Bangkok,clouds,29.408974842360816,49.86628490589738,24.97,low
14,6,9,1,0,0,tourist_spot,London,rain,35.39993252839975,66.70610862166185,53.43,medium
3,1,11,0,0,0,beach,Singapore,clear,16.53400753488345,93.69226249263096,3.2,low
11,0,2,0,0,0,beach,Istanbul,clear,14.389805270275264,93.56130212269285,13.46,low
16,4,1,0,0,0,shopping_mall,London,clear,7.111556627221987,85.48188251028272,29.93,low
1,2,1,0,0,0,tourist_spot,Bangkok,clear,22.36598455928464,89.85863249548893,9.74,low
20,4,7,0,0,0,shopping_mall,Tokyo,fog,25.439971950286193,41.56309013741135,37.09,medium
1,6,5,1,1,0,tourist_spot,Amsterdam,snow,11.714923535369088,41.53972088860435,31.62,low
22,6,9,1,0,0,restaurant,Paris,rain,9.005804270971662,80.89465076840305,32.65,low
22,5,10,1,0,0,beach,Paris,fog,38.06921679637312,57.23742732084401,30.76,low
12,2,2,0,0,0,park,Sydney,clouds,24.952751635552104,20.398609387480445,17.54,low
14,0,10,0,0,0,tourist_spot,Amsterdam,rain,32.8574127681795,24.32638205372057,34.39,low
0,3,4,0,0,1,market,Singapore,fog,17.018113512660662,47.62462950139243,23.85,low
0,1,7,0,0,0,tourist_spot,Barcelona,clear,4.730736581988095,66.73879773100042,1.61,low
15,4,12,0,0,0,transport_hub,Rome,fog,0.009507698398603104,41.206219036103946,41.08,medium
9,4,5,0,0,0,tourist_spot,Bangkok,clouds,31.362284124692867,53.330917449926865,55.5,medium
10,0,12,0,1,0,restaurant,New York,clouds,14.429136834432512,43.970215679450945,48.24,medium
1,5,1,1,0,0,museum,London,rain,3.6748417618797014,52.828548859539104,27.61,low
15,2,6,0,0,0,transport_hub,Paris,clear,34.6181296176797,75.96304481381216,66.23,high
16,2,5,0,0,0,park,Tokyo,rain,32.86872753187814,27.63713929458084,13.89,low
22,6,1,1,0,0,tourist_spot,Singapore,clear,29.39905642790066,48.02613548994743,14.43,low
13,1,12,0,0,0,restaurant,London,clouds,28.00629574804524,30.904943077598073,19.31,low
17,4,1,0,0,0,park,Singapore,snow,8.12259258092709,62.5513293234667,1.54,low
21,5,6,1,0,1,transport_hub,New York,fog,14.678701881401569,34.902112676650844,52.58,medium
14,2,2,0,0,0,museum,New York,clear,8.207326713128076,83.39886279613367,44.99,medium
2,5,9,1,0,0,market,Amsterdam,clear,35.74346167750771,49.20283986922492,15.01,low
6,5,10,1,0,0,beach,Rome,snow,27.7336717232939,26.30285627643799,25.68,low
23,3,11,0,0,0,transport_hub,Istanbul,rain,16.828516290164984,77.04722299278197,0.0,low
1,3,1,0,0,0,transport_hub,Tokyo,snow,31.59094531926138,89.68150975859922,0.0,low
17,3,4,0,0,0,shopping_mall,Sydney,snow,31.242228218396008,37.98900867387519,45.35,medium
1,1,11,0,1,0,market,London,clouds,8.407644105159072,80.97024542578598,13.34,low
16,6,12,1,0,1,restaurant,Tokyo,snow,1.0837875636167293,74.47116943842195,69.33,high
4,0,11,0,0,0,shopping_mall,Paris,clear,9.806355170840844,82.62813799806096,6.27,low
12,2,3,0,0,0,beach,Dubai,clear,26.092686698684666,49.152374366013916,43.01,medium
14,1,6,0,0,0,transport_hub,Singapore,fog,17.064821482460868,50.999468920826295,55.23,medium
11,6,1,1,0,0,restaurant,Singapore,clear,30.985175229865618,93.20759983421999,40.15,medium
6,1,5,0,0,0,restaurant,Paris,clear,31.885695753446363,63.559175846357334,9.14,low
9,3,6,0,1,0,shopping_mall,Singapore,snow,20.945522991536933,89.16439685756725,89.14,high
3,6,5,1,0,0,tourist_spot,Sydney,snow,16.150600451348488,59.5551280683863,0.0,low
5,0,12,0,0,0,museum,Bangkok,fog,0.5508650476937094,78.12757921454397,10.42,low
16,0,2,0,0,0,museum,New York,clear,34.62349419696048,47.71140123076267,29.47,low
21,2,7,0,0,0,park,Bangkok,clear,31.049690268957196,70.82114494382597,18.93,low
4,0,9,0,0,0,market,Amsterdam,fog,18.25362592738983,65.33781843792596,0.0,low
6,6,1,1,0,0,museum,Paris,fog,22.350586570763745,20.32884364079769,21.21,low
11,4,7,0,0,0,park,Rome,snow,1.7810427976020948,81.49442203249967,21.89,low
17,3,10,0,0,0,restaurant,London,rain,36.717510131612684,54.34021132960137,53.7,medium
4,3,10,0,0,0,beach,Paris,clouds,39.83299657832213,71.58072115642153,7.86,low
22,3,3,0,0,0,beach,Istanbul,rain,36.87600005864168,65.43803942434994,0.0,low
